review_id,destination_id,hotel_id,rating,sentiment,review,review_date
1,77,223,3.5,Neutral,It was okay.,2024-07-14
2,173,132,4.5,Positive,Excellent service!,2024-03-14
3,170,245,4.2,Positive,Highly recommended.,2023-01-31
4,82,66,3.7,Neutral,Could be better.,2023-02-28
5,124,349,5.0,Positive,Beautiful place.,2023-07-15
6,142,43,4.7,Positive,Loved the stay.,2024-12-26
7,143,59,3.8,Neutral,Could be better.,2023-06-28
8,58,270,4.6,Positive,Loved the stay.,2024-01-12
9,186,415,4.2,Positive,Loved the stay.,2024-02-01
10,134,183,4.4,Positive,Excellent service!,2023-04-07
11,134,479,2.7,Negative,Very disappointed.,2024-03-06
12,71,339,3.6,Neutral,Could be better.,2024-07-09
13,24,390,3.6,Neutral,Average experience.,2023-07-09
14,39,490,3.5,Neutral,Average experience.,2023-08-13
15,29,427,3.9,Neutral,Could be better.,2023-12-14
16,158,274,4.0,Positive,Beautiful place.,2024-06-06
17,46,305,4.1,Positive,Great experience!,2024-01-03
18,181,393,4.2,Positive,Loved the stay.,2023-03-13
19,163,308,4.2,Positive,Great experience!,2024-01-15
20,153,65,3.7,Neutral,Decent place.,2023-12-31
21,198,412,3.3,Neutral,Average experience.,2023-07-05
22,1,14,3.9,Neutral,It was okay.,2024-12-26
23,155,261,4.5,Positive,Excellent service!,2023-11-19
24,39,490,4.4,Positive,Excellent service!,2023-08-16
25,91,158,4.1,Positive,Loved the stay.,2024-05-09
26,184,381,2.9,Negative,Bad service.,2023-12-21
27,80,193,3.1,Neutral,It was okay.,2024-06-16
28,47,167,3.5,Neutral,Decent place.,2023-04-09
29,176,356,3.6,Neutral,Average experience.,2024-03-09
30,174,26,5.0,Positive,Great experience!,2024-03-22
31,52,11,4.3,Positive,Beautiful place.,2024-04-29
32,81,365,3.9,Neutral,Average experience.,2023-03-07
33,112,333,4.4,Positive,Beautiful place.,2023-05-19
34,193,355,3.6,Neutral,Decent place.,2024-08-05
35,190,79,3.4,Neutral,Average experience.,2023-01-31
36,7,68,4.0,Positive,Loved the stay.,2024-08-03
37,88,103,4.0,Positive,Highly recommended.,2024-02-10
38,118,352,4.7,Positive,Highly recommended.,2024-03-25
39,127,254,3.6,Neutral,Average experience.,2023-07-22
40,76,271,3.0,Neutral,Could be better.,2024-07-10
41,123,4,3.0,Neutral,Decent place.,2024-07-17
42,138,341,4.2,Positive,Loved the stay.,2024-12-30
43,133,125,3.6,Neutral,It was okay.,2024-05-04
44,60,414,4.9,Positive,Great experience!,2023-05-29
45,177,475,4.8,Positive,Beautiful place.,2023-03-21
46,114,484,4.2,Positive,Great experience!,2024-12-03
47,78,32,4.3,Positive,Excellent service!,2023-06-10
48,98,384,5.0,Positive,Great experience!,2024-03-04
49,46,399,3.5,Neutral,Decent place.,2024-05-26
50,28,206,5.0,Positive,Great experience!,2023-08-25
51,48,56,4.2,Positive,Highly recommended.,2023-07-11
52,143,59,4.0,Positive,Great experience!,2023-06-03
53,76,232,4.6,Positive,Loved the stay.,2023-11-21
54,14,284,4.8,Positive,Beautiful place.,2023-11-20
55,99,433,4.1,Positive,Beautiful place.,2024-01-13
56,163,308,3.7,Neutral,Could be better.,2024-12-01
57,144,264,5.0,Positive,Loved the stay.,2023-10-14
58,167,362,3.8,Neutral,Average experience.,2024-12-29
59,38,465,4.4,Positive,Excellent service!,2024-01-30
60,82,173,4.6,Positive,Great experience!,2024-09-18
61,177,475,4.5,Positive,Loved the stay.,2024-05-12
62,138,87,3.5,Neutral,Decent place.,2023-12-25
63,36,311,4.1,Positive,Excellent service!,2023-07-21
64,158,165,3.8,Neutral,It was okay.,2023-06-30
65,152,81,4.5,Positive,Beautiful place.,2024-01-10
66,149,37,3.5,Neutral,It was okay.,2023-12-05
67,110,107,3.8,Neutral,Decent place.,2024-12-29
68,8,55,3.1,Neutral,Average experience.,2023-05-25
69,184,12,3.5,Neutral,It was okay.,2024-12-14
70,111,175,3.0,Neutral,Average experience.,2023-07-19
71,138,341,5.0,Positive,Loved the stay.,2024-01-25
72,80,386,4.3,Positive,Loved the stay.,2024-09-27
73,65,106,3.6,Neutral,Decent place.,2023-04-04
74,93,312,4.0,Positive,Beautiful place.,2024-05-01
75,16,147,3.8,Neutral,It was okay.,2024-12-05
76,81,236,4.5,Positive,Highly recommended.,2023-07-21
77,115,249,3.9,Neutral,Could be better.,2023-02-11
78,63,22,3.5,Neutral,Decent place.,2023-06-21
79,137,157,5.0,Positive,Excellent service!,2024-06-17
80,165,286,3.8,Neutral,Could be better.,2024-04-13
81,128,231,5.0,Positive,Great experience!,2024-02-11
82,33,166,4.6,Positive,Loved the stay.,2023-03-03
83,116,395,3.3,Neutral,Decent place.,2023-08-28
84,7,115,4.1,Positive,Great experience!,2024-11-19
85,97,248,4.6,Positive,Excellent service!,2023-12-23
86,191,444,3.0,Neutral,Could be better.,2025-01-17
87,179,144,4.7,Positive,Loved the stay.,2023-03-04
88,16,147,3.9,Neutral,It was okay.,2024-01-08
89,133,125,3.7,Neutral,Average experience.,2024-04-18
90,7,68,3.9,Neutral,It was okay.,2023-10-10
91,72,464,4.0,Positive,Excellent service!,2023-10-22
92,15,197,4.4,Positive,Highly recommended.,2024-05-20
93,3,374,3.7,Neutral,It was okay.,2023-06-25
94,95,110,4.7,Positive,Beautiful place.,2024-06-10
95,33,166,4.9,Positive,Great experience!,2023-06-05
96,136,156,3.5,Neutral,Average experience.,2024-03-21
97,110,107,3.7,Neutral,Could be better.,2023-11-25
98,44,48,3.9,Neutral,Average experience.,2024-06-23
99,14,284,4.8,Positive,Beautiful place.,2023-03-17
100,99,53,4.6,Positive,Highly recommended.,2023-06-23
101,110,450,4.1,Positive,Beautiful place.,2023-02-26
102,84,500,3.1,Neutral,Could be better.,2024-08-29
103,128,152,4.1,Positive,Highly recommended.,2023-07-22
104,174,73,3.8,Neutral,Could be better.,2024-06-23
105,192,346,3.0,Neutral,Decent place.,2024-12-19
106,35,411,3.0,Neutral,Decent place.,2023-04-07
107,39,490,3.7,Neutral,Could be better.,2024-07-03
108,157,328,3.1,Neutral,Could be better.,2023-03-18
109,140,180,4.7,Positive,Great experience!,2023-03-13
110,117,8,4.4,Positive,Beautiful place.,2024-08-06
111,137,434,4.7,Positive,Great experience!,2024-06-01
112,124,349,4.7,Positive,Beautiful place.,2023-12-23
113,188,126,3.6,Neutral,Average experience.,2023-03-17
114,31,6,5.0,Positive,Great experience!,2024-01-27
115,80,487,3.1,Neutral,Could be better.,2024-03-10
116,62,21,3.4,Neutral,It was okay.,2023-07-27
117,91,436,4.9,Positive,Excellent service!,2024-01-14
118,151,199,3.9,Neutral,Average experience.,2024-07-22
119,43,90,4.2,Positive,Loved the stay.,2023-11-11
120,170,304,5.0,Positive,Beautiful place.,2024-01-04
121,85,168,3.3,Neutral,Could be better.,2023-07-08
122,190,195,4.7,Positive,Beautiful place.,2023-08-23
123,77,207,4.4,Positive,Highly recommended.,2024-08-14
124,136,277,4.4,Positive,Loved the stay.,2023-02-17
125,124,349,4.4,Positive,Excellent service!,2024-04-10
126,90,96,5.0,Positive,Excellent service!,2024-06-17
127,23,94,4.7,Positive,Excellent service!,2024-10-30
128,76,232,4.7,Positive,Loved the stay.,2023-07-28
129,111,150,4.2,Positive,Great experience!,2024-09-25
130,154,259,3.7,Neutral,It was okay.,2023-09-06
131,172,182,4.0,Positive,Highly recommended.,2024-06-05
132,28,466,4.2,Positive,Beautiful place.,2023-04-08
133,176,269,3.9,Neutral,Could be better.,2024-02-17
134,195,306,3.5,Neutral,Decent place.,2024-11-09
135,159,45,4.4,Positive,Highly recommended.,2024-08-16
136,134,479,4.0,Positive,Great experience!,2024-02-01
137,36,311,3.6,Neutral,Decent place.,2024-05-08
138,36,23,4.5,Positive,Loved the stay.,2023-07-01
139,82,141,3.0,Neutral,Could be better.,2025-01-16
140,38,465,3.8,Neutral,Could be better.,2023-01-30
141,71,191,4.2,Positive,Great experience!,2024-11-12
142,192,346,4.0,Positive,Beautiful place.,2024-12-28
143,160,426,4.2,Positive,Great experience!,2023-05-13
144,104,276,4.1,Positive,Beautiful place.,2023-06-27
145,160,318,4.0,Positive,Loved the stay.,2023-10-11
146,112,388,4.1,Positive,Highly recommended.,2023-10-21
147,126,219,3.9,Neutral,Average experience.,2023-05-20
148,188,303,2.8,Negative,Not recommended at all.,2024-07-08
149,102,330,4.6,Positive,Great experience!,2024-10-22
150,86,64,4.3,Positive,Great experience!,2023-03-19
151,36,23,4.4,Positive,Great experience!,2024-07-30
152,191,444,3.9,Neutral,Decent place.,2024-06-25
153,200,234,4.1,Positive,Highly recommended.,2024-08-18
154,176,269,3.9,Neutral,It was okay.,2023-04-04
155,141,174,4.7,Positive,Loved the stay.,2023-10-27
156,91,84,4.4,Positive,Highly recommended.,2024-03-26
157,117,8,4.8,Positive,Loved the stay.,2023-03-01
158,196,448,4.6,Positive,Beautiful place.,2023-09-07
159,89,425,3.0,Neutral,Could be better.,2024-02-22
160,40,478,4.6,Positive,Great experience!,2024-10-19
161,110,450,3.9,Neutral,It was okay.,2024-06-22
162,77,223,3.1,Neutral,It was okay.,2024-08-06
163,71,98,4.4,Positive,Beautiful place.,2023-07-31
164,130,407,4.3,Positive,Loved the stay.,2023-07-19
165,97,459,4.3,Positive,Great experience!,2023-07-13
166,192,366,4.5,Positive,Excellent service!,2023-10-13
167,3,246,4.7,Positive,Loved the stay.,2023-07-30
168,169,400,3.2,Neutral,Could be better.,2023-02-08
169,16,402,4.0,Positive,Loved the stay.,2023-03-02
170,24,138,4.0,Positive,Beautiful place.,2023-06-29
171,182,263,4.5,Positive,Great experience!,2023-06-08
172,88,103,4.7,Positive,Beautiful place.,2024-02-13
173,58,28,5.0,Positive,Excellent service!,2023-01-16
174,135,351,3.8,Neutral,Could be better.,2023-06-14
175,68,181,3.7,Neutral,It was okay.,2023-08-13
176,137,321,3.7,Neutral,It was okay.,2023-07-20
177,102,288,2.9,Negative,Bad service.,2023-03-11
178,19,117,4.0,Positive,Highly recommended.,2023-07-01
179,166,455,4.8,Positive,Beautiful place.,2023-10-18
180,139,440,4.5,Positive,Great experience!,2023-06-21
181,91,480,3.1,Neutral,It was okay.,2023-06-18
182,124,242,2.8,Negative,Bad service.,2024-03-29
183,125,295,4.0,Positive,Excellent service!,2024-07-09
184,35,379,4.1,Positive,Excellent service!,2024-04-11
185,102,330,4.6,Positive,Highly recommended.,2024-12-03
186,27,137,2.6,Negative,Terrible experience.,2023-06-16
187,152,81,5.0,Positive,Highly recommended.,2024-07-04
188,28,72,3.8,Neutral,It was okay.,2024-01-11
189,96,42,4.2,Positive,Excellent service!,2023-05-04
190,155,261,3.8,Neutral,Average experience.,2024-11-25
191,36,300,3.8,Neutral,Decent place.,2024-10-31
192,106,25,4.4,Positive,Great experience!,2024-11-03
193,81,218,4.1,Positive,Highly recommended.,2024-06-09
194,19,215,4.0,Positive,Excellent service!,2024-03-07
195,71,191,3.8,Neutral,Average experience.,2025-01-16
196,154,259,3.6,Neutral,Decent place.,2023-03-16
197,4,265,4.0,Positive,Loved the stay.,2023-06-05
198,35,411,3.2,Neutral,Average experience.,2024-06-07
199,7,115,4.3,Positive,Great experience!,2023-05-20
200,196,445,3.5,Neutral,It was okay.,2024-05-20
201,58,28,5.0,Positive,Excellent service!,2023-01-29
202,60,54,4.8,Positive,Loved the stay.,2025-01-16
203,182,169,4.0,Positive,Beautiful place.,2023-12-17
204,74,120,3.7,Neutral,Could be better.,2023-08-17
205,37,86,3.1,Neutral,It was okay.,2023-07-11
206,120,496,4.3,Positive,Excellent service!,2024-11-06
207,7,68,3.1,Neutral,Average experience.,2024-12-03
208,87,421,4.3,Positive,Excellent service!,2023-08-19
209,40,369,3.7,Neutral,Decent place.,2024-11-09
210,91,436,4.7,Positive,Great experience!,2024-01-28
211,58,131,3.8,Neutral,Could be better.,2023-02-02
212,179,144,5.0,Positive,Loved the stay.,2023-11-07
213,8,55,3.7,Neutral,Could be better.,2023-06-26
214,137,495,3.9,Neutral,It was okay.,2024-03-06
215,68,181,4.9,Positive,Beautiful place.,2023-10-01
216,16,147,4.0,Positive,Great experience!,2023-11-03
217,101,99,3.3,Neutral,It was okay.,2023-03-28
218,46,372,4.4,Positive,Great experience!,2024-09-20
219,36,300,3.4,Neutral,Average experience.,2023-08-28
220,144,264,4.4,Positive,Beautiful place.,2024-07-13
221,39,419,4.6,Positive,Highly recommended.,2024-05-08
222,82,78,3.1,Neutral,It was okay.,2023-08-20
223,108,118,3.9,Neutral,Decent place.,2023-07-31
224,101,438,3.9,Neutral,It was okay.,2025-01-15
225,138,87,3.6,Neutral,Decent place.,2024-02-01
226,35,379,3.5,Neutral,Decent place.,2023-07-15
227,78,32,5.0,Positive,Beautiful place.,2023-07-20
228,47,167,3.9,Neutral,Could be better.,2024-07-11
229,46,399,3.4,Neutral,It was okay.,2023-10-08
230,76,214,4.5,Positive,Excellent service!,2023-11-04
231,90,491,4.4,Positive,Loved the stay.,2023-07-07
232,179,44,3.1,Neutral,It was okay.,2024-01-08
233,81,365,3.2,Neutral,Average experience.,2024-09-01
234,59,323,5.0,Positive,Excellent service!,2024-06-22
235,185,316,4.0,Positive,Great experience!,2024-06-06
236,3,246,3.9,Neutral,Could be better.,2023-02-24
237,195,189,4.1,Positive,Great experience!,2024-03-01
238,127,160,2.9,Negative,Not recommended at all.,2023-05-26
239,171,9,4.7,Positive,Highly recommended.,2024-02-18
240,94,309,3.5,Neutral,Could be better.,2025-01-01
241,90,96,4.3,Positive,Excellent service!,2024-12-29
242,173,19,3.6,Neutral,Average experience.,2023-02-04
243,50,1,4.6,Positive,Beautiful place.,2023-03-28
244,142,43,4.3,Positive,Loved the stay.,2024-09-14
245,101,438,5.0,Positive,Highly recommended.,2024-01-15
246,96,290,3.3,Neutral,It was okay.,2023-07-02
247,46,399,3.1,Neutral,It was okay.,2024-11-11
248,46,305,3.5,Neutral,Average experience.,2023-03-14
249,81,236,4.3,Positive,Great experience!,2023-08-14
250,166,201,4.2,Positive,Highly recommended.,2025-01-01
251,172,83,4.2,Positive,Beautiful place.,2023-06-06
252,137,495,2.9,Negative,Not recommended at all.,2025-01-09
253,4,401,4.8,Positive,Loved the stay.,2025-01-21
254,28,72,3.5,Neutral,Average experience.,2023-12-17
255,147,467,3.4,Neutral,It was okay.,2024-06-01
256,112,388,3.8,Neutral,Could be better.,2024-02-17
257,114,228,3.3,Neutral,Decent place.,2023-02-14
258,137,434,4.4,Positive,Highly recommended.,2024-06-23
259,83,380,4.2,Positive,Loved the stay.,2024-11-26
260,115,10,4.1,Positive,Loved the stay.,2023-06-04
261,137,321,3.8,Neutral,Average experience.,2023-08-02
262,174,73,4.0,Positive,Beautiful place.,2023-02-05
263,122,179,4.1,Positive,Excellent service!,2024-10-11
264,83,394,3.8,Neutral,Average experience.,2024-06-16
265,27,137,3.8,Neutral,Decent place.,2023-08-09
266,196,445,4.2,Positive,Beautiful place.,2024-05-13
267,153,291,4.5,Positive,Great experience!,2024-05-19
268,133,244,3.5,Neutral,Decent place.,2024-11-28
269,117,8,3.9,Neutral,Decent place.,2023-12-19
270,156,409,3.7,Neutral,Decent place.,2023-03-21
271,50,293,4.4,Positive,Loved the stay.,2023-07-15
272,133,108,4.3,Positive,Excellent service!,2023-11-12
273,95,30,3.2,Neutral,It was okay.,2023-05-26
274,110,450,3.3,Neutral,It was okay.,2024-12-20
275,158,278,3.2,Neutral,Average experience.,2023-06-12
276,158,121,4.4,Positive,Highly recommended.,2024-10-16
277,78,5,3.2,Neutral,Could be better.,2024-06-23
278,184,12,3.0,Neutral,Could be better.,2023-09-16
279,108,118,4.4,Positive,Excellent service!,2023-07-13
280,144,268,3.3,Neutral,Average experience.,2023-02-21
281,3,202,3.2,Neutral,Could be better.,2023-11-24
282,155,261,4.0,Positive,Excellent service!,2024-12-05
283,183,154,4.2,Positive,Beautiful place.,2024-01-14
284,177,192,5.0,Positive,Excellent service!,2023-07-23
285,96,290,3.2,Neutral,It was okay.,2023-06-12
286,36,300,4.5,Positive,Great experience!,2023-07-23
287,131,280,3.5,Neutral,It was okay.,2024-10-14
288,135,275,4.3,Positive,Great experience!,2024-06-14
289,200,91,3.5,Neutral,Average experience.,2024-06-08
290,65,106,4.2,Positive,Beautiful place.,2023-05-18
291,35,411,3.5,Neutral,It was okay.,2023-06-03
292,194,221,4.2,Positive,Highly recommended.,2023-06-18
293,5,51,5.0,Positive,Highly recommended.,2023-12-20
294,153,416,3.8,Neutral,Could be better.,2023-05-10
295,52,11,4.3,Positive,Loved the stay.,2023-09-28
296,3,229,4.0,Positive,Beautiful place.,2024-05-21
297,19,215,5.0,Positive,Loved the stay.,2023-01-19
298,71,191,3.3,Neutral,Could be better.,2024-06-09
299,76,232,4.8,Positive,Loved the stay.,2023-11-22
300,42,332,5.0,Positive,Highly recommended.,2024-01-07
301,83,489,4.7,Positive,Excellent service!,2023-12-14
302,88,428,2.8,Negative,Not recommended at all.,2024-06-13
303,123,220,3.4,Neutral,Decent place.,2024-06-11
304,3,202,3.7,Neutral,Average experience.,2023-06-16
305,174,486,4.7,Positive,Great experience!,2023-11-13
306,100,285,3.9,Neutral,Average experience.,2023-02-04
307,118,46,3.9,Neutral,Could be better.,2024-06-14
308,55,429,4.5,Positive,Beautiful place.,2024-07-18
309,42,460,3.1,Neutral,Could be better.,2023-04-04
310,137,495,4.0,Positive,Highly recommended.,2023-06-08
311,83,468,4.6,Positive,Excellent service!,2023-11-29
312,79,58,3.7,Neutral,It was okay.,2024-08-06
313,190,195,4.0,Positive,Highly recommended.,2024-05-26
314,173,256,3.9,Neutral,Could be better.,2023-03-13
315,144,268,3.7,Neutral,It was okay.,2024-12-13
316,49,176,3.2,Neutral,It was okay.,2023-05-30
317,100,453,4.4,Positive,Loved the stay.,2024-06-16
318,14,216,4.3,Positive,Great experience!,2024-08-31
319,46,399,2.8,Negative,Bad service.,2024-08-04
320,112,298,3.5,Neutral,It was okay.,2024-06-02
321,133,108,4.4,Positive,Great experience!,2023-03-24
322,46,399,2.8,Negative,Not recommended at all.,2023-07-03
323,104,100,3.4,Neutral,Could be better.,2024-06-10
324,71,339,4.4,Positive,Great experience!,2023-05-18
325,39,419,4.9,Positive,Highly recommended.,2023-05-17
326,138,122,4.0,Positive,Excellent service!,2023-12-26
327,94,92,4.5,Positive,Highly recommended.,2024-01-26
328,108,364,3.0,Neutral,Could be better.,2024-07-19
329,82,27,4.1,Positive,Excellent service!,2025-01-14
330,179,430,3.4,Neutral,Decent place.,2024-06-28
331,165,40,3.1,Neutral,It was okay.,2023-07-11
332,174,241,4.3,Positive,Beautiful place.,2023-11-01
333,7,115,4.7,Positive,Loved the stay.,2023-05-22
334,31,6,5.0,Positive,Loved the stay.,2024-05-07
335,80,382,4.9,Positive,Excellent service!,2024-05-30
336,135,161,3.6,Neutral,Could be better.,2023-06-22
337,108,118,4.9,Positive,Excellent service!,2023-06-24
338,39,490,3.3,Neutral,Could be better.,2024-06-03
339,163,308,4.2,Positive,Great experience!,2024-02-02
340,37,86,3.3,Neutral,Decent place.,2024-06-18
341,196,41,3.3,Neutral,It was okay.,2024-08-31
342,68,181,4.9,Positive,Loved the stay.,2024-02-23
343,38,357,2.7,Negative,Not recommended at all.,2023-08-18
344,71,339,3.5,Neutral,Decent place.,2024-07-20
345,91,213,4.5,Positive,Loved the stay.,2023-03-07
346,101,438,4.2,Positive,Great experience!,2024-12-23
347,74,120,3.1,Neutral,Could be better.,2023-12-23
348,102,330,3.7,Neutral,Average experience.,2024-11-20
349,148,82,3.7,Neutral,Could be better.,2024-08-16
350,26,35,3.9,Neutral,Average experience.,2024-06-06
351,50,293,4.5,Positive,Highly recommended.,2024-05-08
352,25,404,3.6,Neutral,Decent place.,2023-07-18
353,185,63,2.8,Negative,Very disappointed.,2023-01-23
354,173,19,3.4,Neutral,Decent place.,2024-08-18
355,40,413,3.6,Neutral,It was okay.,2024-04-03
356,5,225,3.8,Neutral,Average experience.,2024-01-17
357,93,312,4.3,Positive,Beautiful place.,2024-01-08
358,71,339,4.2,Positive,Great experience!,2023-06-06
359,50,473,3.4,Neutral,It was okay.,2024-07-10
360,118,352,4.9,Positive,Excellent service!,2024-01-22
361,166,201,4.4,Positive,Great experience!,2024-12-31
362,136,49,3.8,Neutral,Could be better.,2023-12-02
363,80,382,3.9,Neutral,Average experience.,2024-12-21
364,148,324,4.3,Positive,Excellent service!,2023-03-07
365,156,409,4.7,Positive,Excellent service!,2024-10-26
366,181,393,2.9,Negative,Not recommended at all.,2025-01-10
367,130,407,4.1,Positive,Loved the stay.,2023-04-26
368,101,18,4.1,Positive,Highly recommended.,2024-12-23
369,155,261,4.8,Positive,Beautiful place.,2023-05-06
370,63,33,3.4,Neutral,Could be better.,2023-11-21
371,135,161,3.5,Neutral,Decent place.,2024-06-15
372,47,167,4.1,Positive,Excellent service!,2024-08-07
373,71,20,4.9,Positive,Great experience!,2024-02-05
374,183,203,3.3,Neutral,Decent place.,2023-06-02
375,48,151,3.8,Neutral,It was okay.,2024-06-26
376,154,325,5.0,Positive,Highly recommended.,2023-05-16
377,97,459,4.6,Positive,Loved the stay.,2023-06-28
378,47,167,4.2,Positive,Highly recommended.,2023-11-22
379,188,126,4.5,Positive,Great experience!,2023-12-07
380,95,30,4.2,Positive,Loved the stay.,2024-12-03
381,170,245,4.2,Positive,Beautiful place.,2024-09-11
382,167,172,5.0,Positive,Beautiful place.,2024-12-16
383,26,331,3.5,Neutral,Average experience.,2024-07-09
384,104,310,3.9,Neutral,Average experience.,2024-05-04
385,100,285,3.3,Neutral,It was okay.,2024-02-01
386,82,66,5.0,Positive,Excellent service!,2024-04-02
387,199,422,3.7,Neutral,Average experience.,2023-04-26
388,39,419,4.6,Positive,Excellent service!,2024-05-08
389,151,463,4.6,Positive,Excellent service!,2024-02-19
390,91,436,4.7,Positive,Highly recommended.,2023-12-26
391,101,177,3.0,Neutral,Average experience.,2024-01-17
392,46,305,3.4,Neutral,It was okay.,2023-04-25
393,3,229,4.0,Positive,Highly recommended.,2023-08-24
394,137,321,4.1,Positive,Great experience!,2023-08-11
395,40,478,3.6,Neutral,Decent place.,2023-04-18
396,133,244,4.7,Positive,Excellent service!,2024-09-30
397,42,460,4.0,Positive,Highly recommended.,2023-03-30
398,59,323,3.8,Neutral,It was okay.,2024-07-16
399,71,191,3.3,Neutral,Decent place.,2024-10-30
400,107,474,4.7,Positive,Beautiful place.,2023-05-19
401,171,9,4.6,Positive,Excellent service!,2023-11-17
402,136,277,4.1,Positive,Excellent service!,2023-02-20
403,8,55,3.6,Neutral,It was okay.,2024-07-10
404,188,164,3.6,Neutral,It was okay.,2024-06-12
405,198,412,4.0,Positive,Excellent service!,2023-06-15
406,172,182,4.1,Positive,Highly recommended.,2024-02-08
407,60,54,5.0,Positive,Excellent service!,2024-01-26
408,81,236,4.0,Positive,Excellent service!,2023-01-08
409,162,494,4.1,Positive,Beautiful place.,2023-03-13
410,165,153,4.6,Positive,Highly recommended.,2023-07-19
411,137,321,3.5,Neutral,Could be better.,2023-07-31
412,13,493,3.2,Neutral,Average experience.,2023-06-24
413,21,363,2.9,Negative,Bad service.,2023-02-05
414,130,198,3.3,Neutral,Average experience.,2024-06-03
415,82,66,5.0,Positive,Highly recommended.,2024-09-17
416,82,27,4.1,Positive,Excellent service!,2024-12-22
417,166,201,3.5,Neutral,Could be better.,2024-05-28
418,174,26,4.0,Positive,Highly recommended.,2023-10-03
419,133,108,3.9,Neutral,It was okay.,2023-11-08
420,28,327,4.1,Positive,Excellent service!,2023-06-10
421,136,49,4.5,Positive,Highly recommended.,2024-01-29
422,82,27,3.8,Neutral,It was okay.,2023-02-19
423,37,111,3.0,Neutral,Average experience.,2023-07-03
424,108,118,4.5,Positive,Great experience!,2023-07-15
425,74,471,4.1,Positive,Loved the stay.,2023-09-05
426,76,289,4.0,Positive,Beautiful place.,2024-02-11
427,46,305,3.4,Neutral,Could be better.,2024-01-09
428,26,331,3.6,Neutral,Could be better.,2023-11-03
429,122,252,4.5,Positive,Excellent service!,2024-09-05
430,123,220,4.4,Positive,Loved the stay.,2024-08-22
431,82,173,5.0,Positive,Great experience!,2024-05-20
432,200,258,5.0,Positive,Loved the stay.,2023-12-21
433,53,347,4.1,Positive,Excellent service!,2023-05-05
434,177,7,3.4,Neutral,It was okay.,2023-06-21
435,180,188,4.1,Positive,Loved the stay.,2024-01-24
436,83,380,4.5,Positive,Great experience!,2024-10-19
437,116,395,3.7,Neutral,It was okay.,2024-02-22
438,92,299,4.8,Positive,Great experience!,2023-07-18
439,91,84,4.4,Positive,Great experience!,2023-04-22
440,8,55,3.9,Neutral,Average experience.,2024-03-06
441,159,45,3.5,Neutral,Could be better.,2023-10-29
442,144,89,4.1,Positive,Loved the stay.,2024-02-21
443,188,396,4.8,Positive,Beautiful place.,2023-03-12
444,137,321,4.1,Positive,Loved the stay.,2023-05-25
445,16,147,4.2,Positive,Loved the stay.,2024-08-22
446,3,374,3.7,Neutral,Decent place.,2024-07-24
447,1,14,4.2,Positive,Beautiful place.,2024-01-03
448,71,114,3.7,Neutral,Could be better.,2024-09-14
449,194,342,4.4,Positive,Highly recommended.,2024-11-23
450,36,113,3.2,Neutral,Average experience.,2023-07-24
451,27,93,4.6,Positive,Great experience!,2023-06-01
452,147,467,4.3,Positive,Great experience!,2024-11-03
453,90,170,4.6,Positive,Highly recommended.,2023-09-09
454,97,248,4.0,Positive,Great experience!,2025-01-05
455,77,52,3.5,Neutral,It was okay.,2023-08-07
456,28,466,4.6,Positive,Highly recommended.,2024-05-02
457,14,216,3.6,Neutral,Could be better.,2024-06-19
458,199,194,3.1,Neutral,Decent place.,2024-05-26
459,5,51,3.9,Neutral,Decent place.,2023-12-13
460,50,1,4.7,Positive,Loved the stay.,2023-07-20
461,51,385,4.3,Positive,Loved the stay.,2024-08-23
462,173,132,5.0,Positive,Beautiful place.,2024-02-23
463,139,440,4.4,Positive,Excellent service!,2023-06-14
464,137,321,3.0,Neutral,Could be better.,2024-05-28
465,97,459,4.3,Positive,Great experience!,2024-05-27
466,96,290,2.9,Negative,Very disappointed.,2023-04-15
467,15,383,4.1,Positive,Loved the stay.,2023-07-23
468,145,442,4.5,Positive,Highly recommended.,2024-12-25
469,83,380,4.8,Positive,Excellent service!,2024-04-13
470,63,33,4.2,Positive,Excellent service!,2023-04-04
471,183,184,3.8,Neutral,It was okay.,2024-10-12
472,162,95,5.0,Positive,Excellent service!,2024-02-25
473,71,337,4.0,Positive,Great experience!,2023-04-18
474,88,224,4.0,Positive,Great experience!,2023-12-02
475,83,394,3.9,Neutral,It was okay.,2023-03-03
476,107,474,4.1,Positive,Great experience!,2023-03-18
477,174,73,4.2,Positive,Beautiful place.,2024-07-01
478,135,161,4.1,Positive,Excellent service!,2023-06-24
479,176,446,4.6,Positive,Loved the stay.,2023-11-26
480,53,347,4.2,Positive,Great experience!,2023-08-12
481,89,190,4.5,Positive,Loved the stay.,2024-06-23
482,91,213,4.6,Positive,Highly recommended.,2024-10-29
483,112,388,3.6,Neutral,It was okay.,2024-06-29
484,19,31,4.0,Positive,Beautiful place.,2024-03-19
485,198,24,3.4,Neutral,Could be better.,2023-07-11
486,153,65,3.2,Neutral,Decent place.,2024-09-24
487,62,21,3.6,Neutral,Could be better.,2024-12-31
488,46,305,4.1,Positive,Loved the stay.,2023-03-30
489,116,88,4.6,Positive,Great experience!,2024-01-05
490,170,178,3.7,Neutral,Decent place.,2024-09-26
491,101,99,4.0,Positive,Loved the stay.,2023-12-08
492,138,341,4.3,Positive,Great experience!,2023-07-11
493,115,249,3.7,Neutral,It was okay.,2023-03-05
494,184,12,3.4,Neutral,Could be better.,2024-06-11
495,13,493,4.0,Positive,Highly recommended.,2023-10-11
496,49,176,3.6,Neutral,Average experience.,2023-05-22
497,153,291,3.7,Neutral,Decent place.,2023-12-22
498,134,326,4.5,Positive,Loved the stay.,2024-04-21
499,30,476,3.5,Neutral,Average experience.,2024-04-09
500,38,443,4.5,Positive,Excellent service!,2023-07-14
501,142,302,3.8,Neutral,Decent place.,2025-01-03
502,16,147,4.4,Positive,Loved the stay.,2023-06-21
503,92,267,3.9,Neutral,Decent place.,2024-09-16
504,48,56,4.6,Positive,Excellent service!,2024-06-12
505,92,159,4.5,Positive,Excellent service!,2024-02-01
506,116,88,3.6,Neutral,Decent place.,2024-01-02
507,124,317,4.0,Positive,Excellent service!,2024-06-20
508,172,83,3.9,Neutral,Decent place.,2024-03-06
509,113,335,3.0,Neutral,Decent place.,2024-09-19
510,1,14,3.5,Neutral,Decent place.,2024-08-16
511,167,362,5.0,Positive,Highly recommended.,2025-01-13
512,71,337,4.1,Positive,Loved the stay.,2024-05-18
513,158,278,3.1,Neutral,Could be better.,2024-07-07
514,102,330,3.9,Neutral,Average experience.,2024-11-17
515,91,253,4.2,Positive,Loved the stay.,2024-03-17
516,177,239,4.9,Positive,Excellent service!,2023-06-17
517,140,180,4.1,Positive,Highly recommended.,2023-01-27
518,13,227,3.9,Neutral,Average experience.,2023-07-13
519,2,257,4.1,Positive,Great experience!,2023-02-13
520,186,415,4.5,Positive,Beautiful place.,2025-01-05
521,5,225,2.7,Negative,Very disappointed.,2025-01-02
522,102,330,4.3,Positive,Great experience!,2024-12-10
523,58,270,4.2,Positive,Excellent service!,2023-08-16
524,115,249,4.2,Positive,Great experience!,2023-03-04
525,196,260,3.5,Neutral,Decent place.,2023-05-28
526,99,433,2.7,Negative,Bad service.,2024-05-18
527,7,115,4.1,Positive,Highly recommended.,2023-07-15
528,165,40,3.3,Neutral,It was okay.,2024-08-23
529,60,414,4.3,Positive,Beautiful place.,2024-12-25
530,96,238,4.4,Positive,Beautiful place.,2024-06-06
531,96,238,4.1,Positive,Excellent service!,2024-08-06
532,99,279,3.5,Neutral,Could be better.,2024-03-18
533,3,246,4.3,Positive,Beautiful place.,2023-07-04
534,183,203,3.7,Neutral,It was okay.,2024-06-18
535,97,459,4.6,Positive,Great experience!,2024-06-20
536,137,157,4.5,Positive,Highly recommended.,2024-05-28
537,71,337,3.3,Neutral,Average experience.,2024-07-26
538,69,97,3.6,Neutral,Could be better.,2024-05-26
539,184,381,2.8,Negative,Bad service.,2023-12-13
540,18,319,4.1,Positive,Beautiful place.,2024-09-09
541,61,140,4.0,Positive,Loved the stay.,2024-05-29
542,15,197,4.5,Positive,Loved the stay.,2023-07-30
543,188,392,3.0,Neutral,Could be better.,2023-02-05
544,32,104,5.0,Positive,Loved the stay.,2023-09-04
545,56,483,3.4,Neutral,It was okay.,2024-04-11
546,141,368,4.1,Positive,Beautiful place.,2025-01-05
547,144,264,4.6,Positive,Great experience!,2023-04-02
548,71,114,4.4,Positive,Excellent service!,2023-07-24
549,91,253,4.3,Positive,Excellent service!,2024-05-10
550,164,387,3.8,Neutral,Could be better.,2023-08-18
551,162,262,3.8,Neutral,Could be better.,2023-11-15
552,78,5,4.0,Positive,Great experience!,2024-11-23
553,191,444,3.2,Neutral,Average experience.,2023-08-25
554,119,294,3.3,Neutral,It was okay.,2024-04-04
555,90,96,4.8,Positive,Excellent service!,2023-09-30
556,48,56,3.8,Neutral,It was okay.,2023-12-26
557,30,343,4.0,Positive,Excellent service!,2023-08-05
558,182,196,2.8,Negative,Not recommended at all.,2023-12-11
559,35,469,3.6,Neutral,Could be better.,2024-06-04
560,143,59,4.7,Positive,Loved the stay.,2023-03-21
561,200,234,4.0,Positive,Great experience!,2024-12-30
562,95,30,4.6,Positive,Excellent service!,2023-06-13
563,21,348,5.0,Positive,Excellent service!,2023-01-30
564,36,23,4.0,Positive,Loved the stay.,2024-03-13
565,32,104,5.0,Positive,Beautiful place.,2024-05-26
566,104,208,4.0,Positive,Excellent service!,2024-07-25
567,193,355,4.0,Positive,Excellent service!,2024-05-24
568,76,214,4.9,Positive,Excellent service!,2024-01-05
569,117,8,4.2,Positive,Excellent service!,2024-06-06
570,155,418,4.7,Positive,Excellent service!,2024-03-11
571,97,377,4.7,Positive,Highly recommended.,2023-07-19
572,158,121,4.4,Positive,Beautiful place.,2024-08-06
573,163,458,4.5,Positive,Loved the stay.,2023-09-10
574,102,288,2.9,Negative,Bad service.,2024-08-11
575,140,180,3.6,Neutral,It was okay.,2024-01-20
576,71,20,4.2,Positive,Highly recommended.,2024-02-13
577,82,66,4.5,Positive,Great experience!,2024-09-05
578,200,234,4.8,Positive,Excellent service!,2023-12-17
579,73,431,3.4,Neutral,Could be better.,2023-06-10
580,7,68,3.6,Neutral,Average experience.,2024-05-21
581,19,492,3.4,Neutral,Average experience.,2024-05-30
582,93,312,4.5,Positive,Beautiful place.,2024-05-02
583,96,238,4.1,Positive,Great experience!,2024-06-09
584,132,145,3.4,Neutral,It was okay.,2025-01-10
585,24,250,4.2,Positive,Excellent service!,2023-06-29
586,19,492,3.8,Neutral,Decent place.,2024-05-16
587,137,157,4.6,Positive,Beautiful place.,2024-07-12
588,134,479,2.5,Negative,Terrible experience.,2023-08-25
589,171,9,4.1,Positive,Great experience!,2024-12-29
590,80,441,4.1,Positive,Loved the stay.,2024-10-20
591,104,100,3.8,Neutral,Could be better.,2024-02-19
592,78,32,3.9,Neutral,Average experience.,2024-03-30
593,158,278,3.1,Neutral,Average experience.,2023-06-24
594,183,127,4.1,Positive,Excellent service!,2024-08-09
595,50,293,4.6,Positive,Beautiful place.,2023-06-07
596,148,82,4.3,Positive,Great experience!,2024-12-29
597,23,94,3.7,Neutral,Could be better.,2025-01-11
598,40,369,4.8,Positive,Great experience!,2023-07-12
599,97,17,4.6,Positive,Excellent service!,2024-07-22
600,170,178,3.3,Neutral,Average experience.,2024-02-23
601,48,151,4.2,Positive,Excellent service!,2024-07-02
602,125,295,3.8,Neutral,Could be better.,2023-03-01
603,88,224,2.7,Negative,Not recommended at all.,2023-03-13
604,96,163,4.3,Positive,Excellent service!,2024-06-20
605,43,90,3.0,Neutral,It was okay.,2023-02-22
606,15,123,4.1,Positive,Excellent service!,2024-03-01
607,1,233,3.9,Neutral,Decent place.,2024-10-08
608,101,438,4.8,Positive,Excellent service!,2023-06-29
609,97,459,4.6,Positive,Loved the stay.,2023-05-21
610,87,421,4.1,Positive,Highly recommended.,2024-03-06
611,104,310,4.3,Positive,Excellent service!,2023-04-11
612,189,2,3.3,Neutral,It was okay.,2023-05-25
613,138,122,4.5,Positive,Loved the stay.,2023-12-19
614,15,315,3.9,Neutral,Average experience.,2024-07-10
615,147,467,3.7,Neutral,Average experience.,2024-06-15
616,112,298,4.4,Positive,Loved the stay.,2024-06-06
617,40,142,4.1,Positive,Great experience!,2024-01-08
618,12,50,3.5,Neutral,It was okay.,2024-01-18
619,22,148,3.9,Neutral,Could be better.,2025-01-10
620,125,295,4.1,Positive,Excellent service!,2024-05-30
621,25,360,4.5,Positive,Loved the stay.,2024-07-12
622,46,305,3.2,Neutral,Could be better.,2023-12-05
623,198,412,3.6,Neutral,Could be better.,2023-10-19
624,101,438,4.6,Positive,Loved the stay.,2023-07-06
625,192,346,3.6,Neutral,Decent place.,2023-05-28
626,40,142,4.1,Positive,Highly recommended.,2024-09-14
627,55,429,3.9,Neutral,Decent place.,2024-11-20
628,12,314,3.8,Neutral,It was okay.,2025-01-01
629,130,198,3.5,Neutral,Decent place.,2024-03-15
630,117,457,2.9,Negative,Bad service.,2023-06-24
631,19,70,3.8,Neutral,It was okay.,2023-10-27
632,40,413,4.0,Positive,Loved the stay.,2023-08-22
633,78,5,4.0,Positive,Great experience!,2024-12-02
634,89,190,4.2,Positive,Beautiful place.,2023-04-06
635,170,237,4.9,Positive,Loved the stay.,2024-05-23
636,160,318,3.5,Neutral,It was okay.,2023-10-27
637,50,1,3.7,Neutral,Could be better.,2023-08-19
638,57,74,3.8,Neutral,Could be better.,2023-08-24
639,190,79,3.4,Neutral,It was okay.,2023-10-27
640,89,136,3.2,Neutral,Could be better.,2023-02-13
641,113,335,3.4,Neutral,Average experience.,2024-09-03
642,158,472,4.1,Positive,Excellent service!,2024-05-31
643,111,175,3.7,Neutral,Decent place.,2024-08-18
644,143,59,3.4,Neutral,Average experience.,2024-10-27
645,91,213,4.7,Positive,Highly recommended.,2023-12-04
646,14,284,4.2,Positive,Great experience!,2023-01-25
647,130,340,4.8,Positive,Loved the stay.,2023-03-18
648,73,200,4.4,Positive,Highly recommended.,2024-06-21
649,117,77,2.9,Negative,Very disappointed.,2024-10-29
650,100,285,4.1,Positive,Beautiful place.,2023-06-24
651,162,358,4.1,Positive,Loved the stay.,2024-10-17
652,189,2,3.9,Neutral,Average experience.,2023-02-23
653,26,35,3.9,Neutral,Average experience.,2023-08-31
654,104,310,3.5,Neutral,Could be better.,2023-03-15
655,12,50,4.0,Positive,Loved the stay.,2023-09-21
656,73,431,4.1,Positive,Great experience!,2024-07-31
657,194,185,2.8,Negative,Bad service.,2024-06-11
658,169,400,3.4,Neutral,Could be better.,2024-12-09
659,83,468,4.8,Positive,Beautiful place.,2024-09-17
660,76,116,2.9,Negative,Bad service.,2023-04-27
661,22,57,3.6,Neutral,It was okay.,2024-06-03
662,134,488,4.7,Positive,Excellent service!,2023-04-23
663,44,48,3.3,Neutral,It was okay.,2023-02-07
664,98,353,2.9,Negative,Terrible experience.,2023-09-19
665,35,411,3.5,Neutral,It was okay.,2023-08-03
666,186,212,4.5,Positive,Highly recommended.,2023-03-12
667,88,224,3.1,Neutral,Could be better.,2024-06-19
668,182,263,4.3,Positive,Excellent service!,2023-11-25
669,137,321,4.0,Positive,Loved the stay.,2024-07-14
670,117,77,2.8,Negative,Not recommended at all.,2023-03-11
671,188,303,3.9,Neutral,It was okay.,2023-05-31
672,73,431,4.0,Positive,Excellent service!,2023-08-05
673,118,352,3.5,Neutral,Could be better.,2024-03-29
674,99,53,4.1,Positive,Excellent service!,2023-07-03
675,153,416,5.0,Positive,Highly recommended.,2024-10-07
676,35,469,3.4,Neutral,Could be better.,2024-08-03
677,80,386,3.6,Neutral,Could be better.,2023-03-13
678,200,258,5.0,Positive,Beautiful place.,2023-10-20
679,12,50,3.5,Neutral,Could be better.,2024-02-07
680,184,381,3.3,Neutral,Could be better.,2024-01-18
681,35,469,3.8,Neutral,Average experience.,2023-04-22
682,112,333,4.6,Positive,Excellent service!,2024-08-02
683,18,338,4.7,Positive,Beautiful place.,2024-02-10
684,46,372,3.9,Neutral,Average experience.,2024-09-20
685,76,289,4.6,Positive,Highly recommended.,2023-08-18
686,18,319,2.9,Negative,Terrible experience.,2023-09-10
687,141,368,5.0,Positive,Highly recommended.,2025-01-26
688,182,169,3.3,Neutral,Decent place.,2024-01-05
689,80,441,4.9,Positive,Great experience!,2023-05-28
690,174,73,4.5,Positive,Great experience!,2024-07-10
691,1,14,3.4,Neutral,Decent place.,2024-10-05
692,56,204,4.1,Positive,Loved the stay.,2024-10-23
693,83,489,4.5,Positive,Excellent service!,2024-04-15
694,3,246,5.0,Positive,Loved the stay.,2023-07-22
695,140,456,2.8,Negative,Very disappointed.,2024-11-18
696,119,454,4.1,Positive,Great experience!,2023-06-10
697,161,405,3.1,Neutral,It was okay.,2024-01-19
698,49,176,4.0,Positive,Beautiful place.,2024-10-24
699,173,19,3.3,Neutral,Average experience.,2024-10-27
700,196,260,3.8,Neutral,Decent place.,2023-07-22
701,115,10,4.1,Positive,Highly recommended.,2024-09-01
702,178,378,3.8,Neutral,Could be better.,2024-12-23
703,7,115,3.6,Neutral,Average experience.,2024-01-18
704,40,413,4.1,Positive,Highly recommended.,2024-08-29
705,179,336,4.1,Positive,Great experience!,2024-02-25
706,88,103,4.8,Positive,Loved the stay.,2023-08-25
707,200,91,3.5,Neutral,It was okay.,2023-02-06
708,198,412,4.0,Positive,Great experience!,2023-11-01
709,81,482,4.6,Positive,Excellent service!,2023-06-07
710,183,154,3.5,Neutral,Decent place.,2023-04-19
711,123,220,3.6,Neutral,Average experience.,2024-06-18
712,55,292,4.0,Positive,Loved the stay.,2023-08-09
713,144,268,3.9,Neutral,Could be better.,2023-10-07
714,26,331,4.8,Positive,Loved the stay.,2024-06-07
715,107,474,3.8,Neutral,Decent place.,2023-06-04
716,116,143,4.5,Positive,Highly recommended.,2023-02-25
717,22,57,3.6,Neutral,Average experience.,2024-07-16
718,141,368,5.0,Positive,Loved the stay.,2025-01-16
719,183,127,3.6,Neutral,It was okay.,2023-06-25
720,101,67,4.7,Positive,Beautiful place.,2024-01-22
721,188,392,3.6,Neutral,Average experience.,2024-10-12
722,83,489,4.4,Positive,Beautiful place.,2024-07-06
723,174,73,4.0,Positive,Loved the stay.,2024-03-16
724,182,263,3.6,Neutral,It was okay.,2023-02-11
725,59,439,4.4,Positive,Excellent service!,2024-07-15
726,130,340,4.3,Positive,Highly recommended.,2024-08-24
727,158,472,3.9,Neutral,Could be better.,2024-05-13
728,19,492,4.0,Positive,Loved the stay.,2023-06-06
729,30,343,2.9,Negative,Bad service.,2023-01-21
730,12,314,4.5,Positive,Beautiful place.,2024-01-05
731,38,465,4.2,Positive,Great experience!,2023-07-22
732,112,388,4.0,Positive,Loved the stay.,2024-02-10
733,156,409,3.9,Neutral,Average experience.,2024-12-04
734,90,491,4.1,Positive,Loved the stay.,2023-12-24
735,117,498,4.2,Positive,Beautiful place.,2023-10-29
736,91,253,4.5,Positive,Great experience!,2024-11-17
737,87,421,3.1,Neutral,Decent place.,2023-05-28
738,48,56,3.8,Neutral,Could be better.,2024-06-16
739,153,291,4.8,Positive,Loved the stay.,2024-09-21
740,21,348,5.0,Positive,Beautiful place.,2024-09-28
741,40,413,3.2,Neutral,Could be better.,2023-09-20
742,48,151,3.7,Neutral,Could be better.,2024-07-02
743,176,269,3.6,Neutral,Average experience.,2023-01-13
744,166,455,4.0,Positive,Highly recommended.,2023-10-07
745,101,99,4.0,Positive,Loved the stay.,2024-01-22
746,56,204,3.3,Neutral,Average experience.,2023-12-07
747,25,360,4.6,Positive,Highly recommended.,2023-06-18
748,192,366,4.6,Positive,Great experience!,2024-09-06
749,83,468,5.0,Positive,Highly recommended.,2023-05-27
750,182,196,3.5,Neutral,Decent place.,2023-01-20
751,34,370,3.9,Neutral,Decent place.,2025-01-05
752,80,386,4.1,Positive,Beautiful place.,2024-10-07
753,131,280,3.4,Neutral,It was okay.,2024-10-12
754,122,252,3.9,Neutral,Could be better.,2024-06-19
755,20,345,4.0,Positive,Great experience!,2023-08-10
756,144,268,3.3,Neutral,It was okay.,2023-03-17
757,149,139,3.9,Neutral,It was okay.,2024-10-17
758,22,57,3.5,Neutral,Average experience.,2024-05-17
759,107,474,3.6,Neutral,Decent place.,2023-03-30
760,63,33,4.1,Positive,Great experience!,2023-11-22
761,76,116,4.1,Positive,Beautiful place.,2024-11-23
762,120,371,3.6,Neutral,Decent place.,2024-04-11
763,63,33,3.4,Neutral,It was okay.,2023-04-12
764,73,200,4.1,Positive,Highly recommended.,2024-02-14
765,58,131,3.3,Neutral,Decent place.,2024-01-23
766,56,483,3.7,Neutral,Average experience.,2023-06-26
767,106,25,4.4,Positive,Loved the stay.,2024-03-19
768,38,465,4.3,Positive,Beautiful place.,2023-12-25
769,183,154,4.7,Positive,Great experience!,2023-08-07
770,192,346,4.3,Positive,Excellent service!,2023-05-12
771,76,289,5.0,Positive,Beautiful place.,2024-02-13
772,166,455,3.8,Neutral,Could be better.,2023-09-09
773,74,266,3.5,Neutral,Average experience.,2024-12-30
774,120,371,3.8,Neutral,It was okay.,2024-01-27
775,170,237,4.9,Positive,Beautiful place.,2024-05-28
776,144,264,4.7,Positive,Loved the stay.,2024-04-24
777,83,468,4.0,Positive,Loved the stay.,2025-01-13
778,158,165,3.5,Neutral,It was okay.,2024-06-15
779,130,301,4.4,Positive,Beautiful place.,2023-03-11
780,123,220,3.4,Neutral,Average experience.,2023-04-11
781,193,420,3.8,Neutral,It was okay.,2024-06-27
782,108,118,4.7,Positive,Loved the stay.,2023-11-05
783,55,292,3.1,Neutral,It was okay.,2023-03-25
784,13,359,4.0,Positive,Great experience!,2023-07-12
785,27,137,3.3,Neutral,Could be better.,2023-08-22
786,126,350,4.0,Positive,Loved the stay.,2024-05-19
787,173,69,3.6,Neutral,It was okay.,2023-05-24
788,43,90,4.3,Positive,Loved the stay.,2024-05-13
789,179,44,3.4,Neutral,Average experience.,2024-03-21
790,82,66,4.4,Positive,Highly recommended.,2024-07-21
791,35,469,3.7,Neutral,It was okay.,2024-05-29
792,42,332,4.5,Positive,Highly recommended.,2023-05-07
793,46,399,3.8,Neutral,Could be better.,2024-05-23
794,151,199,3.7,Neutral,It was okay.,2023-08-15
795,91,84,4.1,Positive,Loved the stay.,2023-01-16
796,99,53,4.4,Positive,Beautiful place.,2024-06-02
797,137,495,3.3,Neutral,Decent place.,2024-07-20
798,138,341,4.8,Positive,Beautiful place.,2025-01-14
799,4,265,3.9,Neutral,Average experience.,2023-08-02
800,96,42,3.8,Neutral,Average experience.,2024-06-03
801,123,220,3.2,Neutral,Decent place.,2024-09-11
802,142,302,3.4,Neutral,It was okay.,2023-09-08
803,104,276,3.1,Neutral,Decent place.,2023-06-13
804,92,159,4.3,Positive,Loved the stay.,2024-04-12
805,122,252,4.2,Positive,Great experience!,2024-01-06
806,52,11,3.4,Neutral,Decent place.,2023-03-18
807,50,1,4.2,Positive,Excellent service!,2023-03-23
808,123,220,3.1,Neutral,Decent place.,2024-06-06
809,19,492,2.8,Negative,Not recommended at all.,2024-01-27
810,192,346,4.3,Positive,Great experience!,2023-06-04
811,134,326,4.9,Positive,Excellent service!,2023-02-18
812,153,416,4.2,Positive,Beautiful place.,2023-08-13
813,24,138,3.8,Neutral,Decent place.,2024-06-26
814,188,303,3.3,Neutral,It was okay.,2024-08-22
815,183,127,3.3,Neutral,Decent place.,2023-06-04
816,84,500,3.5,Neutral,It was okay.,2023-06-17
817,38,443,3.9,Neutral,It was okay.,2023-04-28
818,89,425,3.0,Neutral,Average experience.,2024-09-19
819,63,33,3.5,Neutral,Could be better.,2023-05-14
820,83,489,5.0,Positive,Beautiful place.,2024-04-13
821,91,84,3.7,Neutral,Could be better.,2024-06-26
822,192,366,4.6,Positive,Beautiful place.,2023-09-15
823,196,445,4.8,Positive,Highly recommended.,2023-08-15
824,5,51,5.0,Positive,Loved the stay.,2024-02-06
825,172,182,3.9,Neutral,It was okay.,2023-02-18
826,84,500,3.5,Neutral,Decent place.,2023-10-24
827,136,277,3.9,Neutral,Could be better.,2023-02-23
828,81,236,4.0,Positive,Loved the stay.,2023-04-23
829,189,2,4.0,Positive,Loved the stay.,2023-05-25
830,116,410,4.7,Positive,Excellent service!,2023-08-01
831,133,108,4.0,Positive,Excellent service!,2023-12-16
832,124,349,4.3,Positive,Loved the stay.,2025-01-19
833,142,43,3.5,Neutral,Could be better.,2023-12-13
834,151,119,4.0,Positive,Excellent service!,2024-10-16
835,73,431,3.3,Neutral,Average experience.,2023-05-28
836,104,310,3.8,Neutral,Could be better.,2024-04-20
837,94,309,3.8,Neutral,Decent place.,2024-03-05
838,108,71,4.8,Positive,Beautiful place.,2023-07-27
839,82,66,4.8,Positive,Excellent service!,2024-01-06
840,39,419,4.3,Positive,Great experience!,2023-10-05
841,32,104,4.5,Positive,Excellent service!,2023-09-03
842,90,96,4.7,Positive,Loved the stay.,2023-10-02
843,75,134,4.4,Positive,Loved the stay.,2024-11-07
844,97,17,4.6,Positive,Excellent service!,2023-05-16
845,48,56,4.5,Positive,Excellent service!,2024-07-21
846,126,350,2.9,Negative,Terrible experience.,2023-10-08
847,33,391,4.4,Positive,Loved the stay.,2024-06-08
848,104,100,4.6,Positive,Great experience!,2023-07-18
849,171,9,3.6,Neutral,It was okay.,2024-10-19
850,149,139,3.8,Neutral,Could be better.,2023-06-08
851,114,228,3.9,Neutral,It was okay.,2025-01-16
852,100,453,3.5,Neutral,Average experience.,2024-06-05
853,124,373,4.1,Positive,Beautiful place.,2023-08-04
854,183,154,3.6,Neutral,Decent place.,2023-05-06
855,173,256,4.1,Positive,Beautiful place.,2023-05-28
856,170,245,3.5,Neutral,It was okay.,2024-02-17
857,88,428,3.8,Neutral,Decent place.,2024-02-21
858,127,254,4.7,Positive,Great experience!,2023-06-12
859,27,137,3.7,Neutral,It was okay.,2024-07-04
860,78,32,5.0,Positive,Great experience!,2024-08-05
861,96,238,4.9,Positive,Excellent service!,2023-07-21
862,130,198,3.6,Neutral,Average experience.,2023-10-02
863,55,429,4.4,Positive,Loved the stay.,2023-11-03
864,77,52,4.1,Positive,Great experience!,2023-05-22
865,59,323,5.0,Positive,Beautiful place.,2024-07-30
866,74,461,2.6,Negative,Not recommended at all.,2023-02-12
867,35,379,4.2,Positive,Loved the stay.,2023-05-30
868,23,94,4.2,Positive,Great experience!,2024-03-04
869,186,415,4.8,Positive,Great experience!,2023-02-05
870,143,29,4.3,Positive,Excellent service!,2024-12-13
871,144,268,3.6,Neutral,Average experience.,2024-12-31
872,106,171,4.1,Positive,Great experience!,2024-06-28
873,134,488,4.4,Positive,Loved the stay.,2024-04-06
874,173,19,3.5,Neutral,Average experience.,2023-08-05
875,112,298,3.6,Neutral,Decent place.,2024-05-13
876,130,211,2.8,Negative,Bad service.,2023-06-28
877,182,263,4.7,Positive,Excellent service!,2024-02-24
878,138,341,4.3,Positive,Beautiful place.,2024-01-11
879,19,117,3.0,Neutral,It was okay.,2023-09-30
880,33,166,4.8,Positive,Great experience!,2023-10-31
881,186,415,5.0,Positive,Beautiful place.,2023-02-12
882,134,479,2.5,Negative,Not recommended at all.,2023-08-28
883,149,37,2.9,Negative,Not recommended at all.,2024-04-09
884,7,115,4.0,Positive,Loved the stay.,2024-11-18
885,50,1,3.8,Neutral,It was okay.,2024-01-29
886,90,417,3.1,Neutral,Could be better.,2023-08-10
887,19,215,4.9,Positive,Highly recommended.,2023-02-10
888,184,381,3.5,Neutral,Could be better.,2024-08-14
889,16,162,5.0,Positive,Highly recommended.,2023-12-22
890,162,358,3.7,Neutral,Could be better.,2024-03-07
891,69,97,4.3,Positive,Great experience!,2024-11-29
892,35,379,3.1,Neutral,Average experience.,2023-06-08
893,142,302,3.6,Neutral,Average experience.,2024-09-27
894,22,57,3.5,Neutral,Decent place.,2024-07-18
895,138,87,4.6,Positive,Excellent service!,2024-06-28
896,177,192,4.3,Positive,Loved the stay.,2024-07-17
897,42,332,5.0,Positive,Excellent service!,2023-12-30
898,108,209,5.0,Positive,Beautiful place.,2023-03-04
899,18,338,4.5,Positive,Great experience!,2023-11-22
900,36,113,4.6,Positive,Great experience!,2024-10-01
901,40,478,4.2,Positive,Excellent service!,2024-10-21
902,76,232,4.5,Positive,Highly recommended.,2024-03-11
903,176,424,4.4,Positive,Great experience!,2024-01-21
904,197,499,4.2,Positive,Beautiful place.,2024-08-30
905,184,12,3.5,Neutral,Average experience.,2025-01-01
906,137,495,3.4,Neutral,It was okay.,2024-06-13
907,95,30,3.7,Neutral,Decent place.,2024-12-04
908,130,301,3.9,Neutral,Decent place.,2023-03-06
909,176,446,4.5,Positive,Beautiful place.,2023-11-24
910,44,48,3.3,Neutral,It was okay.,2024-12-07
911,92,159,4.1,Positive,Beautiful place.,2024-02-05
912,55,292,3.5,Neutral,Could be better.,2024-01-05
913,22,57,3.8,Neutral,Decent place.,2023-11-15
914,78,5,4.0,Positive,Great experience!,2024-07-04
915,81,365,4.3,Positive,Highly recommended.,2024-07-25
916,135,275,3.5,Neutral,It was okay.,2024-12-01
917,35,379,3.8,Neutral,Average experience.,2024-05-27
918,4,401,5.0,Positive,Excellent service!,2023-06-10
919,128,231,5.0,Positive,Loved the stay.,2023-07-06
920,16,147,4.0,Positive,Excellent service!,2024-11-27
921,177,7,3.2,Neutral,Could be better.,2023-06-23
922,77,223,3.5,Neutral,Decent place.,2024-06-20
923,77,52,4.5,Positive,Loved the stay.,2023-02-04
924,123,4,4.1,Positive,Loved the stay.,2024-04-22
925,69,97,4.1,Positive,Beautiful place.,2024-03-11
926,171,9,4.3,Positive,Excellent service!,2024-01-29
927,190,39,4.2,Positive,Great experience!,2024-05-12
928,180,188,3.3,Neutral,It was okay.,2025-01-19
929,12,50,4.6,Positive,Beautiful place.,2023-09-29
930,26,331,4.6,Positive,Highly recommended.,2024-08-31
931,90,417,4.1,Positive,Great experience!,2023-08-03
932,78,32,5.0,Positive,Highly recommended.,2024-03-26
933,5,225,3.4,Neutral,Decent place.,2025-01-02
934,2,257,4.2,Positive,Beautiful place.,2024-05-30
935,147,467,3.2,Neutral,Decent place.,2024-09-28
936,84,500,4.4,Positive,Highly recommended.,2024-06-18
937,76,271,4.2,Positive,Highly recommended.,2024-05-19
938,162,358,3.1,Neutral,Decent place.,2024-10-21
939,28,287,3.3,Neutral,Decent place.,2023-10-20
940,3,374,3.6,Neutral,Decent place.,2024-07-05
941,55,292,3.8,Neutral,It was okay.,2023-12-26
942,37,86,4.2,Positive,Excellent service!,2024-06-03
943,73,431,4.3,Positive,Beautiful place.,2023-05-28
944,40,369,4.5,Positive,Highly recommended.,2024-06-17
945,153,291,4.2,Positive,Great experience!,2023-08-22
946,88,428,2.5,Negative,Not recommended at all.,2023-12-25
947,95,30,4.1,Positive,Excellent service!,2024-06-27
948,188,392,3.7,Neutral,Decent place.,2024-10-16
949,36,300,3.6,Neutral,Decent place.,2024-10-28
950,36,300,4.5,Positive,Highly recommended.,2023-03-21
951,60,54,4.7,Positive,Excellent service!,2024-09-11
952,191,451,3.8,Neutral,Average experience.,2024-10-31
953,114,484,3.0,Neutral,It was okay.,2023-08-15
954,176,269,3.4,Neutral,It was okay.,2023-03-13
955,134,326,4.7,Positive,Excellent service!,2023-11-15
956,37,111,3.6,Neutral,Could be better.,2024-06-03
957,88,251,3.9,Neutral,It was okay.,2023-02-25
958,143,59,4.1,Positive,Highly recommended.,2024-08-18
959,101,99,3.7,Neutral,It was okay.,2024-02-12
960,101,177,4.4,Positive,Excellent service!,2024-01-20
961,89,222,4.0,Positive,Beautiful place.,2024-07-05
962,151,199,3.0,Neutral,It was okay.,2023-07-15
963,7,115,4.8,Positive,Beautiful place.,2023-07-16
964,122,252,4.4,Positive,Excellent service!,2023-05-20
965,62,21,4.4,Positive,Great experience!,2023-08-08
966,177,239,4.3,Positive,Beautiful place.,2024-04-20
967,102,330,3.9,Neutral,Average experience.,2024-08-17
968,113,335,3.9,Neutral,Average experience.,2023-12-18
969,91,84,5.0,Positive,Highly recommended.,2024-03-10
970,38,465,3.5,Neutral,It was okay.,2023-11-06
971,95,110,4.7,Positive,Highly recommended.,2024-11-11
972,149,37,3.9,Neutral,Decent place.,2023-12-19
973,190,124,3.7,Neutral,It was okay.,2024-09-20
974,181,243,3.2,Neutral,Could be better.,2024-02-01
975,138,341,4.9,Positive,Great experience!,2024-07-25
976,151,463,4.0,Positive,Great experience!,2024-06-24
977,50,296,4.3,Positive,Excellent service!,2023-07-26
978,126,350,2.9,Negative,Not recommended at all.,2023-12-02
979,106,25,5.0,Positive,Excellent service!,2024-02-22
980,59,439,4.2,Positive,Great experience!,2023-04-27
981,19,492,2.9,Negative,Very disappointed.,2024-03-25
982,155,261,3.6,Neutral,It was okay.,2023-07-26
983,120,133,3.5,Neutral,It was okay.,2023-06-04
984,27,137,3.4,Neutral,Could be better.,2023-05-26
985,16,147,4.4,Positive,Highly recommended.,2023-03-13
986,100,285,4.1,Positive,Beautiful place.,2023-11-26
987,89,222,4.5,Positive,Great experience!,2024-06-11
988,15,383,3.9,Neutral,Could be better.,2024-10-15
989,82,173,4.0,Positive,Loved the stay.,2024-02-13
990,167,362,5.0,Positive,Loved the stay.,2023-02-08
991,106,171,3.9,Neutral,It was okay.,2023-11-23
992,164,387,4.2,Positive,Beautiful place.,2024-08-14
993,19,70,4.5,Positive,Excellent service!,2023-03-25
994,37,217,4.2,Positive,Excellent service!,2024-05-11
995,200,234,4.7,Positive,Highly recommended.,2025-01-03
996,38,465,3.4,Neutral,Could be better.,2023-07-19
997,55,292,3.3,Neutral,It was okay.,2024-07-01
998,47,155,4.0,Positive,Beautiful place.,2023-09-27
999,15,123,4.3,Positive,Loved the stay.,2024-11-07
1000,74,471,4.0,Positive,Excellent service!,2023-01-31
1001,60,54,4.7,Positive,Great experience!,2024-08-17
1002,104,208,3.7,Neutral,Could be better.,2024-09-05
1003,35,469,4.2,Positive,Beautiful place.,2023-08-12
1004,191,451,4.7,Positive,Loved the stay.,2023-08-03
1005,17,62,4.3,Positive,Great experience!,2024-10-05
1006,183,154,3.8,Neutral,Decent place.,2023-05-30
1007,182,263,3.8,Neutral,Could be better.,2023-12-19
1008,165,40,3.2,Neutral,Decent place.,2024-08-12
1009,156,409,4.7,Positive,Great experience!,2023-07-07
1010,90,491,4.9,Positive,Beautiful place.,2023-07-02
1011,92,159,4.5,Positive,Excellent service!,2024-08-27
1012,24,138,4.5,Positive,Loved the stay.,2023-03-30
1013,46,372,3.7,Neutral,Could be better.,2024-12-28
1014,123,4,3.5,Neutral,Decent place.,2024-07-31
1015,190,124,2.9,Negative,Very disappointed.,2024-09-22
1016,124,317,5.0,Positive,Loved the stay.,2024-09-01
1017,148,324,3.4,Neutral,Average experience.,2023-11-05
1018,19,117,3.9,Neutral,Decent place.,2023-03-02
1019,74,266,3.4,Neutral,Could be better.,2024-09-25
1020,59,439,3.5,Neutral,Decent place.,2023-07-30
1021,195,306,3.5,Neutral,Could be better.,2024-07-22
1022,95,30,4.6,Positive,Excellent service!,2023-06-01
1023,189,2,3.2,Neutral,Decent place.,2024-02-04
1024,58,270,3.4,Neutral,Could be better.,2024-02-13
1025,90,96,5.0,Positive,Highly recommended.,2023-03-18
1026,82,173,4.3,Positive,Loved the stay.,2025-01-09
1027,42,332,5.0,Positive,Loved the stay.,2024-12-27
1028,60,54,4.1,Positive,Beautiful place.,2023-07-24
1029,128,152,4.0,Positive,Loved the stay.,2024-01-12
1030,63,22,3.3,Neutral,Decent place.,2023-12-27
1031,152,85,3.8,Neutral,Could be better.,2023-05-27
1032,5,225,2.7,Negative,Bad service.,2024-08-21
1033,190,39,4.5,Positive,Beautiful place.,2023-06-26
1034,31,6,4.8,Positive,Loved the stay.,2023-05-25
1035,196,445,3.8,Neutral,Average experience.,2024-06-20
1036,154,325,4.7,Positive,Excellent service!,2023-06-24
1037,125,295,3.7,Neutral,It was okay.,2023-08-26
1038,89,425,4.2,Positive,Beautiful place.,2024-04-10
1039,124,349,4.9,Positive,Beautiful place.,2024-05-03
1040,193,355,3.6,Neutral,Average experience.,2024-07-09
1041,107,474,4.4,Positive,Excellent service!,2023-03-30
1042,162,494,3.0,Neutral,Could be better.,2023-11-07
1043,137,495,3.6,Neutral,Average experience.,2024-03-12
1044,171,9,4.7,Positive,Great experience!,2023-11-18
1045,124,349,4.5,Positive,Loved the stay.,2024-08-13
1046,71,98,4.9,Positive,Beautiful place.,2023-11-12
1047,107,474,4.6,Positive,Excellent service!,2024-06-22
1048,37,111,4.1,Positive,Beautiful place.,2024-10-25
1049,144,268,2.6,Negative,Bad service.,2024-06-24
1050,116,143,4.4,Positive,Loved the stay.,2024-06-11
1051,126,350,2.9,Negative,Bad service.,2024-06-12
1052,101,99,3.9,Neutral,It was okay.,2023-03-07
1053,154,259,4.4,Positive,Loved the stay.,2024-06-06
1054,90,170,3.6,Neutral,Average experience.,2024-03-20
1055,183,127,3.4,Neutral,Decent place.,2023-06-18
1056,190,39,3.8,Neutral,Decent place.,2024-08-04
1057,108,118,4.3,Positive,Loved the stay.,2023-11-05
1058,100,432,3.3,Neutral,Could be better.,2024-03-29
1059,82,27,3.6,Neutral,Decent place.,2023-01-28
1060,173,19,3.0,Neutral,Could be better.,2024-04-03
1061,92,267,4.0,Positive,Beautiful place.,2023-08-21
1062,101,99,4.2,Positive,Excellent service!,2023-12-28
1063,15,197,4.6,Positive,Loved the stay.,2023-01-14
1064,137,157,5.0,Positive,Beautiful place.,2024-07-20
1065,58,270,4.2,Positive,Highly recommended.,2025-01-05
1066,30,343,4.1,Positive,Beautiful place.,2023-01-28
1067,196,445,4.5,Positive,Great experience!,2024-11-04
1068,102,330,3.5,Neutral,Could be better.,2023-09-18
1069,166,455,4.9,Positive,Excellent service!,2023-07-10
1070,183,203,3.5,Neutral,Average experience.,2024-07-20
1071,119,75,4.1,Positive,Beautiful place.,2024-06-19
1072,68,181,4.4,Positive,Loved the stay.,2024-01-15
1073,117,77,2.8,Negative,Very disappointed.,2024-01-11
1074,108,209,4.3,Positive,Excellent service!,2023-04-10
1075,23,187,3.6,Neutral,Average experience.,2024-12-27
1076,38,443,3.8,Neutral,Average experience.,2024-01-09
1077,192,366,4.6,Positive,Highly recommended.,2023-05-11
1078,85,168,3.7,Neutral,Decent place.,2023-07-09
1079,90,170,3.3,Neutral,Average experience.,2024-04-26
1080,1,233,4.5,Positive,Great experience!,2024-10-24
1081,200,91,3.6,Neutral,Decent place.,2024-01-28
1082,4,401,4.7,Positive,Beautiful place.,2023-06-04
1083,162,358,4.1,Positive,Loved the stay.,2024-11-14
1084,176,356,3.8,Neutral,Decent place.,2024-10-19
1085,32,104,4.8,Positive,Loved the stay.,2023-06-17
1086,63,22,3.0,Neutral,Decent place.,2024-03-10
1087,158,334,5.0,Positive,Excellent service!,2023-07-11
1088,184,381,3.2,Neutral,Decent place.,2023-12-14
1089,23,187,3.7,Neutral,Could be better.,2023-12-29
1090,7,68,4.1,Positive,Highly recommended.,2024-06-29
1091,55,429,4.1,Positive,Beautiful place.,2024-11-02
1092,179,336,3.8,Neutral,It was okay.,2023-12-12
1093,158,472,3.9,Neutral,Could be better.,2024-06-17
1094,164,387,4.0,Positive,Beautiful place.,2024-08-10
1095,104,208,3.7,Neutral,It was okay.,2023-05-26
1096,18,338,4.5,Positive,Beautiful place.,2024-07-17
1097,114,228,2.8,Negative,Terrible experience.,2023-07-03
1098,137,157,4.9,Positive,Excellent service!,2024-07-01
1099,96,376,3.7,Neutral,Average experience.,2024-06-11
1100,37,86,3.5,Neutral,It was okay.,2024-04-24
1101,21,348,4.9,Positive,Excellent service!,2024-09-24
1102,106,25,5.0,Positive,Highly recommended.,2024-11-19
1103,3,246,4.0,Positive,Highly recommended.,2024-07-04
1104,159,45,3.2,Neutral,Average experience.,2023-05-06
1105,16,402,4.7,Positive,Great experience!,2023-03-21
1106,190,39,3.8,Neutral,It was okay.,2023-12-06
1107,4,401,3.8,Neutral,Could be better.,2024-09-28
1108,23,94,3.7,Neutral,It was okay.,2025-01-02
1109,182,169,4.0,Positive,Highly recommended.,2024-03-09
1110,194,375,4.1,Positive,Loved the stay.,2024-03-15
1111,130,407,3.3,Neutral,Could be better.,2023-07-24
1112,177,475,4.0,Positive,Loved the stay.,2024-07-14
1113,67,497,3.7,Neutral,Could be better.,2023-08-25
1114,82,66,5.0,Positive,Beautiful place.,2023-09-08
1115,160,426,4.1,Positive,Highly recommended.,2024-06-19
1116,33,166,5.0,Positive,Loved the stay.,2023-05-26
1117,177,475,3.9,Neutral,Decent place.,2024-04-05
1118,188,392,3.8,Neutral,Could be better.,2024-11-11
1119,186,210,4.4,Positive,Excellent service!,2024-02-07
1120,3,246,4.8,Positive,Great experience!,2023-07-08
1121,176,356,3.6,Neutral,Decent place.,2023-11-22
1122,186,415,4.7,Positive,Loved the stay.,2024-02-18
1123,155,418,4.4,Positive,Beautiful place.,2024-03-26
1124,104,208,4.3,Positive,Highly recommended.,2024-06-02
1125,36,23,4.6,Positive,Loved the stay.,2024-11-25
1126,118,352,3.9,Neutral,It was okay.,2024-06-12
1127,183,203,3.7,Neutral,Decent place.,2024-06-29
1128,140,456,3.7,Neutral,It was okay.,2024-10-11
1129,60,54,5.0,Positive,Highly recommended.,2024-09-25
1130,1,129,4.6,Positive,Excellent service!,2024-01-06
1131,40,142,3.0,Neutral,Decent place.,2024-07-06
1132,120,371,4.1,Positive,Loved the stay.,2024-12-28
1133,158,472,3.6,Neutral,Could be better.,2024-06-11
1134,96,163,3.6,Neutral,Average experience.,2023-07-10
1135,77,207,4.9,Positive,Highly recommended.,2023-02-05
1136,37,217,3.5,Neutral,Could be better.,2024-06-19
1137,191,451,3.8,Neutral,It was okay.,2024-03-28
1138,122,252,4.4,Positive,Great experience!,2024-06-25
1139,77,52,4.0,Positive,Loved the stay.,2024-06-30
1140,140,456,2.9,Negative,Very disappointed.,2023-04-07
1141,155,418,4.3,Positive,Loved the stay.,2023-10-08
1142,96,290,3.6,Neutral,It was okay.,2023-04-27
1143,155,418,4.4,Positive,Highly recommended.,2024-02-03
1144,157,470,4.2,Positive,Excellent service!,2024-09-26
1145,199,194,3.8,Neutral,Average experience.,2024-12-02
1146,125,295,3.6,Neutral,It was okay.,2023-03-08
1147,128,231,4.7,Positive,Highly recommended.,2024-05-15
1148,130,340,4.0,Positive,Excellent service!,2023-08-19
1149,100,453,4.3,Positive,Great experience!,2023-08-23
1150,134,326,4.5,Positive,Beautiful place.,2024-10-26
1151,177,475,3.5,Neutral,Decent place.,2024-08-20
1152,18,319,4.2,Positive,Beautiful place.,2023-05-17
1153,166,201,4.6,Positive,Great experience!,2024-12-26
1154,108,230,3.2,Neutral,Decent place.,2024-07-02
1155,157,398,3.5,Neutral,Average experience.,2024-05-23
1156,108,364,3.8,Neutral,It was okay.,2023-07-20
1157,106,36,3.7,Neutral,Could be better.,2024-11-16
1158,80,382,4.8,Positive,Beautiful place.,2023-02-13
1159,63,33,4.1,Positive,Loved the stay.,2025-01-06
1160,94,92,3.4,Neutral,Decent place.,2023-07-27
1161,19,215,3.9,Neutral,It was okay.,2023-05-17
1162,96,376,3.4,Neutral,Decent place.,2023-07-06
1163,104,3,4.8,Positive,Highly recommended.,2023-07-04
1164,27,137,2.8,Negative,Bad service.,2024-10-17
1165,138,87,4.5,Positive,Excellent service!,2024-01-04
1166,89,425,3.2,Neutral,Average experience.,2024-09-26
1167,193,247,3.8,Neutral,Average experience.,2024-06-09
1168,106,25,5.0,Positive,Loved the stay.,2025-01-02
1169,47,155,4.6,Positive,Excellent service!,2023-05-02
1170,134,479,2.8,Negative,Very disappointed.,2024-03-15
1171,91,253,4.2,Positive,Great experience!,2024-11-13
1172,131,280,3.5,Neutral,Average experience.,2024-10-04
1173,126,219,3.8,Neutral,Could be better.,2023-05-09
1174,137,495,3.2,Neutral,Decent place.,2024-10-20
1175,102,330,4.7,Positive,Great experience!,2024-12-16
1176,124,373,3.7,Neutral,It was okay.,2023-08-06
1177,98,353,4.3,Positive,Loved the stay.,2023-12-06
1178,38,465,3.9,Neutral,It was okay.,2023-10-27
1179,82,78,3.0,Neutral,Average experience.,2024-04-09
1180,193,420,4.0,Positive,Great experience!,2024-07-23
1181,196,448,3.9,Neutral,Decent place.,2024-07-09
1182,102,288,3.3,Neutral,It was okay.,2023-04-07
1183,140,456,3.8,Neutral,Average experience.,2023-03-21
1184,28,206,3.9,Neutral,Average experience.,2023-08-31
1185,160,426,3.5,Neutral,It was okay.,2024-03-14
1186,71,339,3.5,Neutral,Average experience.,2024-02-12
1187,190,195,3.8,Neutral,Decent place.,2024-06-07
1188,25,360,4.0,Positive,Loved the stay.,2023-09-06
1189,68,181,3.6,Neutral,It was okay.,2024-01-31
1190,87,421,3.6,Neutral,Could be better.,2023-07-09
1191,189,2,4.2,Positive,Beautiful place.,2023-02-23
1192,97,459,4.2,Positive,Beautiful place.,2023-06-10
1193,27,137,3.9,Neutral,Decent place.,2023-12-31
1194,197,499,3.2,Neutral,Average experience.,2024-08-24
1195,188,303,3.3,Neutral,Could be better.,2024-06-26
1196,47,167,3.6,Neutral,Decent place.,2023-03-17
1197,74,471,4.3,Positive,Highly recommended.,2025-01-05
1198,108,118,3.9,Neutral,Decent place.,2023-11-13
1199,43,128,4.1,Positive,Great experience!,2023-07-14
1200,137,321,3.4,Neutral,Average experience.,2023-05-25
1201,40,413,3.5,Neutral,Average experience.,2024-11-02
1202,188,396,4.1,Positive,Excellent service!,2025-01-04
1203,169,397,4.4,Positive,Highly recommended.,2024-11-12
1204,50,473,3.9,Neutral,Could be better.,2023-04-02
1205,92,159,3.7,Neutral,Decent place.,2024-05-27
1206,27,137,3.0,Neutral,Decent place.,2024-04-26
1207,134,326,4.7,Positive,Excellent service!,2024-10-24
1208,83,394,4.3,Positive,Loved the stay.,2024-06-14
1209,177,192,3.9,Neutral,Average experience.,2023-03-28
1210,99,53,4.3,Positive,Beautiful place.,2024-06-08
1211,60,414,4.0,Positive,Excellent service!,2024-08-26
1212,89,222,3.6,Neutral,Decent place.,2023-09-10
1213,21,363,2.7,Negative,Bad service.,2024-01-01
1214,194,342,5.0,Positive,Great experience!,2024-12-04
1215,95,110,4.1,Positive,Beautiful place.,2024-08-25
1216,106,25,3.9,Neutral,It was okay.,2024-02-26
1217,27,93,4.5,Positive,Excellent service!,2023-11-02
1218,118,46,4.7,Positive,Great experience!,2023-07-07
1219,55,102,4.4,Positive,Highly recommended.,2024-02-25
1220,173,132,4.7,Positive,Loved the stay.,2023-05-17
1221,110,107,3.5,Neutral,Decent place.,2024-02-11
1222,183,184,4.3,Positive,Highly recommended.,2023-08-20
1223,48,151,4.2,Positive,Great experience!,2023-06-18
1224,124,317,5.0,Positive,Excellent service!,2024-07-09
1225,186,210,3.9,Neutral,Average experience.,2024-06-17
1226,130,407,3.8,Neutral,It was okay.,2024-12-29
1227,48,56,4.4,Positive,Beautiful place.,2024-06-12
1228,16,402,4.4,Positive,Great experience!,2023-09-07
1229,134,488,4.8,Positive,Loved the stay.,2024-12-12
1230,173,69,4.5,Positive,Excellent service!,2023-08-09
1231,80,193,3.4,Neutral,It was okay.,2024-07-13
1232,16,402,3.8,Neutral,Could be better.,2023-04-25
1233,116,143,4.0,Positive,Highly recommended.,2023-06-07
1234,188,101,4.4,Positive,Great experience!,2023-11-09
1235,133,108,4.2,Positive,Beautiful place.,2025-01-26
1236,153,416,4.4,Positive,Great experience!,2024-08-26
1237,157,398,3.3,Neutral,Could be better.,2023-07-09
1238,82,78,3.0,Neutral,It was okay.,2024-07-03
1239,16,402,4.4,Positive,Excellent service!,2023-04-17
1240,117,498,4.6,Positive,Great experience!,2023-08-23
1241,84,500,4.5,Positive,Excellent service!,2024-06-11
1242,147,467,3.2,Neutral,Average experience.,2024-10-22
1243,173,69,4.5,Positive,Loved the stay.,2023-10-11
1244,174,241,3.8,Neutral,Average experience.,2024-10-20
1245,104,80,3.9,Neutral,It was okay.,2024-08-29
1246,124,373,4.0,Positive,Loved the stay.,2023-08-22
1247,56,483,2.8,Negative,Not recommended at all.,2025-01-07
1248,12,50,3.6,Neutral,It was okay.,2023-09-16
1249,136,156,2.9,Negative,Bad service.,2024-04-03
1250,195,306,3.7,Neutral,It was okay.,2023-09-25
1251,108,71,4.9,Positive,Beautiful place.,2023-06-08
1252,90,491,4.1,Positive,Loved the stay.,2023-05-07
1253,119,294,3.8,Neutral,It was okay.,2024-12-20
1254,190,79,4.6,Positive,Beautiful place.,2024-06-10
1255,104,310,3.2,Neutral,Decent place.,2023-03-12
1256,151,463,4.1,Positive,Highly recommended.,2023-12-23
1257,162,494,4.5,Positive,Loved the stay.,2023-06-08
1258,40,413,4.0,Positive,Highly recommended.,2023-04-16
1259,128,152,3.7,Neutral,Average experience.,2023-10-10
1260,177,239,4.9,Positive,Great experience!,2023-06-25
1261,98,384,4.3,Positive,Beautiful place.,2024-03-15
1262,177,192,4.1,Positive,Loved the stay.,2024-07-25
1263,191,451,3.6,Neutral,It was okay.,2023-01-27
1264,179,430,3.6,Neutral,Could be better.,2023-11-17
1265,137,434,3.9,Neutral,Decent place.,2024-07-05
1266,161,112,5.0,Positive,Highly recommended.,2023-09-15
1267,23,94,4.5,Positive,Loved the stay.,2024-04-27
1268,1,14,3.5,Neutral,Average experience.,2024-12-18
1269,77,223,3.4,Neutral,Average experience.,2024-07-23
1270,100,432,3.7,Neutral,It was okay.,2023-04-14
1271,24,250,4.6,Positive,Loved the stay.,2024-07-18
1272,153,65,3.4,Neutral,Average experience.,2023-07-04
1273,111,175,2.9,Negative,Bad service.,2024-05-06
1274,173,19,3.1,Neutral,Could be better.,2023-08-15
1275,134,479,2.5,Negative,Bad service.,2024-02-28
1276,184,381,3.8,Neutral,It was okay.,2024-08-09
1277,36,23,4.5,Positive,Excellent service!,2023-06-07
1278,190,39,5.0,Positive,Excellent service!,2024-11-11
1279,184,12,3.2,Neutral,Decent place.,2025-01-06
1280,163,308,4.3,Positive,Highly recommended.,2024-02-08
1281,195,306,3.0,Neutral,Could be better.,2024-03-03
1282,71,20,4.5,Positive,Beautiful place.,2024-01-20
1283,159,45,4.4,Positive,Great experience!,2024-04-17
1284,157,398,4.6,Positive,Loved the stay.,2023-11-13
1285,131,280,3.2,Neutral,Average experience.,2023-10-20
1286,194,375,3.6,Neutral,Could be better.,2024-02-17
1287,76,271,3.1,Neutral,It was okay.,2024-07-13
1288,5,225,3.8,Neutral,Average experience.,2025-01-14
1289,74,120,4.4,Positive,Great experience!,2023-12-31
1290,153,65,3.7,Neutral,Decent place.,2024-07-02
1291,82,173,3.8,Neutral,Average experience.,2024-05-18
1292,33,149,4.9,Positive,Excellent service!,2023-01-21
1293,186,240,4.6,Positive,Loved the stay.,2023-05-18
1294,160,426,3.1,Neutral,Decent place.,2024-03-18
1295,128,152,3.0,Neutral,Average experience.,2024-11-24
1296,29,427,4.4,Positive,Loved the stay.,2024-01-06
1297,173,69,5.0,Positive,Great experience!,2024-06-09
1298,28,206,4.1,Positive,Great experience!,2024-08-17
1299,71,20,4.3,Positive,Highly recommended.,2024-07-29
1300,8,55,3.7,Neutral,Average experience.,2023-02-22
1301,156,409,3.6,Neutral,Could be better.,2024-10-04
1302,15,197,3.8,Neutral,Decent place.,2024-05-28
1303,37,86,3.1,Neutral,Decent place.,2023-08-02
1304,93,312,4.5,Positive,Loved the stay.,2023-12-24
1305,47,167,4.0,Positive,Loved the stay.,2023-03-05
1306,170,205,4.8,Positive,Beautiful place.,2024-04-14
1307,8,55,3.8,Neutral,It was okay.,2024-07-21
1308,23,94,3.7,Neutral,Average experience.,2024-08-17
1309,95,110,3.9,Neutral,Decent place.,2023-02-03
1310,101,438,4.4,Positive,Highly recommended.,2023-12-28
1311,58,270,3.7,Neutral,Could be better.,2023-10-16
1312,80,487,3.4,Neutral,Decent place.,2024-01-14
1313,24,138,4.3,Positive,Excellent service!,2024-05-24
1314,31,6,5.0,Positive,Loved the stay.,2024-05-18
1315,173,19,3.0,Neutral,Could be better.,2024-11-17
1316,101,177,3.8,Neutral,Could be better.,2023-01-29
1317,76,116,3.7,Neutral,Could be better.,2024-03-10
1318,118,46,4.5,Positive,Loved the stay.,2023-07-12
1319,91,158,4.6,Positive,Loved the stay.,2023-07-25
1320,71,337,3.9,Neutral,It was okay.,2024-05-23
1321,116,410,5.0,Positive,Beautiful place.,2023-06-07
1322,22,57,4.3,Positive,Highly recommended.,2025-01-02
1323,80,382,5.0,Positive,Highly recommended.,2024-06-11
1324,169,400,4.3,Positive,Highly recommended.,2024-04-09
1325,46,399,3.8,Neutral,Average experience.,2023-10-06
1326,77,207,5.0,Positive,Excellent service!,2024-10-31
1327,21,363,3.1,Neutral,Could be better.,2024-01-16
1328,91,84,4.7,Positive,Excellent service!,2024-02-16
1329,151,199,3.7,Neutral,Could be better.,2024-05-13
1330,98,353,3.9,Neutral,Could be better.,2023-12-06
1331,69,354,3.2,Neutral,It was okay.,2024-03-18
1332,140,456,3.6,Neutral,It was okay.,2024-07-10
1333,62,21,4.2,Positive,Loved the stay.,2023-02-09
1334,24,138,4.1,Positive,Beautiful place.,2023-08-08
1335,91,213,4.0,Positive,Highly recommended.,2023-03-10
1336,157,328,4.5,Positive,Highly recommended.,2023-03-01
1337,40,413,3.1,Neutral,Decent place.,2024-06-19
1338,102,330,3.4,Neutral,Average experience.,2024-01-11
1339,133,108,5.0,Positive,Beautiful place.,2023-12-13
1340,182,196,2.9,Negative,Very disappointed.,2023-12-02
1341,78,5,4.0,Positive,Beautiful place.,2024-06-21
1342,188,126,4.0,Positive,Highly recommended.,2025-02-02
1343,163,458,4.6,Positive,Beautiful place.,2023-12-02
1344,154,259,3.4,Neutral,It was okay.,2024-08-21
1345,50,296,3.4,Neutral,Could be better.,2023-07-11
1346,117,457,3.3,Neutral,Decent place.,2024-02-21
1347,82,141,3.6,Neutral,It was okay.,2024-06-23
1348,160,426,3.7,Neutral,Average experience.,2024-06-16
1349,119,294,3.6,Neutral,It was okay.,2024-03-08
1350,188,164,3.9,Neutral,It was okay.,2024-12-19
1351,78,5,4.4,Positive,Excellent service!,2023-09-18
1352,143,59,4.5,Positive,Loved the stay.,2024-11-02
1353,94,309,3.7,Neutral,It was okay.,2023-11-24
1354,165,153,4.5,Positive,Great experience!,2023-04-29
1355,178,109,4.1,Positive,Excellent service!,2023-05-13
1356,142,43,4.3,Positive,Highly recommended.,2025-01-01
1357,76,232,4.5,Positive,Loved the stay.,2023-07-14
1358,166,201,4.7,Positive,Excellent service!,2024-07-13
1359,200,234,4.1,Positive,Excellent service!,2023-02-10
1360,148,82,4.2,Positive,Loved the stay.,2023-10-30
1361,137,495,3.3,Neutral,Average experience.,2024-08-02
1362,128,231,5.0,Positive,Great experience!,2023-08-09
1363,44,48,3.6,Neutral,Average experience.,2024-06-03
1364,18,15,3.4,Neutral,Could be better.,2024-03-24
1365,143,29,3.6,Neutral,Could be better.,2023-11-05
1366,173,19,3.8,Neutral,Decent place.,2025-01-11
1367,191,451,4.4,Positive,Excellent service!,2023-07-05
1368,2,257,4.7,Positive,Beautiful place.,2023-05-30
1369,147,61,4.2,Positive,Great experience!,2024-04-10
1370,104,310,4.1,Positive,Beautiful place.,2023-10-21
1371,52,11,3.7,Neutral,It was okay.,2023-08-16
1372,40,413,2.9,Negative,Bad service.,2024-12-31
1373,38,357,3.2,Neutral,Decent place.,2024-11-25
1374,15,383,3.0,Neutral,Decent place.,2024-04-04
1375,71,98,4.7,Positive,Loved the stay.,2023-06-05
1376,19,31,4.4,Positive,Great experience!,2024-07-02
1377,34,105,3.9,Neutral,Average experience.,2024-07-10
1378,23,94,3.7,Neutral,Decent place.,2024-12-31
1379,116,452,4.1,Positive,Loved the stay.,2023-06-08
1380,176,320,3.4,Neutral,It was okay.,2024-04-30
1381,174,26,4.8,Positive,Excellent service!,2024-04-28
1382,162,262,4.6,Positive,Beautiful place.,2023-04-20
1383,158,121,4.0,Positive,Loved the stay.,2023-10-16
1384,22,57,3.4,Neutral,It was okay.,2023-07-13
1385,81,482,4.2,Positive,Great experience!,2024-01-04
1386,52,11,3.7,Neutral,It was okay.,2024-02-13
1387,4,401,4.5,Positive,Highly recommended.,2024-08-27
1388,173,19,4.2,Positive,Highly recommended.,2024-11-23
1389,181,243,3.2,Neutral,Could be better.,2024-04-04
1390,20,345,4.2,Positive,Highly recommended.,2024-07-24
1391,46,399,3.4,Neutral,Decent place.,2023-10-29
1392,14,216,4.3,Positive,Excellent service!,2024-04-20
1393,151,463,3.9,Neutral,It was okay.,2024-06-08
1394,100,285,4.1,Positive,Great experience!,2023-06-21
1395,20,345,3.3,Neutral,Average experience.,2024-08-01
1396,91,436,4.3,Positive,Excellent service!,2023-09-23
1397,135,351,3.8,Neutral,Could be better.,2023-06-15
1398,77,207,4.4,Positive,Beautiful place.,2024-10-17
1399,97,459,4.0,Positive,Great experience!,2023-06-28
1400,30,343,4.0,Positive,Beautiful place.,2024-11-11
1401,136,49,3.8,Neutral,It was okay.,2024-11-09
1402,90,170,3.6,Neutral,Average experience.,2024-09-10
1403,110,107,3.5,Neutral,Could be better.,2024-12-28
1404,69,97,5.0,Positive,Beautiful place.,2024-06-09
1405,71,337,3.9,Neutral,It was okay.,2024-05-18
1406,19,31,4.0,Positive,Great experience!,2024-10-11
1407,97,459,3.7,Neutral,Decent place.,2024-06-19
1408,180,188,2.8,Negative,Bad service.,2023-07-18
1409,47,155,4.4,Positive,Great experience!,2024-11-09
1410,192,366,4.2,Positive,Great experience!,2024-12-06
1411,15,383,4.0,Positive,Excellent service!,2024-03-19
1412,99,53,5.0,Positive,Highly recommended.,2024-08-22
1413,200,91,2.8,Negative,Bad service.,2024-03-03
1414,92,299,5.0,Positive,Beautiful place.,2023-04-06
1415,130,340,4.4,Positive,Beautiful place.,2023-02-07
1416,139,440,4.1,Positive,Loved the stay.,2023-08-13
1417,74,461,3.3,Neutral,Decent place.,2023-07-03
1418,173,132,5.0,Positive,Highly recommended.,2024-06-14
1419,60,54,4.3,Positive,Highly recommended.,2024-03-15
1420,162,358,3.6,Neutral,Decent place.,2024-04-05
1421,14,284,4.5,Positive,Loved the stay.,2023-07-11
1422,117,13,4.2,Positive,Excellent service!,2024-09-16
1423,191,444,3.7,Neutral,It was okay.,2023-08-17
1424,76,232,4.9,Positive,Great experience!,2024-12-17
1425,107,474,4.9,Positive,Beautiful place.,2023-03-16
1426,148,82,4.2,Positive,Loved the stay.,2023-11-20
1427,59,323,4.1,Positive,Great experience!,2024-06-20
1428,74,120,4.1,Positive,Beautiful place.,2024-03-20
1429,157,398,4.0,Positive,Highly recommended.,2024-12-01
1430,56,483,3.3,Neutral,Average experience.,2023-06-26
1431,97,377,4.4,Positive,Excellent service!,2024-05-30
1432,188,164,3.2,Neutral,Decent place.,2025-01-08
1433,83,394,3.3,Neutral,It was okay.,2025-01-17
1434,46,130,4.2,Positive,Beautiful place.,2023-03-12
1435,12,314,3.5,Neutral,It was okay.,2023-12-25
1436,50,296,4.1,Positive,Loved the stay.,2023-07-17
1437,199,422,3.4,Neutral,It was okay.,2023-02-08
1438,35,411,3.2,Neutral,It was okay.,2023-06-16
1439,46,130,5.0,Positive,Highly recommended.,2023-03-09
1440,172,182,4.0,Positive,Great experience!,2023-07-17
1441,3,374,3.8,Neutral,Average experience.,2023-06-01
1442,196,260,3.3,Neutral,Could be better.,2023-10-14
1443,18,15,3.4,Neutral,Could be better.,2024-12-13
1444,167,362,3.6,Neutral,Could be better.,2024-11-11
1445,123,4,3.4,Neutral,Could be better.,2023-07-18
1446,186,212,4.2,Positive,Excellent service!,2023-08-29
1447,35,469,4.4,Positive,Highly recommended.,2023-08-09
1448,11,272,4.5,Positive,Highly recommended.,2023-08-06
1449,81,218,4.2,Positive,Beautiful place.,2023-12-11
1450,185,316,3.6,Neutral,It was okay.,2023-08-04
1451,30,476,4.5,Positive,Beautiful place.,2023-12-14
1452,154,259,3.9,Neutral,It was okay.,2024-11-10
1453,174,241,4.2,Positive,Great experience!,2023-11-26
1454,179,144,3.6,Neutral,Average experience.,2023-01-26
1455,96,447,3.2,Neutral,Could be better.,2024-09-10
1456,21,363,3.9,Neutral,It was okay.,2023-10-04
1457,82,141,3.7,Neutral,Decent place.,2024-06-18
1458,104,80,3.8,Neutral,Decent place.,2024-09-28
1459,190,124,3.4,Neutral,Average experience.,2023-05-29
1460,162,262,4.3,Positive,Great experience!,2023-02-21
1461,46,372,3.8,Neutral,It was okay.,2024-01-21
1462,97,248,3.9,Neutral,Average experience.,2024-07-11
1463,116,88,4.0,Positive,Great experience!,2023-05-31
1464,117,498,4.5,Positive,Highly recommended.,2024-03-25
1465,50,473,3.6,Neutral,Average experience.,2023-08-30
1466,18,338,4.7,Positive,Highly recommended.,2024-10-23
1467,104,310,4.1,Positive,Beautiful place.,2024-08-05
1468,61,140,3.1,Neutral,Decent place.,2024-08-11
1469,83,468,5.0,Positive,Excellent service!,2023-08-21
1470,108,118,5.0,Positive,Loved the stay.,2023-07-30
1471,81,218,4.4,Positive,Loved the stay.,2023-11-15
1472,4,401,4.3,Positive,Beautiful place.,2024-03-11
1473,78,32,4.9,Positive,Loved the stay.,2024-07-25
1474,108,230,3.2,Neutral,Average experience.,2024-05-05
1475,128,38,3.7,Neutral,It was okay.,2024-06-04
1476,198,412,4.0,Positive,Great experience!,2023-10-27
1477,147,61,3.4,Neutral,Decent place.,2024-05-05
1478,57,74,4.1,Positive,Beautiful place.,2024-08-19
1479,60,54,4.6,Positive,Loved the stay.,2024-02-26
1480,100,285,3.9,Neutral,Could be better.,2023-12-08
1481,85,168,3.1,Neutral,Decent place.,2024-06-14
1482,50,473,4.1,Positive,Beautiful place.,2024-07-12
1483,124,317,4.0,Positive,Excellent service!,2024-06-30
1484,67,497,4.3,Positive,Excellent service!,2024-06-11
1485,195,47,3.9,Neutral,Average experience.,2024-10-18
1486,19,492,4.0,Positive,Great experience!,2023-08-22
1487,185,316,3.7,Neutral,Decent place.,2023-07-29
1488,176,320,3.2,Neutral,Average experience.,2024-01-28
1489,51,385,5.0,Positive,Highly recommended.,2024-06-03
1490,148,82,3.4,Neutral,It was okay.,2023-03-01
1491,125,295,4.2,Positive,Great experience!,2023-05-16
1492,81,365,3.1,Neutral,Could be better.,2023-12-30
1493,100,453,3.5,Neutral,Average experience.,2024-06-02
1494,20,345,3.3,Neutral,Could be better.,2024-08-17
1495,176,356,3.8,Neutral,Decent place.,2024-02-11
1496,71,191,4.5,Positive,Great experience!,2024-11-08
1497,151,463,4.8,Positive,Highly recommended.,2023-04-08
1498,195,189,3.3,Neutral,It was okay.,2024-10-16
1499,104,310,4.3,Positive,Loved the stay.,2023-10-04
1500,76,232,4.2,Positive,Excellent service!,2023-11-22
1501,3,374,4.6,Positive,Beautiful place.,2023-06-15
1502,28,72,4.4,Positive,Loved the stay.,2023-03-29
1503,17,449,3.2,Neutral,Decent place.,2023-06-23
1504,179,430,3.6,Neutral,Decent place.,2024-06-17
1505,101,99,4.2,Positive,Loved the stay.,2024-02-08
1506,77,52,4.5,Positive,Great experience!,2023-07-24
1507,56,483,2.7,Negative,Not recommended at all.,2025-01-29
1508,13,493,4.0,Positive,Excellent service!,2023-06-20
1509,94,309,3.2,Neutral,Could be better.,2024-01-04
1510,36,23,4.0,Positive,Highly recommended.,2023-06-15
1511,34,370,3.7,Neutral,Could be better.,2023-06-17
1512,114,484,3.2,Neutral,Average experience.,2023-10-02
1513,124,317,4.2,Positive,Great experience!,2024-09-15
1514,35,469,3.9,Neutral,Could be better.,2023-07-28
1515,136,156,3.8,Neutral,Average experience.,2024-01-21
1516,135,161,2.9,Negative,Terrible experience.,2024-06-12
1517,91,84,4.4,Positive,Excellent service!,2024-10-11
1518,186,415,4.0,Positive,Great experience!,2023-10-27
1519,141,408,3.7,Neutral,It was okay.,2024-04-17
1520,106,36,2.8,Negative,Very disappointed.,2023-09-06
1521,143,59,3.3,Neutral,Could be better.,2023-07-10
1522,167,172,4.9,Positive,Excellent service!,2024-10-22
1523,88,224,3.1,Neutral,Average experience.,2024-07-16
1524,111,150,3.8,Neutral,Could be better.,2024-10-13
1525,127,254,4.2,Positive,Excellent service!,2023-09-01
1526,78,32,5.0,Positive,Loved the stay.,2024-07-30
1527,46,329,3.9,Neutral,Could be better.,2023-07-16
1528,158,278,3.0,Neutral,Could be better.,2023-07-15
1529,88,224,2.9,Negative,Bad service.,2024-11-13
1530,46,130,5.0,Positive,Excellent service!,2023-02-13
1531,110,450,3.5,Neutral,Average experience.,2025-01-06
1532,33,391,3.9,Neutral,Could be better.,2024-06-15
1533,35,379,3.5,Neutral,It was okay.,2023-07-30
1534,58,270,4.7,Positive,Beautiful place.,2023-05-04
1535,40,369,4.3,Positive,Beautiful place.,2023-05-24
1536,30,476,4.6,Positive,Excellent service!,2024-04-09
1537,192,366,4.5,Positive,Beautiful place.,2024-09-19
1538,101,99,3.2,Neutral,Average experience.,2024-12-15
1539,71,339,4.9,Positive,Beautiful place.,2024-07-19
1540,140,456,4.0,Positive,Great experience!,2023-04-26
1541,11,272,3.9,Neutral,Decent place.,2024-02-28
1542,12,314,4.6,Positive,Highly recommended.,2023-11-07
1543,157,398,3.5,Neutral,Could be better.,2023-07-10
1544,15,123,4.3,Positive,Great experience!,2024-03-10
1545,99,53,4.5,Positive,Highly recommended.,2024-06-18
1546,81,482,4.5,Positive,Loved the stay.,2024-11-26
1547,86,64,3.4,Neutral,It was okay.,2023-02-26
1548,195,47,3.5,Neutral,It was okay.,2024-10-30
1549,64,435,4.7,Positive,Loved the stay.,2024-06-20
1550,173,69,4.0,Positive,Highly recommended.,2023-10-11
1551,195,306,2.9,Negative,Very disappointed.,2024-08-26
1552,164,387,4.0,Positive,Great experience!,2024-05-16
1553,108,118,5.0,Positive,Beautiful place.,2023-06-09
1554,3,246,4.8,Positive,Beautiful place.,2023-12-31
1555,122,252,4.5,Positive,Loved the stay.,2024-08-02
1556,155,261,3.7,Neutral,Decent place.,2024-12-12
1557,96,376,4.1,Positive,Great experience!,2023-09-05
1558,114,228,3.8,Neutral,It was okay.,2023-07-06
1559,187,16,3.7,Neutral,Could be better.,2023-06-09
1560,170,237,4.7,Positive,Loved the stay.,2023-03-23
1561,112,333,4.7,Positive,Great experience!,2024-12-09
1562,140,180,4.6,Positive,Great experience!,2024-01-23
1563,110,450,4.1,Positive,Great experience!,2024-02-15
1564,100,285,4.3,Positive,Beautiful place.,2024-10-02
1565,71,337,4.2,Positive,Beautiful place.,2024-06-12
1566,117,77,2.6,Negative,Very disappointed.,2023-01-22
1567,96,238,3.9,Neutral,Decent place.,2024-05-31
1568,71,337,3.3,Neutral,It was okay.,2023-10-11
1569,160,426,4.3,Positive,Highly recommended.,2023-09-27
1570,116,143,4.4,Positive,Highly recommended.,2024-06-09
1571,138,122,4.2,Positive,Great experience!,2023-12-30
1572,72,464,3.0,Neutral,Average experience.,2024-07-24
1573,134,488,4.7,Positive,Highly recommended.,2024-06-06
1574,133,108,4.4,Positive,Great experience!,2024-05-07
1575,81,236,3.9,Neutral,Could be better.,2023-11-24
1576,56,483,3.9,Neutral,Average experience.,2023-06-29
1577,134,326,4.4,Positive,Excellent service!,2024-04-19
1578,22,57,4.1,Positive,Loved the stay.,2023-03-27
1579,12,50,4.2,Positive,Loved the stay.,2023-05-27
1580,34,370,3.8,Neutral,Decent place.,2023-10-30
1581,36,113,3.3,Neutral,Average experience.,2023-06-06
1582,130,198,4.2,Positive,Highly recommended.,2023-10-31
1583,46,399,3.2,Neutral,Decent place.,2024-12-16
1584,72,464,3.4,Neutral,Average experience.,2023-06-24
1585,89,190,4.6,Positive,Highly recommended.,2023-10-02
1586,178,109,4.4,Positive,Loved the stay.,2023-11-15
1587,80,441,5.0,Positive,Loved the stay.,2023-07-27
1588,19,492,3.7,Neutral,Average experience.,2024-06-01
1589,130,407,4.6,Positive,Great experience!,2025-01-25
1590,99,60,3.8,Neutral,Decent place.,2024-01-01
1591,91,84,4.1,Positive,Highly recommended.,2025-01-01
1592,68,181,3.6,Neutral,Average experience.,2023-11-18
1593,42,332,4.7,Positive,Loved the stay.,2024-01-15
1594,55,429,4.3,Positive,Excellent service!,2023-08-17
1595,128,231,4.1,Positive,Loved the stay.,2023-05-28
1596,101,177,4.3,Positive,Excellent service!,2023-05-06
1597,116,410,5.0,Positive,Loved the stay.,2024-02-20
1598,28,206,4.0,Positive,Beautiful place.,2023-08-19
1599,108,209,4.3,Positive,Loved the stay.,2024-06-02
1600,77,207,4.0,Positive,Excellent service!,2023-10-30
1601,135,161,3.9,Neutral,It was okay.,2024-09-14
1602,122,252,4.5,Positive,Excellent service!,2024-07-06
1603,154,325,5.0,Positive,Loved the stay.,2023-06-25
1604,179,336,3.7,Neutral,Decent place.,2024-02-13
1605,134,183,3.2,Neutral,Average experience.,2023-03-13
1606,137,321,3.5,Neutral,Average experience.,2023-07-18
1607,133,108,4.9,Positive,Great experience!,2024-04-19
1608,144,268,3.2,Neutral,Could be better.,2024-12-26
1609,162,95,3.8,Neutral,Decent place.,2024-12-25
1610,33,391,4.5,Positive,Loved the stay.,2024-09-10
1611,182,169,3.3,Neutral,Decent place.,2024-01-22
1612,122,252,3.6,Neutral,It was okay.,2024-06-03
1613,138,87,3.7,Neutral,Average experience.,2024-06-30
1614,96,290,3.2,Neutral,Average experience.,2023-06-27
1615,132,145,3.0,Neutral,It was okay.,2024-12-24
1616,188,101,5.0,Positive,Excellent service!,2024-03-21
1617,116,143,4.8,Positive,Highly recommended.,2024-08-14
1618,20,345,4.0,Positive,Highly recommended.,2023-07-20
1619,130,301,4.8,Positive,Highly recommended.,2024-10-19
1620,117,77,3.9,Neutral,It was okay.,2023-05-17
1621,191,444,3.3,Neutral,Decent place.,2024-04-20
1622,15,315,4.3,Positive,Highly recommended.,2024-06-22
1623,62,21,4.2,Positive,Beautiful place.,2023-05-13
1624,133,125,4.1,Positive,Great experience!,2024-11-12
1625,133,244,4.8,Positive,Beautiful place.,2024-07-24
1626,154,259,4.4,Positive,Beautiful place.,2023-12-11
1627,22,57,3.9,Neutral,It was okay.,2024-12-11
1628,27,93,4.1,Positive,Great experience!,2023-05-14
1629,17,449,4.4,Positive,Great experience!,2023-02-09
1630,33,391,4.2,Positive,Beautiful place.,2023-11-07
1631,128,38,4.0,Positive,Beautiful place.,2024-05-24
1632,162,358,3.9,Neutral,Average experience.,2023-12-15
1633,100,453,4.3,Positive,Highly recommended.,2024-01-03
1634,188,101,5.0,Positive,Great experience!,2024-12-03
1635,95,110,5.0,Positive,Highly recommended.,2025-01-17
1636,180,188,4.2,Positive,Excellent service!,2024-10-16
1637,130,340,5.0,Positive,Highly recommended.,2023-05-17
1638,16,162,4.7,Positive,Excellent service!,2023-12-19
1639,193,355,4.2,Positive,Great experience!,2023-06-04
1640,174,26,4.1,Positive,Excellent service!,2024-03-31
1641,170,205,4.5,Positive,Loved the stay.,2024-01-18
1642,34,370,3.2,Neutral,Average experience.,2023-08-17
1643,176,424,4.2,Positive,Beautiful place.,2023-08-13
1644,107,76,3.8,Neutral,Could be better.,2024-03-09
1645,34,105,4.1,Positive,Loved the stay.,2023-09-10
1646,193,355,3.9,Neutral,Average experience.,2024-05-27
1647,137,321,3.1,Neutral,It was okay.,2025-01-10
1648,197,499,3.4,Neutral,Could be better.,2024-12-19
1649,108,230,3.1,Neutral,It was okay.,2023-10-30
1650,90,491,3.8,Neutral,Could be better.,2023-12-31
1651,137,495,2.6,Negative,Terrible experience.,2024-10-01
1652,25,404,3.0,Neutral,Could be better.,2024-08-07
1653,76,232,4.5,Positive,Loved the stay.,2024-04-04
1654,151,199,4.4,Positive,Loved the stay.,2024-05-04
1655,186,210,4.5,Positive,Great experience!,2024-04-08
1656,117,8,4.3,Positive,Loved the stay.,2024-01-02
1657,130,340,4.9,Positive,Loved the stay.,2023-03-14
1658,89,361,4.4,Positive,Beautiful place.,2023-04-07
1659,149,389,4.7,Positive,Loved the stay.,2024-09-28
1660,22,57,3.5,Neutral,Average experience.,2024-05-25
1661,165,286,5.0,Positive,Great experience!,2023-11-06
1662,71,339,4.7,Positive,Excellent service!,2024-01-30
1663,139,440,3.6,Neutral,Average experience.,2024-05-23
1664,38,357,3.7,Neutral,Could be better.,2023-05-01
1665,170,245,3.6,Neutral,Could be better.,2024-01-19
1666,65,106,3.8,Neutral,Decent place.,2023-03-18
1667,101,177,3.1,Neutral,Decent place.,2023-12-04
1668,183,154,3.6,Neutral,Average experience.,2024-05-25
1669,134,488,4.8,Positive,Great experience!,2023-05-15
1670,5,51,4.9,Positive,Loved the stay.,2024-01-16
1671,33,166,4.9,Positive,Great experience!,2023-06-07
1672,47,167,4.8,Positive,Beautiful place.,2023-07-18
1673,127,160,2.7,Negative,Not recommended at all.,2024-01-11
1674,196,445,4.1,Positive,Great experience!,2023-12-02
1675,141,174,3.9,Neutral,Decent place.,2024-01-18
1676,115,249,4.5,Positive,Excellent service!,2024-02-17
1677,92,267,4.3,Positive,Loved the stay.,2023-01-21
1678,69,97,4.3,Positive,Highly recommended.,2024-03-23
1679,96,238,4.4,Positive,Highly recommended.,2023-08-28
1680,101,177,3.5,Neutral,Could be better.,2023-06-06
1681,28,466,4.7,Positive,Highly recommended.,2024-10-18
1682,71,98,4.4,Positive,Highly recommended.,2024-05-14
1683,104,276,3.3,Neutral,It was okay.,2023-07-12
1684,134,479,3.7,Neutral,Average experience.,2024-03-08
1685,139,440,4.0,Positive,Highly recommended.,2023-07-06
1686,189,2,3.3,Neutral,Average experience.,2023-02-19
1687,26,331,4.0,Positive,Great experience!,2023-07-20
1688,19,215,3.7,Neutral,Could be better.,2023-05-22
1689,35,469,3.2,Neutral,It was okay.,2023-07-21
1690,188,485,4.4,Positive,Highly recommended.,2023-02-13
1691,16,147,3.6,Neutral,Could be better.,2024-11-15
1692,98,384,4.4,Positive,Highly recommended.,2024-11-29
1693,28,206,3.9,Neutral,Average experience.,2023-10-17
1694,188,126,3.5,Neutral,Average experience.,2024-03-24
1695,123,220,3.2,Neutral,Could be better.,2024-06-10
1696,199,194,3.5,Neutral,Average experience.,2023-12-26
1697,24,250,3.6,Neutral,It was okay.,2023-08-04
1698,101,438,4.4,Positive,Great experience!,2024-12-21
1699,130,198,4.4,Positive,Excellent service!,2024-11-14
1700,88,428,3.5,Neutral,Average experience.,2024-07-23
1701,162,262,3.7,Neutral,Decent place.,2024-01-20
1702,91,436,4.8,Positive,Loved the stay.,2024-03-10
1703,118,46,3.8,Neutral,Decent place.,2024-07-04
1704,3,202,3.9,Neutral,Average experience.,2023-06-03
1705,38,465,3.7,Neutral,Average experience.,2023-01-27
1706,69,354,3.5,Neutral,Decent place.,2024-02-29
1707,133,344,2.6,Negative,Very disappointed.,2023-03-13
1708,127,160,3.5,Neutral,It was okay.,2024-01-08
1709,74,471,3.5,Neutral,Could be better.,2024-02-25
1710,98,353,4.3,Positive,Loved the stay.,2024-01-14
1711,152,81,5.0,Positive,Highly recommended.,2024-01-01
1712,60,54,4.7,Positive,Loved the stay.,2024-08-18
1713,116,143,4.8,Positive,Highly recommended.,2023-06-04
1714,104,3,4.2,Positive,Highly recommended.,2023-09-29
1715,94,309,3.5,Neutral,Decent place.,2023-12-10
1716,190,39,3.8,Neutral,Average experience.,2023-06-15
1717,101,67,4.0,Positive,Highly recommended.,2024-03-09
1718,140,456,4.0,Positive,Beautiful place.,2023-03-19
1719,149,37,3.0,Neutral,Could be better.,2024-10-26
1720,3,246,5.0,Positive,Great experience!,2023-02-05
1721,104,208,4.1,Positive,Great experience!,2024-07-01
1722,82,78,3.1,Neutral,It was okay.,2023-10-12
1723,98,353,3.0,Neutral,It was okay.,2024-03-29
1724,62,21,4.2,Positive,Beautiful place.,2024-06-02
1725,24,138,4.2,Positive,Great experience!,2024-03-02
1726,101,18,3.8,Neutral,Decent place.,2024-10-23
1727,35,469,3.3,Neutral,Decent place.,2024-10-27
1728,34,105,4.6,Positive,Beautiful place.,2023-09-10
1729,188,126,4.0,Positive,Beautiful place.,2024-04-01
1730,89,425,4.4,Positive,Beautiful place.,2024-07-19
1731,157,470,3.7,Neutral,It was okay.,2023-08-17
1732,89,136,3.7,Neutral,Decent place.,2023-02-22
1733,102,288,3.7,Neutral,Decent place.,2023-03-31
1734,68,235,5.0,Positive,Highly recommended.,2024-08-17
1735,49,176,3.5,Neutral,It was okay.,2024-09-05
1736,24,138,4.6,Positive,Excellent service!,2023-03-26
1737,185,316,3.6,Neutral,Could be better.,2023-06-02
1738,114,484,3.1,Neutral,Average experience.,2023-08-03
1739,124,242,2.7,Negative,Very disappointed.,2023-09-09
1740,12,50,4.1,Positive,Highly recommended.,2023-09-13
1741,97,459,3.6,Neutral,Decent place.,2024-05-29
1742,135,351,3.5,Neutral,Average experience.,2024-07-05
1743,15,383,4.1,Positive,Beautiful place.,2024-07-14
1744,27,93,4.6,Positive,Beautiful place.,2023-05-17
1745,179,144,4.1,Positive,Loved the stay.,2023-12-03
1746,180,188,2.8,Negative,Bad service.,2023-09-21
1747,186,415,5.0,Positive,Loved the stay.,2024-05-28
1748,35,411,3.0,Neutral,It was okay.,2024-07-28
1749,137,495,3.4,Neutral,It was okay.,2024-07-25
1750,100,453,3.5,Neutral,Could be better.,2024-12-06
1751,51,423,3.2,Neutral,Decent place.,2024-02-23
1752,101,67,3.4,Neutral,Could be better.,2024-06-05
1753,147,467,3.8,Neutral,Average experience.,2024-11-01
1754,37,86,3.6,Neutral,Could be better.,2023-07-26
1755,99,279,3.8,Neutral,Average experience.,2023-08-02
1756,119,294,3.9,Neutral,It was okay.,2024-07-15
1757,91,213,4.3,Positive,Highly recommended.,2024-01-03
1758,188,396,4.3,Positive,Beautiful place.,2024-10-23
1759,177,192,4.3,Positive,Beautiful place.,2023-01-16
1760,136,156,3.0,Neutral,It was okay.,2025-01-12
1761,151,463,3.4,Neutral,Could be better.,2024-05-16
1762,160,318,3.7,Neutral,Average experience.,2024-04-10
1763,127,160,3.1,Neutral,Could be better.,2024-08-19
1764,100,285,4.3,Positive,Great experience!,2024-08-01
1765,3,229,4.3,Positive,Beautiful place.,2023-01-30
1766,87,421,3.8,Neutral,Average experience.,2024-03-07
1767,192,366,5.0,Positive,Great experience!,2023-10-20
1768,116,143,3.9,Neutral,Average experience.,2023-07-19
1769,176,356,4.2,Positive,Loved the stay.,2023-03-09
1770,188,135,5.0,Positive,Excellent service!,2023-09-24
1771,8,55,4.3,Positive,Loved the stay.,2023-06-22
1772,102,288,3.0,Neutral,Could be better.,2023-03-10
1773,195,47,4.1,Positive,Highly recommended.,2024-01-25
1774,81,236,4.2,Positive,Excellent service!,2023-11-15
1775,91,436,4.5,Positive,Great experience!,2023-03-20
1776,7,68,3.8,Neutral,It was okay.,2024-08-05
1777,157,398,4.6,Positive,Highly recommended.,2024-06-09
1778,170,178,3.5,Neutral,Average experience.,2023-12-29
1779,35,411,3.4,Neutral,It was okay.,2024-07-10
1780,3,246,4.5,Positive,Highly recommended.,2024-06-18
1781,176,424,4.4,Positive,Great experience!,2023-07-26
1782,35,411,3.2,Neutral,Average experience.,2023-06-11
1783,146,297,3.4,Neutral,Could be better.,2024-04-16
1784,50,293,4.7,Positive,Loved the stay.,2023-10-02
1785,130,198,3.9,Neutral,Decent place.,2023-02-16
1786,176,269,3.7,Neutral,Could be better.,2025-01-05
1787,133,344,3.8,Neutral,Could be better.,2023-10-31
1788,24,250,3.3,Neutral,Could be better.,2023-06-24
1789,179,336,4.2,Positive,Loved the stay.,2023-05-31
1790,151,199,3.1,Neutral,It was okay.,2024-06-02
1791,35,469,3.8,Neutral,Decent place.,2024-08-02
1792,119,454,3.9,Neutral,It was okay.,2024-08-24
1793,21,348,4.8,Positive,Highly recommended.,2024-12-25
1794,135,351,3.7,Neutral,It was okay.,2024-08-02
1795,68,181,4.2,Positive,Excellent service!,2023-06-13
1796,143,59,4.0,Positive,Highly recommended.,2023-12-29
1797,97,248,5.0,Positive,Loved the stay.,2023-04-11
1798,80,382,4.3,Positive,Loved the stay.,2023-02-21
1799,196,41,3.7,Neutral,It was okay.,2024-07-12
1800,75,134,3.2,Neutral,Average experience.,2023-06-14
1801,152,85,3.5,Neutral,Could be better.,2023-08-02
1802,3,246,4.9,Positive,Great experience!,2023-07-21
1803,47,167,3.5,Neutral,Could be better.,2023-03-04
1804,140,180,4.4,Positive,Loved the stay.,2024-09-19
1805,40,369,4.4,Positive,Beautiful place.,2023-05-23
1806,198,412,3.7,Neutral,Decent place.,2023-10-27
1807,120,133,4.7,Positive,Great experience!,2024-07-20
1808,200,258,3.7,Neutral,Decent place.,2024-09-17
1809,89,136,3.5,Neutral,Could be better.,2023-03-08
1810,187,16,4.5,Positive,Beautiful place.,2024-08-18
1811,24,138,4.7,Positive,Loved the stay.,2024-06-09
1812,147,467,3.9,Neutral,Decent place.,2024-10-17
1813,169,397,4.9,Positive,Highly recommended.,2023-07-30
1814,35,469,3.7,Neutral,Decent place.,2023-12-18
1815,42,332,4.3,Positive,Excellent service!,2023-10-22
1816,62,21,3.9,Neutral,Could be better.,2023-06-27
1817,104,276,3.9,Neutral,Average experience.,2023-07-08
1818,112,388,3.3,Neutral,Could be better.,2024-02-23
1819,189,2,2.8,Negative,Bad service.,2023-02-22
1820,55,429,4.2,Positive,Loved the stay.,2023-09-08
1821,125,295,3.6,Neutral,Could be better.,2024-11-29
1822,106,171,3.3,Neutral,It was okay.,2024-07-02
1823,117,13,3.9,Neutral,Could be better.,2024-09-12
1824,7,115,4.6,Positive,Beautiful place.,2024-01-18
1825,156,409,4.4,Positive,Highly recommended.,2024-09-23
1826,19,215,4.5,Positive,Highly recommended.,2023-05-25
1827,77,52,4.6,Positive,Loved the stay.,2024-07-30
1828,170,205,4.2,Positive,Excellent service!,2023-02-07
1829,176,269,3.4,Neutral,Decent place.,2024-12-06
1830,92,267,3.6,Neutral,Average experience.,2024-08-29
1831,116,410,4.6,Positive,Beautiful place.,2023-06-02
1832,165,286,3.9,Neutral,Decent place.,2024-09-28
1833,58,270,4.3,Positive,Excellent service!,2024-12-29
1834,184,381,3.1,Neutral,Decent place.,2025-01-01
1835,55,102,4.6,Positive,Loved the stay.,2023-12-29
1836,71,114,4.9,Positive,Loved the stay.,2023-07-16
1837,98,34,3.4,Neutral,Average experience.,2024-11-22
1838,28,327,3.8,Neutral,Decent place.,2023-03-26
1839,43,90,3.5,Neutral,Decent place.,2024-03-02
1840,108,364,3.3,Neutral,Average experience.,2023-01-30
1841,118,352,4.1,Positive,Excellent service!,2023-06-03
1842,126,350,3.7,Neutral,Decent place.,2024-08-08
1843,12,314,3.6,Neutral,Average experience.,2023-12-24
1844,140,180,3.8,Neutral,It was okay.,2024-01-24
1845,38,357,3.4,Neutral,Could be better.,2024-12-03
1846,160,318,4.2,Positive,Beautiful place.,2024-10-29
1847,190,39,4.1,Positive,Loved the stay.,2023-10-11
1848,90,96,4.7,Positive,Excellent service!,2023-02-27
1849,177,239,4.9,Positive,Loved the stay.,2024-07-21
1850,100,432,3.5,Neutral,Decent place.,2023-05-06
1851,12,50,4.2,Positive,Great experience!,2023-09-12
1852,65,106,3.4,Neutral,Could be better.,2023-11-25
1853,148,324,3.1,Neutral,Decent place.,2023-02-12
1854,199,194,3.7,Neutral,Decent place.,2024-03-02
1855,141,408,4.5,Positive,Excellent service!,2023-10-04
1856,195,306,3.5,Neutral,Average experience.,2025-01-12
1857,48,56,4.0,Positive,Beautiful place.,2023-12-22
1858,7,115,4.8,Positive,Excellent service!,2024-04-21
1859,96,238,4.6,Positive,Great experience!,2024-05-29
1860,4,401,4.1,Positive,Beautiful place.,2024-03-11
1861,124,373,3.9,Neutral,It was okay.,2023-10-16
1862,176,356,3.6,Neutral,Average experience.,2024-10-17
1863,122,179,3.8,Neutral,Decent place.,2023-08-03
1864,118,46,4.5,Positive,Highly recommended.,2024-06-08
1865,191,444,3.9,Neutral,Could be better.,2024-04-10
1866,183,127,3.5,Neutral,Decent place.,2023-08-14
1867,101,67,3.3,Neutral,It was okay.,2024-01-05
1868,35,469,3.1,Neutral,Could be better.,2023-02-06
1869,94,92,4.0,Positive,Highly recommended.,2024-03-26
1870,188,485,4.7,Positive,Excellent service!,2023-02-02
1871,92,299,4.1,Positive,Great experience!,2023-12-07
1872,63,22,3.8,Neutral,Average experience.,2024-03-29
1873,71,98,4.2,Positive,Great experience!,2023-02-11
1874,96,42,3.6,Neutral,Could be better.,2023-05-15
1875,183,203,3.4,Neutral,Could be better.,2024-11-30
1876,100,432,3.2,Neutral,It was okay.,2023-12-28
1877,104,310,3.5,Neutral,It was okay.,2023-10-06
1878,124,349,4.0,Positive,Loved the stay.,2023-06-15
1879,191,451,4.2,Positive,Excellent service!,2023-10-27
1880,12,50,4.5,Positive,Highly recommended.,2024-01-29
1881,143,59,3.7,Neutral,Average experience.,2023-12-11
1882,3,246,4.1,Positive,Loved the stay.,2024-08-18
1883,97,377,3.8,Neutral,It was okay.,2023-06-18
1884,81,482,4.8,Positive,Loved the stay.,2024-04-20
1885,191,444,3.3,Neutral,Decent place.,2023-04-05
1886,97,17,5.0,Positive,Beautiful place.,2023-03-30
1887,16,147,4.5,Positive,Great experience!,2024-01-06
1888,147,61,3.4,Neutral,It was okay.,2024-03-01
1889,34,370,3.1,Neutral,Could be better.,2023-03-17
1890,3,246,4.5,Positive,Excellent service!,2023-07-25
1891,134,326,5.0,Positive,Great experience!,2024-09-26
1892,113,335,3.4,Neutral,Could be better.,2024-07-22
1893,104,100,4.0,Positive,Beautiful place.,2023-03-06
1894,7,115,4.3,Positive,Loved the stay.,2024-01-21
1895,100,285,3.8,Neutral,Average experience.,2024-11-29
1896,199,194,3.7,Neutral,Could be better.,2024-12-31
1897,73,431,3.5,Neutral,Average experience.,2023-05-19
1898,99,279,4.6,Positive,Loved the stay.,2023-07-20
1899,26,35,3.5,Neutral,It was okay.,2023-12-14
1900,84,500,4.5,Positive,Excellent service!,2024-01-22
1901,108,209,4.4,Positive,Excellent service!,2024-06-02
1902,17,62,4.8,Positive,Loved the stay.,2023-04-25
1903,7,115,3.7,Neutral,Decent place.,2024-04-24
1904,50,1,4.4,Positive,Loved the stay.,2023-08-30
1905,94,309,4.1,Positive,Loved the stay.,2023-04-21
1906,69,354,4.1,Positive,Beautiful place.,2023-12-13
1907,16,147,3.2,Neutral,Could be better.,2024-08-10
1908,97,17,4.4,Positive,Excellent service!,2023-06-29
1909,144,264,5.0,Positive,Great experience!,2023-02-11
1910,151,463,3.8,Neutral,It was okay.,2023-07-19
1911,22,57,3.6,Neutral,It was okay.,2023-03-27
1912,116,452,3.1,Neutral,Decent place.,2023-06-10
1913,100,453,3.4,Neutral,It was okay.,2023-02-27
1914,156,409,3.3,Neutral,It was okay.,2023-08-25
1915,189,2,4.1,Positive,Excellent service!,2023-09-13
1916,159,45,3.3,Neutral,Average experience.,2024-04-25
1917,35,411,4.2,Positive,Great experience!,2024-06-20
1918,135,351,3.6,Neutral,Could be better.,2024-08-16
1919,50,477,3.8,Neutral,Could be better.,2023-05-16
1920,186,240,4.0,Positive,Beautiful place.,2024-04-12
1921,1,129,4.3,Positive,Great experience!,2024-12-18
1922,111,150,4.4,Positive,Highly recommended.,2024-10-09
1923,174,241,4.0,Positive,Great experience!,2024-12-15
1924,117,8,3.7,Neutral,It was okay.,2024-05-15
1925,51,385,5.0,Positive,Excellent service!,2024-08-08
1926,38,443,3.5,Neutral,Average experience.,2024-06-02
1927,138,122,4.5,Positive,Excellent service!,2024-01-04
1928,57,74,4.6,Positive,Loved the stay.,2023-09-12
1929,73,431,4.5,Positive,Loved the stay.,2023-08-01
1930,143,59,4.5,Positive,Loved the stay.,2024-09-04
1931,91,436,4.2,Positive,Highly recommended.,2024-01-14
1932,196,260,3.4,Neutral,Average experience.,2023-06-03
1933,16,147,3.7,Neutral,Average experience.,2024-01-26
1934,71,191,4.4,Positive,Loved the stay.,2024-05-16
1935,170,245,4.0,Positive,Loved the stay.,2024-09-03
1936,69,97,4.9,Positive,Loved the stay.,2024-06-01
1937,116,410,4.8,Positive,Great experience!,2023-05-30
1938,165,153,4.7,Positive,Highly recommended.,2023-06-21
1939,50,477,3.7,Neutral,Could be better.,2023-05-20
1940,157,470,4.2,Positive,Beautiful place.,2023-12-30
1941,112,333,4.8,Positive,Beautiful place.,2023-05-17
1942,195,306,3.7,Neutral,Could be better.,2024-01-06
1943,82,78,3.2,Neutral,It was okay.,2024-04-07
1944,92,267,4.6,Positive,Highly recommended.,2024-02-13
1945,24,250,4.0,Positive,Highly recommended.,2023-08-04
1946,162,262,4.4,Positive,Great experience!,2023-10-22
1947,64,435,4.7,Positive,Highly recommended.,2023-12-26
1948,68,235,4.1,Positive,Excellent service!,2024-02-11
1949,56,204,4.5,Positive,Loved the stay.,2023-11-25
1950,136,156,2.9,Negative,Not recommended at all.,2024-01-19
1951,138,341,4.2,Positive,Highly recommended.,2024-07-23
1952,40,413,3.5,Neutral,Average experience.,2023-08-22
1953,48,56,4.6,Positive,Great experience!,2023-10-29
1954,29,427,4.7,Positive,Excellent service!,2023-12-18
1955,176,269,4.1,Positive,Highly recommended.,2024-01-18
1956,80,386,4.7,Positive,Highly recommended.,2023-02-22
1957,90,96,5.0,Positive,Great experience!,2023-10-09
1958,160,426,3.2,Neutral,Average experience.,2024-10-06
1959,173,132,5.0,Positive,Great experience!,2023-01-20
1960,195,306,3.4,Neutral,Could be better.,2024-05-14
1961,139,440,4.9,Positive,Highly recommended.,2024-04-11
1962,19,70,3.8,Neutral,It was okay.,2024-04-13
1963,116,88,4.5,Positive,Loved the stay.,2023-07-12
1964,76,116,2.9,Negative,Terrible experience.,2023-04-27
1965,117,13,4.5,Positive,Highly recommended.,2024-09-19
1966,46,399,4.1,Positive,Great experience!,2023-06-29
1967,35,469,4.4,Positive,Highly recommended.,2024-10-11
1968,106,36,4.0,Positive,Excellent service!,2023-05-13
1969,12,314,4.0,Positive,Great experience!,2024-01-03
1970,91,480,4.2,Positive,Excellent service!,2023-05-29
1971,91,213,4.3,Positive,Loved the stay.,2024-11-13
1972,137,434,4.5,Positive,Excellent service!,2024-07-08
1973,124,313,4.4,Positive,Loved the stay.,2024-11-29
1974,28,287,3.5,Neutral,Decent place.,2024-12-13
1975,132,145,4.2,Positive,Excellent service!,2025-01-05
1976,32,104,4.8,Positive,Highly recommended.,2023-11-11
1977,88,224,4.2,Positive,Loved the stay.,2023-08-13
1978,64,435,4.3,Positive,Loved the stay.,2023-03-12
1979,25,360,4.4,Positive,Highly recommended.,2023-07-22
1980,140,180,3.2,Neutral,Decent place.,2023-09-15
1981,96,290,3.5,Neutral,Could be better.,2023-06-02
1982,127,160,3.4,Neutral,It was okay.,2024-05-19
1983,172,182,4.5,Positive,Highly recommended.,2023-10-08
1984,183,203,3.6,Neutral,Average experience.,2023-08-09
1985,188,485,4.5,Positive,Beautiful place.,2024-12-17
1986,82,78,4.0,Positive,Highly recommended.,2023-04-02
1987,165,153,4.8,Positive,Loved the stay.,2023-11-18
1988,142,302,3.9,Neutral,Average experience.,2023-09-14
1989,32,104,4.7,Positive,Great experience!,2023-06-03
1990,200,91,3.9,Neutral,Decent place.,2024-10-10
1991,76,214,4.2,Positive,Loved the stay.,2024-03-26
1992,36,311,3.9,Neutral,Average experience.,2024-07-18
1993,101,18,4.5,Positive,Great experience!,2023-12-27
1994,108,118,5.0,Positive,Highly recommended.,2024-07-24
1995,99,53,4.2,Positive,Loved the stay.,2024-09-11
1996,141,174,4.5,Positive,Beautiful place.,2024-02-19
1997,63,33,3.0,Neutral,Could be better.,2023-12-21
1998,77,52,3.7,Neutral,Average experience.,2024-07-18
1999,92,267,5.0,Positive,Excellent service!,2024-09-16
2000,101,438,3.7,Neutral,Average experience.,2024-01-17
