booking_id,tourist_id,hotel_id,destination_id,booking_date,check_in,check_out,season,payment_method,hotel_cost,food_cost,transport_cost,shopping_cost,activity_cost,discount,total_cost,stay_duration,revenue,profit,average_daily_cost
1,958,351,135,2024-06-10,2024-07-12,2024-07-17,Monsoon,Net Banking,4276.8,17479.53,5121.24,16426.05,1066.46,491.9,43878.18,5,43878.18,8775.64,8775.64
2,91,387,164,2024-04-06,2024-04-26,2024-05-02,Summer,Cash,32727.78,22888.8,12540.81,32396.85,12860.35,262.82,113151.77,6,113151.77,22630.35,18858.63
3,866,202,3,2023-02-18,2023-04-15,2023-04-21,Summer,Net Banking,26427.42,10552.78,1338.64,2701.75,3951.61,424.35,44547.85,6,44547.85,8909.57,7424.64
4,609,50,12,2024-11-27,2024-12-23,2024-12-25,Winter,Credit Card,27986.24,3221.42,3697.65,7393.63,685.57,860.85,42123.66,2,42123.66,8424.73,21061.83
5,148,288,102,2024-08-17,2024-09-05,2024-09-12,Autumn,Debit Card,45942.61,6659.37,2243.56,9891.59,522.58,3342.02,61917.69,7,61917.69,12383.54,8845.38
6,705,103,88,2022-11-23,2023-01-05,2023-01-07,Winter,Cash,10918.86,4646.13,6541.83,17054.73,12292.35,726.89,50727.01,2,50727.01,10145.4,25363.5
7,57,475,177,2024-02-29,2024-03-16,2024-03-19,Summer,Cash,9693.27,4808.2,6211.87,7904.34,5046.4,179.13,33484.95,3,33484.95,6696.99,11161.65
8,150,326,134,2022-12-06,2023-01-27,2023-02-03,Winter,Debit Card,133890.96,10586.29,7933.32,10933.62,4333.11,5824.98,161852.32,7,161852.32,32370.46,23121.76
9,684,52,77,2024-10-26,2024-12-12,2024-12-16,Winter,Net Banking,21354.4,4314.92,4199.42,4639.64,3347.23,474.6,37381.01,4,37381.01,7476.2,9345.25
10,291,235,68,2023-12-21,2024-02-01,2024-02-05,Winter,Credit Card,21986.24,5870.65,4572.88,6198.76,649.21,2991.42,36286.32,4,36286.32,7257.26,9071.58
11,986,72,28,2024-06-04,2024-06-09,2024-06-12,Monsoon,UPI,3248.34,3752.87,4444.09,2107.8,3658.93,255.83,16956.2,3,16956.2,3391.24,5652.07
12,526,33,63,2023-01-25,2023-03-12,2023-03-19,Summer,Cash,10319.89,12712.6,6949.31,14160.54,2653.54,1180.5,45615.38,7,45615.38,9123.08,6516.48
13,311,473,50,2024-05-09,2024-06-13,2024-06-19,Monsoon,Debit Card,111796.98,8184.35,4709.65,7753.98,2339.02,2170.35,132613.63,6,132613.63,26522.73,22102.27
14,332,302,142,2024-11-05,2024-12-19,2024-12-24,Winter,Credit Card,23078.15,2836.97,4408.12,1591.8,837.89,367.71,32385.22,5,32385.22,6477.04,6477.04
15,957,348,21,2023-09-30,2023-11-25,2023-12-02,Autumn,Debit Card,12904.57,9214.07,9046.04,14563.26,3688.58,1884.04,47532.48,7,47532.48,9506.5,6790.35
16,945,33,63,2023-12-28,2024-01-04,2024-01-11,Winter,Credit Card,10319.89,8136.05,2497.29,6312.94,603.11,269.45,27599.83,7,27599.83,5519.97,3942.83
17,111,358,162,2023-05-11,2023-06-21,2023-06-27,Monsoon,Debit Card,12810.42,8570.63,5335.94,12219.28,2320.63,1426.1,39830.8,6,39830.8,7966.16,6638.47
18,445,417,90,2023-05-22,2023-07-03,2023-07-05,Monsoon,Credit Card,28604.92,1610.62,4240.04,8932.91,1758.46,1750.74,43396.21,2,43396.21,8679.24,21698.1
19,560,443,38,2022-12-02,2023-01-22,2023-01-29,Winter,Cash,16073.54,8709.84,4329.61,5703.7,2158.07,848.94,36125.82,7,36125.82,7225.16,5160.83
20,634,461,74,2023-07-17,2023-07-26,2023-07-31,Monsoon,Net Banking,12163.7,7191.03,4495.91,5691.52,945.17,943.75,29543.58,5,29543.58,5908.72,5908.72
21,104,61,147,2023-05-12,2023-06-20,2023-06-24,Monsoon,Credit Card,4352.6,3344.13,4762.47,9222.73,1379.84,459.16,22602.61,4,22602.61,4520.52,5650.65
22,70,447,96,2024-07-26,2024-09-03,2024-09-09,Autumn,Debit Card,23372.34,10678.76,4727.24,5000.47,1897.27,198.6,45477.48,6,45477.48,9095.5,7579.58
23,715,457,117,2023-12-25,2024-02-09,2024-02-11,Winter,Credit Card,40424.74,2014.14,2043.52,3345.41,3176.58,844.61,50159.78,2,50159.78,10031.96,25079.89
24,561,419,39,2023-06-02,2023-07-08,2023-07-10,Monsoon,Cash,5225.58,13366.7,13724.51,27560.67,2245.56,768.99,61354.03,2,61354.03,12270.81,30677.02
25,973,214,76,2023-07-14,2023-08-18,2023-08-21,Monsoon,UPI,6644.13,17117.94,5098.48,17877.48,4638.09,349.07,51027.05,3,51027.05,10205.41,17009.02
26,490,156,136,2023-11-23,2023-12-01,2023-12-03,Winter,Debit Card,11791.84,5205.12,8882.36,13638.82,6165.46,977.24,44706.36,2,44706.36,8941.27,22353.18
27,54,199,151,2023-05-26,2023-07-14,2023-07-19,Monsoon,Cash,11120.05,7066.56,5503.62,17942.93,7877.74,613.34,48897.56,5,48897.56,9779.51,9779.51
28,199,176,49,2023-05-20,2023-06-08,2023-06-10,Monsoon,Cash,6122.12,1854.27,4774.07,13546.24,5988.73,492.42,31793.01,2,31793.01,6358.6,15896.5
29,47,411,35,2023-01-19,2023-01-27,2023-01-29,Winter,Credit Card,2621.14,1380.15,1722.37,437.19,1723.84,257.61,7627.08,2,7627.08,1525.42,3813.54
30,251,150,111,2024-02-29,2024-04-16,2024-04-18,Summer,Credit Card,10589.64,2212.44,8556.27,3705.5,5343.11,1292.08,29114.88,2,29114.88,5822.98,14557.44
31,920,469,35,2024-08-30,2024-09-23,2024-09-27,Autumn,Cash,54386.16,3756.1,3614.58,5268.44,1436.37,5692.37,62769.28,4,62769.28,12553.86,15692.32
32,516,54,60,2023-12-10,2024-01-23,2024-01-28,Winter,UPI,63450.3,3088.35,4648.2,8414.25,2323.48,2902.27,79022.31,5,79022.31,15804.46,15804.46
33,567,108,133,2023-01-13,2023-02-02,2023-02-09,Winter,Net Banking,13877.64,10324.03,2815.05,1142.39,2246.18,70.27,30335.02,7,30335.02,6067.0,4333.57
34,285,302,142,2023-08-11,2023-09-02,2023-09-08,Autumn,Net Banking,27693.78,14916.43,8902.18,7693.26,1310.91,854.62,59661.94,6,59661.94,11932.39,9943.66
35,189,338,18,2023-05-29,2023-06-22,2023-06-24,Monsoon,Cash,24522.78,3288.99,4748.9,9100.54,3140.67,1236.75,43565.13,2,43565.13,8713.03,21782.56
36,849,465,38,2023-04-19,2023-04-25,2023-04-29,Summer,Cash,53520.56,4604.46,2710.2,7292.26,3073.95,458.55,70742.88,4,70742.88,14148.58,17685.72
37,112,284,14,2024-04-19,2024-05-28,2024-06-02,Summer,Net Banking,11408.85,13589.04,6546.42,10378.26,2137.84,652.51,43407.9,5,43407.9,8681.58,8681.58
38,764,474,107,2023-01-12,2023-03-09,2023-03-16,Summer,UPI,29691.62,7916.65,3599.51,9770.48,3026.45,1757.45,52247.26,7,52247.26,10449.45,7463.89
39,631,141,82,2024-04-10,2024-05-26,2024-06-01,Summer,Credit Card,34645.32,4118.76,3273.76,3209.89,1425.81,929.11,45744.43,6,45744.43,9148.89,7624.07
40,474,9,171,2024-09-05,2024-10-02,2024-10-07,Autumn,Cash,59017.1,7440.87,2221.81,16899.02,2641.61,5402.97,82817.44,5,82817.44,16563.49,16563.49
41,322,489,83,2022-11-16,2023-01-09,2023-01-13,Winter,UPI,16516.4,7214.33,1508.89,6303.38,1014.16,1530.94,31026.22,4,31026.22,6205.24,7756.56
42,51,120,74,2022-12-20,2023-02-06,2023-02-12,Winter,Net Banking,9120.48,8219.02,1167.82,7173.58,712.85,977.56,25416.19,6,25416.19,5083.24,4236.03
43,266,500,84,2024-02-28,2024-04-18,2024-04-20,Summer,Cash,3411.34,6134.73,5171.95,18249.77,3226.1,39.63,36154.26,2,36154.26,7230.85,18077.13
44,209,167,47,2024-05-18,2024-07-03,2024-07-08,Monsoon,UPI,5877.6,3573.1,2306.16,7881.64,1672.45,359.83,20951.12,5,20951.12,4190.22,4190.22
45,668,192,177,2024-06-14,2024-06-20,2024-06-23,Monsoon,UPI,17050.02,3061.35,8498.22,16413.71,1060.87,1557.62,44526.55,3,44526.55,8905.31,14842.18
46,828,161,135,2024-05-09,2024-06-07,2024-06-13,Monsoon,Credit Card,16835.16,16044.36,2880.54,13727.01,4990.04,2412.09,52065.02,6,52065.02,10413.0,8677.5
47,982,479,134,2024-10-28,2024-12-18,2024-12-20,Winter,Cash,8441.42,6789.23,6856.82,13183.96,4642.35,401.31,39512.47,2,39512.47,7902.49,19756.24
48,200,429,55,2023-06-21,2023-07-11,2023-07-15,Monsoon,Debit Card,16780.8,9469.85,7985.51,2308.34,2687.33,1844.54,37387.29,4,37387.29,7477.46,9346.82
49,902,210,186,2024-04-11,2024-05-18,2024-05-20,Summer,UPI,3770.26,5919.98,6841.75,8979.36,3931.95,321.99,29121.31,2,29121.31,5824.26,14560.66
50,847,65,153,2023-10-25,2023-11-25,2023-12-02,Autumn,Cash,168726.18,10491.98,3422.18,7958.56,1695.5,2985.54,189308.86,7,189308.86,37861.77,27044.12
51,419,216,14,2023-06-13,2023-07-19,2023-07-26,Monsoon,Debit Card,104464.36,12948.66,4505.62,155.12,922.76,4127.01,118869.51,7,118869.51,23773.9,16981.36
52,568,365,81,2023-10-06,2023-12-05,2023-12-07,Winter,Net Banking,8843.08,1071.79,1667.74,730.15,2302.14,702.11,13912.79,2,13912.79,2782.56,6956.4
53,398,463,151,2023-04-25,2023-06-13,2023-06-19,Monsoon,Debit Card,9307.14,9407.85,1476.12,8974.26,3644.24,825.75,31983.86,6,31983.86,6396.77,5330.64
54,632,56,48,2023-10-12,2023-12-03,2023-12-07,Winter,Net Banking,3782.72,7464.05,3523.33,7406.97,2024.92,429.9,23772.09,4,23772.09,4754.42,5943.02
55,717,69,173,2023-06-30,2023-07-05,2023-07-11,Monsoon,Cash,17808.48,6328.87,3597.62,3793.75,2035.05,1358.79,32204.98,6,32204.98,6441.0,5367.5
56,603,144,179,2023-11-14,2023-12-08,2023-12-13,Winter,UPI,5260.75,2862.16,3070.71,5251.94,2278.8,732.33,17992.03,5,17992.03,3598.41,3598.41
57,293,166,33,2023-04-28,2023-05-05,2023-05-12,Summer,Debit Card,24964.87,14437.16,3803.44,15832.51,2880.51,1300.72,60617.77,7,60617.77,12123.55,8659.68
58,170,61,147,2024-03-27,2024-04-15,2024-04-18,Summer,UPI,3264.45,10307.56,3667.89,10911.06,1568.55,113.44,29606.07,3,29606.07,5921.21,9868.69
59,286,73,174,2022-12-20,2023-02-01,2023-02-03,Winter,Cash,4883.44,4704.75,3204.96,8790.59,6081.11,270.69,27394.16,2,27394.16,5478.83,13697.08
60,289,483,56,2024-11-21,2024-12-24,2024-12-30,Winter,Debit Card,8617.02,10479.34,2179.77,1096.15,2972.13,1091.88,24252.53,6,24252.53,4850.51,4042.09
61,456,456,140,2024-04-04,2024-06-03,2024-06-06,Monsoon,UPI,46995.18,4792.35,1465.85,3537.21,776.73,5592.33,51974.99,3,51974.99,10395.0,17325.0
62,745,39,190,2024-03-06,2024-04-09,2024-04-16,Summer,Cash,18739.42,10556.86,1296.35,6879.38,3622.95,107.82,40987.14,7,40987.14,8197.43,5855.31
63,103,478,40,2024-07-11,2024-09-07,2024-09-13,Autumn,Credit Card,13938.48,41553.51,12632.9,8852.89,9187.93,1823.39,84342.32,6,84342.32,16868.46,14057.05
64,226,345,20,2024-03-30,2024-05-05,2024-05-08,Summer,Net Banking,4000.74,2771.7,1794.29,8758.64,3827.91,514.39,20638.89,3,20638.89,4127.78,6879.63
65,768,110,95,2022-12-07,2023-01-16,2023-01-22,Winter,Debit Card,76407.6,18779.83,2310.5,13759.63,5293.65,7232.28,109318.93,6,109318.93,21863.79,18219.82
66,241,327,28,2023-03-13,2023-05-10,2023-05-13,Summer,UPI,9043.59,4505.89,2960.89,6300.27,2592.45,737.16,24665.93,3,24665.93,4933.19,8221.98
67,303,50,12,2024-04-11,2024-05-14,2024-05-18,Summer,Debit Card,55972.48,11949.02,2926.55,9294.72,3232.34,953.24,82421.87,4,82421.87,16484.37,20605.47
68,714,204,56,2024-08-02,2024-09-27,2024-10-02,Autumn,Cash,26486.2,20124.08,6981.98,10473.49,8194.34,3535.16,68724.93,5,68724.93,13744.99,13744.99
69,802,210,186,2023-11-22,2024-01-09,2024-01-13,Winter,Net Banking,7540.52,4348.27,2767.81,3986.8,3693.29,303.49,22033.2,4,22033.2,4406.64,5508.3
70,746,113,36,2023-04-07,2023-05-10,2023-05-15,Summer,Debit Card,6988.05,6793.79,1666.14,2062.01,2688.5,993.57,19204.92,5,19204.92,3840.98,3840.98
71,629,313,124,2023-04-18,2023-04-24,2023-04-29,Summer,Credit Card,9021.7,8353.25,2333.15,3527.01,3181.05,85.88,26330.28,5,26330.28,5266.06,5266.06
72,51,266,74,2023-01-07,2023-03-06,2023-03-12,Summer,Net Banking,11844.06,10737.51,1917.34,8012.85,3687.29,588.95,35610.1,6,35610.1,7122.02,5935.02
73,221,284,14,2023-07-05,2023-09-02,2023-09-04,Autumn,Cash,4563.54,2615.12,5183.5,9698.0,2098.62,206.36,23952.42,2,23952.42,4790.48,11976.21
74,236,324,148,2023-11-10,2023-12-02,2023-12-09,Winter,Credit Card,112779.8,12036.46,2511.43,4007.51,3364.04,14829.78,119869.46,7,119869.46,23973.89,17124.21
75,883,44,179,2023-12-27,2024-01-01,2024-01-08,Winter,Cash,6873.51,9851.15,1607.39,7358.73,3274.17,200.31,28764.64,7,28764.64,5752.93,4109.23
76,621,440,139,2024-04-07,2024-05-14,2024-05-21,Summer,Credit Card,125142.64,6672.62,2835.62,996.79,3892.42,10816.1,128723.99,7,128723.99,25744.8,18389.14
77,386,150,111,2023-05-05,2023-06-14,2023-06-18,Monsoon,Net Banking,21179.28,3706.54,3811.52,5065.94,1838.43,3155.14,32446.57,4,32446.57,6489.31,8111.64
78,746,202,3,2023-10-27,2023-11-15,2023-11-21,Autumn,Credit Card,26427.42,6576.14,1928.46,3698.22,2471.04,2548.21,38553.07,6,38553.07,7710.61,6425.51
79,341,74,57,2023-06-25,2023-08-04,2023-08-07,Monsoon,Debit Card,5360.64,5391.72,2959.25,2499.69,994.66,495.72,16710.24,3,16710.24,3342.05,5570.08
80,485,268,144,2023-07-10,2023-09-02,2023-09-07,Autumn,UPI,23858.7,10060.09,7131.68,15017.82,1130.01,2465.79,54732.51,5,54732.51,10946.5,10946.5
81,614,209,108,2024-09-05,2024-09-23,2024-09-29,Autumn,Net Banking,25992.54,7910.3,2252.06,6520.09,1626.43,2763.79,41537.63,6,41537.63,8307.53,6922.94
82,527,285,100,2023-10-03,2023-11-04,2023-11-11,Autumn,Credit Card,22859.34,7444.7,4027.55,1620.93,3118.52,569.87,38501.17,7,38501.17,7700.23,5500.17
83,449,446,176,2023-11-08,2023-12-14,2023-12-17,Winter,Cash,30838.41,3692.37,3995.97,5470.85,1897.92,1372.7,44522.82,3,44522.82,8904.56,14840.94
84,446,151,48,2024-06-22,2024-07-17,2024-07-23,Monsoon,UPI,12831.6,14533.73,2994.81,5223.54,5215.65,1545.21,39254.12,6,39254.12,7850.82,6542.35
85,975,366,192,2024-04-12,2024-05-16,2024-05-19,Summer,UPI,3253.32,11343.72,7761.04,17047.92,1947.37,255.9,41097.47,3,41097.47,8219.49,13699.16
86,850,243,181,2023-12-23,2024-01-06,2024-01-11,Winter,Credit Card,61188.7,19899.65,2044.82,14029.29,2394.87,861.36,98695.97,5,98695.97,19739.19,19739.19
87,470,170,90,2024-02-05,2024-02-20,2024-02-22,Winter,UPI,4385.18,5818.06,9066.75,6899.15,1098.91,126.71,27141.34,2,27141.34,5428.27,13570.67
88,292,421,87,2024-09-29,2024-11-19,2024-11-23,Autumn,UPI,69274.36,5747.01,2613.07,2547.49,2393.56,6851.59,75723.9,4,75723.9,15144.78,18930.97
89,80,304,170,2023-01-24,2023-02-09,2023-02-13,Winter,Cash,18946.6,2613.93,4187.54,5873.17,3181.19,938.31,33864.12,4,33864.12,6772.82,8466.03
90,791,437,161,2024-11-04,2024-12-26,2025-01-01,Winter,Net Banking,34659.3,4883.76,1010.68,2318.31,1257.55,4832.62,39296.98,6,39296.98,7859.4,6549.5
91,630,76,107,2024-02-23,2024-02-28,2024-03-03,Winter,Credit Card,53252.72,13276.3,2175.76,9210.69,3670.04,5310.7,76274.81,4,76274.81,15254.96,19068.7
92,335,155,47,2023-05-29,2023-07-08,2023-07-13,Monsoon,Net Banking,42490.8,29895.83,13769.92,12779.7,12366.98,2020.26,109282.97,5,109282.97,21856.59,21856.59
93,81,453,100,2023-06-22,2023-08-06,2023-08-10,Monsoon,Debit Card,4491.0,12670.66,5835.5,8821.68,5870.48,461.7,37227.62,4,37227.62,7445.52,9306.91
94,572,461,74,2024-05-31,2024-06-06,2024-06-10,Monsoon,Net Banking,9730.96,6624.47,2383.97,4240.78,2659.41,1279.08,24360.51,4,24360.51,4872.1,6090.13
95,943,481,43,2024-01-14,2024-03-06,2024-03-08,Summer,Debit Card,3623.66,2326.24,3104.01,56.15,1586.37,51.15,10645.28,2,10645.28,2129.06,5322.64
96,378,469,35,2023-04-28,2023-05-20,2023-05-22,Summer,UPI,27193.08,2925.02,2593.18,9957.38,2964.93,1118.34,44515.25,2,44515.25,8903.05,22257.62
97,59,498,117,2023-06-08,2023-07-28,2023-08-02,Monsoon,Cash,12257.75,7241.8,2961.2,4734.48,3562.28,1380.07,29377.44,5,29377.44,5875.49,5875.49
98,827,54,60,2022-12-01,2023-01-20,2023-01-23,Winter,Debit Card,38070.18,5419.11,1526.59,4195.73,3460.31,320.06,52351.86,3,52351.86,10470.37,17450.62
99,653,364,108,2023-01-20,2023-02-28,2023-03-04,Winter,Debit Card,8972.52,5930.63,3949.81,3326.65,2851.97,1210.84,23820.74,4,23820.74,4764.15,5955.18
100,920,364,108,2024-05-12,2024-05-17,2024-05-24,Summer,Net Banking,15701.91,7871.98,3670.89,614.83,1175.29,1793.06,27241.84,7,27241.84,5448.37,3891.69
101,152,374,3,2023-05-08,2023-05-15,2023-05-19,Summer,Cash,55384.16,11491.56,10878.71,6226.86,11210.04,6960.62,88230.71,4,88230.71,17646.14,22057.68
102,4,160,127,2024-03-09,2024-04-04,2024-04-09,Summer,Cash,4322.7,15787.43,2419.89,16744.91,1455.42,595.24,40135.11,5,40135.11,8027.02,8027.02
103,187,374,3,2024-02-03,2024-03-19,2024-03-21,Summer,Debit Card,27692.08,6732.42,3740.21,7490.59,1568.92,3008.51,44215.71,2,44215.71,8843.14,22107.86
104,253,158,91,2023-10-02,2023-11-24,2023-12-01,Autumn,Debit Card,47327.0,12168.21,4531.04,5167.38,2657.47,4011.25,67839.85,7,67839.85,13567.97,9691.41
105,424,116,76,2024-10-22,2024-11-07,2024-11-11,Autumn,UPI,6565.24,22267.26,7409.45,17635.88,9091.57,343.55,62625.85,4,62625.85,12525.17,15656.46
106,658,268,144,2023-04-05,2023-06-02,2023-06-08,Monsoon,Net Banking,28630.44,8802.68,6549.69,19875.11,4036.97,2774.32,65120.57,6,65120.57,13024.11,10853.43
107,699,408,141,2024-03-17,2024-04-23,2024-04-29,Summer,UPI,9005.88,13740.54,14737.09,9295.7,7692.87,42.48,54429.6,6,54429.6,10885.92,9071.6
108,119,265,4,2023-07-03,2023-07-16,2023-07-21,Monsoon,Cash,5235.3,8860.38,5859.14,11849.49,6578.03,253.16,38129.18,5,38129.18,7625.84,7625.84
109,108,323,59,2023-04-05,2023-05-06,2023-05-11,Summer,UPI,42525.9,10050.08,9223.84,3742.23,3506.03,1038.14,68009.94,5,68009.94,13601.99,13601.99
110,560,96,90,2024-09-12,2024-10-26,2024-10-31,Autumn,Cash,5431.2,6819.74,2739.87,3993.33,3419.34,205.77,22197.71,5,22197.71,4439.54,4439.54
111,383,308,163,2024-02-03,2024-02-10,2024-02-13,Winter,Cash,32358.93,3970.7,5407.15,5387.22,5042.42,2878.7,49287.72,3,49287.72,9857.54,16429.24
112,168,263,182,2023-12-02,2024-01-20,2024-01-26,Winter,Debit Card,10333.44,23126.89,6543.91,2790.98,5643.84,1222.3,47216.76,6,47216.76,9443.35,7869.46
113,56,497,67,2023-02-27,2023-03-26,2023-03-31,Summer,Net Banking,59980.75,3740.07,1003.37,1474.91,3590.34,2710.67,67078.77,5,67078.77,13415.75,13415.75
114,83,95,162,2023-03-04,2023-03-14,2023-03-21,Summer,Debit Card,35975.8,9213.21,5798.51,13960.95,931.15,859.8,65019.82,7,65019.82,13003.96,9288.55
115,103,242,124,2024-07-05,2024-07-23,2024-07-28,Monsoon,Net Banking,47034.4,31446.37,13769.63,27470.02,3007.39,906.6,121821.21,5,121821.21,24364.24,24364.24
116,782,479,134,2023-12-15,2024-02-10,2024-02-17,Winter,Net Banking,29544.97,35164.29,11291.26,12487.22,10240.45,4299.79,94428.4,7,94428.4,18885.68,13489.77
117,28,114,71,2023-10-05,2023-10-25,2023-10-29,Autumn,UPI,7286.8,4039.11,4292.95,6105.67,3130.9,999.66,23855.77,4,23855.77,4771.15,5963.94
118,662,118,108,2023-03-15,2023-04-02,2023-04-06,Summer,Net Banking,20203.6,2557.1,2536.27,1798.76,1027.62,942.78,27180.57,4,27180.57,5436.11,6795.14
119,692,421,87,2024-05-29,2024-06-14,2024-06-17,Monsoon,Net Banking,51955.77,4570.53,4336.93,4649.23,789.24,5346.76,60954.94,3,60954.94,12190.99,20318.31
120,104,336,179,2023-11-11,2023-12-06,2023-12-09,Winter,Cash,10316.88,3781.37,3745.19,115.89,2788.36,1037.15,19710.54,3,19710.54,3942.11,6570.18
121,433,395,116,2023-12-19,2024-02-09,2024-02-16,Winter,Credit Card,24279.15,9838.18,4209.67,4502.7,1804.89,1724.6,42909.99,7,42909.99,8582.0,6130.0
122,344,433,99,2024-05-10,2024-07-04,2024-07-07,Monsoon,Net Banking,17719.35,3892.7,2533.89,6747.19,1026.36,896.02,31023.47,3,31023.47,6204.69,10341.16
123,957,363,21,2023-10-21,2023-12-17,2023-12-23,Winter,Net Banking,27161.1,13827.98,5718.11,796.89,7075.28,1875.14,52704.22,6,52704.22,10540.84,8784.04
124,52,456,140,2024-07-08,2024-08-09,2024-08-13,Monsoon,UPI,62660.24,11881.8,1969.42,4810.24,2747.41,3919.96,80149.15,4,80149.15,16029.83,20037.29
125,458,167,47,2023-04-08,2023-04-20,2023-04-24,Summer,Credit Card,4702.08,18675.4,9305.49,6308.41,8540.81,88.91,47443.28,4,47443.28,9488.66,11860.82
126,149,325,154,2024-05-09,2024-06-12,2024-06-19,Monsoon,Cash,48231.47,6063.06,4302.29,8349.18,3064.41,3787.8,66222.61,7,66222.61,13244.52,9460.37
127,470,21,62,2023-12-19,2024-01-02,2024-01-08,Winter,Credit Card,12805.86,12874.43,9842.13,1575.3,7492.08,1439.25,43150.55,6,43150.55,8630.11,7191.76
128,433,206,28,2023-12-09,2024-01-24,2024-01-31,Winter,Credit Card,31936.66,12286.96,2733.74,1164.25,1170.75,1250.2,48042.16,7,48042.16,9608.43,6863.17
129,311,316,185,2023-04-28,2023-06-23,2023-06-25,Monsoon,UPI,4820.66,2720.01,1860.84,9354.78,1461.75,498.12,19719.92,2,19719.92,3943.98,9859.96
130,191,142,40,2023-06-20,2023-07-20,2023-07-23,Monsoon,UPI,40015.71,4908.7,4731.72,336.94,3510.25,778.91,52724.41,3,52724.41,10544.88,17574.8
131,274,237,170,2024-07-16,2024-08-04,2024-08-07,Monsoon,Credit Card,6962.1,9381.08,3768.46,12227.73,6097.15,636.32,37800.2,3,37800.2,7560.04,12600.07
132,472,302,142,2024-08-20,2024-09-18,2024-09-23,Autumn,Cash,23078.15,2594.25,2362.38,3463.66,2055.34,1599.13,31954.65,5,31954.65,6390.93,6390.93
133,761,256,173,2023-04-23,2023-05-22,2023-05-26,Summer,Net Banking,6310.24,3948.48,7936.5,17419.02,4877.72,531.32,39960.64,4,39960.64,7992.13,9990.16
134,354,43,142,2024-04-17,2024-05-10,2024-05-14,Summer,Net Banking,19555.08,10884.61,2012.86,11247.53,1950.43,1031.41,44619.1,4,44619.1,8923.82,11154.78
135,442,213,91,2023-12-02,2023-12-25,2023-12-31,Winter,Net Banking,22091.34,23814.24,5002.27,10751.85,3649.0,3144.1,62164.6,6,62164.6,12432.92,10360.77
136,127,50,12,2023-07-25,2023-09-04,2023-09-08,Autumn,Debit Card,55972.48,12940.85,7321.5,17718.89,7067.05,4618.32,96402.45,4,96402.45,19280.49,24100.61
137,361,385,51,2024-03-18,2024-05-11,2024-05-15,Summer,Credit Card,16338.24,5985.41,3747.38,6331.23,2726.74,1231.02,33897.98,4,33897.98,6779.6,8474.5
138,546,201,166,2024-01-23,2024-03-16,2024-03-21,Summer,UPI,23031.75,8696.04,2797.82,9239.11,1121.69,996.38,43890.03,5,43890.03,8778.01,8778.01
139,546,425,89,2024-05-05,2024-05-21,2024-05-28,Summer,Credit Card,7614.11,7525.21,3612.42,9742.47,1936.03,726.86,29703.38,7,29703.38,5940.68,4243.34
140,634,115,7,2023-01-10,2023-02-20,2023-02-27,Winter,Net Banking,49381.22,13427.63,2300.08,2499.41,2492.57,3495.55,66605.36,7,66605.36,13321.07,9515.05
141,94,488,134,2024-04-11,2024-05-18,2024-05-21,Summer,Debit Card,2514.66,12815.86,14012.07,8615.35,7749.33,268.86,45438.41,3,45438.41,9087.68,15146.14
142,205,166,33,2023-01-14,2023-02-01,2023-02-07,Winter,Net Banking,21398.46,14265.47,7469.37,8873.06,2693.19,567.74,54131.81,6,54131.81,10826.36,9021.97
143,473,257,2,2024-10-13,2024-10-28,2024-10-31,Autumn,Net Banking,7170.06,4749.21,1279.37,7486.09,2887.08,437.03,23134.78,3,23134.78,4626.96,7711.59
144,533,241,174,2023-10-26,2023-11-26,2023-11-30,Autumn,Cash,20466.64,2725.89,4106.39,6470.89,2369.6,72.82,36066.59,4,36066.59,7213.32,9016.65
145,493,424,176,2024-10-27,2024-11-26,2024-12-03,Autumn,Credit Card,82022.36,7315.42,3866.5,5115.6,2773.7,5273.08,95820.5,7,95820.5,19164.1,13688.64
146,128,54,60,2023-12-30,2024-02-25,2024-03-02,Winter,Credit Card,76140.36,9497.95,2465.86,6565.37,996.83,2776.1,92890.27,6,92890.27,18578.05,15481.71
147,495,108,133,2024-03-03,2024-04-21,2024-04-23,Summer,Net Banking,3965.04,3697.59,2966.31,2447.28,1410.0,175.63,14310.59,2,14310.59,2862.12,7155.3
148,456,170,90,2024-09-27,2024-10-19,2024-10-25,Autumn,Credit Card,13155.54,9851.9,1592.1,2884.3,1273.58,731.81,28025.61,6,28025.61,5605.12,4670.94
149,372,366,192,2023-03-05,2023-04-19,2023-04-23,Summer,Net Banking,4337.76,6278.47,3693.11,1544.41,3318.2,83.64,19088.31,4,19088.31,3817.66,4772.08
150,623,150,111,2024-09-02,2024-09-21,2024-09-23,Autumn,Debit Card,10589.64,4949.44,2868.22,217.2,3194.22,807.87,21010.85,2,21010.85,4202.17,10505.42
151,892,265,4,2023-04-27,2023-06-12,2023-06-15,Monsoon,Cash,3141.18,9606.14,4062.93,6738.53,6352.07,228.64,29672.21,3,29672.21,5934.44,9890.74
152,174,446,176,2023-06-17,2023-07-16,2023-07-18,Monsoon,Credit Card,20558.94,3648.78,4027.02,4037.58,2653.39,2399.27,32526.44,2,32526.44,6505.29,16263.22
153,809,62,17,2024-06-12,2024-07-16,2024-07-22,Monsoon,Credit Card,19194.06,10559.79,4382.98,7830.87,2334.41,657.51,43644.6,6,43644.6,8728.92,7274.1
154,208,187,23,2024-12-10,2024-12-21,2024-12-25,Winter,Cash,13218.04,2403.19,3213.14,5347.54,3094.4,1730.14,25546.17,4,25546.17,5109.23,6386.54
155,994,409,156,2022-12-18,2023-01-08,2023-01-15,Winter,Debit Card,24501.75,21483.68,7206.46,4901.74,5827.46,1676.16,62244.93,7,62244.93,12448.99,8892.13
156,42,312,93,2024-02-11,2024-04-03,2024-04-06,Summer,Credit Card,5771.67,10039.74,2754.35,5449.7,2208.71,211.19,26012.98,3,26012.98,5202.6,8670.99
157,780,298,112,2023-04-24,2023-06-18,2023-06-20,Monsoon,UPI,9436.64,6066.09,2325.99,8609.38,3683.96,673.83,29448.23,2,29448.23,5889.65,14724.12
158,103,278,158,2024-05-30,2024-07-10,2024-07-12,Monsoon,Cash,23651.02,8241.36,16631.84,25919.33,7377.29,2279.82,79541.02,2,79541.02,15908.2,39770.51
159,604,413,40,2024-07-11,2024-08-01,2024-08-06,Monsoon,Cash,53269.1,9061.15,7049.03,6572.79,4382.96,2267.31,78067.72,5,78067.72,15613.54,15613.54
160,661,154,183,2023-04-19,2023-05-11,2023-05-18,Summer,Cash,23632.98,8782.15,3503.69,1114.7,3148.14,645.82,39535.84,7,39535.84,7907.17,5647.98
161,7,164,188,2024-12-01,2024-12-16,2024-12-19,Winter,Credit Card,34475.4,9843.94,7383.81,1891.36,7034.21,1770.82,58857.9,3,58857.9,11771.58,19619.3
162,704,276,104,2023-08-14,2023-08-25,2023-08-28,Monsoon,Debit Card,57830.07,2882.4,2221.54,7664.21,2151.56,5939.84,66809.94,3,66809.94,13361.99,22269.98
163,950,313,124,2023-02-24,2023-03-11,2023-03-14,Summer,Net Banking,5413.02,5036.15,4409.43,6101.23,1049.96,776.8,21232.99,3,21232.99,4246.6,7077.66
164,486,335,113,2024-07-05,2024-08-25,2024-08-29,Monsoon,Debit Card,51448.44,27349.42,10396.54,30824.55,5625.59,1118.9,124525.64,4,124525.64,24905.13,31131.41
165,342,373,124,2024-04-21,2024-05-15,2024-05-20,Summer,Cash,7755.8,10903.13,5336.99,15244.45,3828.57,1126.93,41942.01,5,41942.01,8388.4,8388.4
166,363,331,26,2024-08-03,2024-08-25,2024-08-27,Monsoon,Debit Card,10406.82,3251.65,7733.38,5895.94,3614.33,502.41,30399.71,2,30399.71,6079.94,15199.86
167,810,196,182,2023-02-08,2023-02-26,2023-03-04,Winter,Cash,13769.22,6960.93,2095.85,744.27,1061.46,1492.96,23138.77,6,23138.77,4627.75,3856.46
168,965,370,34,2023-07-09,2023-08-25,2023-08-30,Monsoon,Net Banking,4298.8,4373.85,4947.72,5861.14,707.61,36.18,20152.94,5,20152.94,4030.59,4030.59
169,351,142,40,2024-06-28,2024-07-10,2024-07-15,Monsoon,Debit Card,66692.85,16391.47,2332.72,17589.22,5514.43,8246.34,100274.35,5,100274.35,20054.87,20054.87
170,895,78,82,2023-08-08,2023-08-18,2023-08-23,Monsoon,Debit Card,41919.75,8925.87,5735.41,11892.43,4407.05,5139.21,67741.3,5,67741.3,13548.26,13548.26
171,707,12,184,2023-02-01,2023-03-28,2023-04-04,Summer,UPI,10901.24,48782.17,8801.71,27817.31,11215.64,351.26,107166.81,7,107166.81,21433.36,15309.54
172,329,240,186,2024-02-23,2024-03-11,2024-03-18,Summer,UPI,68341.84,11126.26,7183.08,416.49,1650.9,4211.01,84507.56,7,84507.56,16901.51,12072.51
173,406,413,40,2023-05-20,2023-06-27,2023-06-29,Monsoon,Cash,21307.64,2120.42,3262.86,9956.54,3859.26,2790.49,37716.23,2,37716.23,7543.25,18858.12
174,335,405,161,2024-11-23,2024-12-19,2024-12-26,Winter,Credit Card,64062.95,40361.6,11740.42,35072.19,11635.41,5109.94,157762.63,7,157762.63,31552.53,22537.52
175,818,263,182,2023-11-15,2023-12-19,2023-12-25,Winter,Debit Card,10333.44,9767.17,4068.46,4309.47,1469.03,699.5,29248.07,6,29248.07,5849.61,4874.68
176,902,379,35,2024-03-18,2024-04-03,2024-04-10,Summer,Cash,31296.44,14136.0,6221.71,13851.72,6741.46,2029.87,70217.46,7,70217.46,14043.49,10031.07
177,22,206,28,2023-05-23,2023-07-20,2023-07-25,Monsoon,Credit Card,22811.9,2564.03,2289.54,1504.95,3494.51,1999.61,30665.32,5,30665.32,6133.06,6133.06
178,787,168,85,2023-04-29,2023-06-25,2023-07-01,Monsoon,UPI,14820.3,11039.19,3859.62,5768.56,1160.97,329.64,36319.0,6,36319.0,7263.8,6053.17
179,316,93,27,2023-03-12,2023-03-25,2023-03-31,Summer,UPI,7836.66,11591.95,2309.84,3153.36,1305.36,245.45,25951.72,6,25951.72,5190.34,4325.29
180,311,84,91,2024-05-21,2024-06-08,2024-06-12,Monsoon,Credit Card,52549.52,2823.87,4595.52,4396.41,3419.55,2956.81,64828.06,4,64828.06,12965.61,16207.02
181,455,445,196,2023-07-05,2023-07-13,2023-07-18,Monsoon,Net Banking,9147.65,9888.91,3280.55,6849.09,6031.35,127.41,35070.14,5,35070.14,7014.03,7014.03
182,180,260,196,2023-08-14,2023-10-06,2023-10-09,Autumn,Credit Card,17645.91,10319.64,7132.62,6451.03,7170.75,1098.8,47621.15,3,47621.15,9524.23,15873.72
183,216,47,195,2024-09-25,2024-10-16,2024-10-22,Autumn,Credit Card,86471.28,11504.07,1064.58,3800.29,1970.05,12472.21,92338.06,6,92338.06,18467.61,15389.68
184,103,182,172,2024-05-18,2024-05-27,2024-06-01,Summer,UPI,29414.1,15192.69,13697.48,23415.58,12008.13,3864.76,89863.22,5,89863.22,17972.64,17972.64
185,17,488,134,2024-11-18,2024-12-02,2024-12-05,Winter,Debit Card,2514.66,4040.61,1511.79,1557.58,2932.75,287.53,12269.86,3,12269.86,2453.97,4089.95
186,63,306,195,2024-08-29,2024-10-12,2024-10-17,Autumn,Debit Card,17388.7,10159.73,3057.39,9334.79,1853.7,2111.21,39683.1,5,39683.1,7936.62,7936.62
187,685,93,27,2023-05-11,2023-05-26,2023-05-28,Summer,Net Banking,2612.22,1612.23,2614.62,3731.84,3444.99,243.69,13772.21,2,13772.21,2754.44,6886.1
188,30,402,16,2023-01-09,2023-01-16,2023-01-23,Winter,Debit Card,37016.77,13092.56,1186.0,3770.37,2594.78,2916.21,54744.27,7,54744.27,10948.85,7820.61
189,162,52,77,2022-12-03,2023-01-03,2023-01-05,Winter,Credit Card,10677.2,3906.19,2857.73,4150.77,3643.5,705.36,24530.03,2,24530.03,4906.01,12265.02
190,878,309,94,2023-11-05,2023-12-10,2023-12-15,Winter,UPI,8391.65,6922.98,7250.99,7311.65,5295.27,901.66,34270.88,5,34270.88,6854.18,6854.18
191,490,253,91,2023-08-17,2023-09-05,2023-09-11,Autumn,Debit Card,62861.46,20498.05,3140.76,13184.2,6202.3,6763.28,99123.49,6,99123.49,19824.7,16520.58
192,290,455,166,2023-07-18,2023-08-08,2023-08-11,Monsoon,UPI,7358.07,5361.87,8812.49,12030.41,4175.48,637.03,37101.29,3,37101.29,7420.26,12367.1
193,905,137,27,2023-06-09,2023-07-11,2023-07-15,Monsoon,Debit Card,15872.48,5476.21,4738.5,342.25,3671.05,916.71,29183.78,4,29183.78,5836.76,7295.94
194,50,407,130,2023-02-15,2023-03-01,2023-03-08,Summer,Credit Card,41956.11,12271.48,1951.32,3967.64,540.99,3025.73,57661.81,7,57661.81,11532.36,8237.4
195,879,177,101,2024-01-28,2024-02-15,2024-02-20,Winter,Cash,5305.5,4471.03,2759.45,7449.6,2794.11,409.44,22370.25,5,22370.25,4474.05,4474.05
196,346,173,82,2023-11-13,2023-12-09,2023-12-14,Winter,Cash,16836.15,5922.37,1386.01,8562.14,3171.44,663.84,35214.27,5,35214.27,7042.85,7042.85
197,801,188,180,2023-06-05,2023-06-18,2023-06-20,Monsoon,Debit Card,1982.56,7065.47,7776.56,2165.0,5389.98,37.56,24342.01,2,24342.01,4868.4,12171.0
198,356,158,91,2023-05-22,2023-06-28,2023-07-01,Monsoon,Net Banking,20283.0,5190.12,4542.5,5109.05,995.98,2070.61,34050.04,3,34050.04,6810.01,11350.01
199,795,9,171,2024-04-04,2024-05-17,2024-05-20,Summer,Cash,35410.26,5369.67,3100.18,8002.6,1769.3,1223.9,52428.11,3,52428.11,10485.62,17476.04
200,970,272,11,2023-03-17,2023-05-04,2023-05-07,Summer,Cash,7560.81,5036.32,9445.19,14321.72,4785.75,1083.23,40066.56,3,40066.56,8013.31,13355.52
201,435,440,139,2023-04-20,2023-05-13,2023-05-18,Summer,Cash,89387.6,9790.07,4574.98,4680.04,976.42,12578.76,96830.35,5,96830.35,19366.07,19366.07
202,1,39,190,2024-02-16,2024-04-07,2024-04-13,Summer,Cash,16062.36,23266.96,2473.78,8207.51,2006.54,1981.55,50035.6,6,50035.6,10007.12,8339.27
203,783,498,117,2023-08-19,2023-10-13,2023-10-16,Autumn,Net Banking,7354.65,3259.5,1773.49,8343.29,746.86,1062.77,20415.02,3,20415.02,4083.0,6805.01
204,283,72,28,2023-10-03,2023-11-24,2023-11-30,Autumn,Debit Card,6496.68,9704.96,3139.27,5509.41,3292.29,620.52,27522.09,6,27522.09,5504.42,4587.02
205,534,160,127,2024-05-22,2024-07-08,2024-07-13,Monsoon,UPI,4322.7,8666.8,3165.04,6100.36,1037.87,570.74,22722.03,5,22722.03,4544.41,4544.41
206,773,467,147,2024-08-04,2024-09-02,2024-09-06,Autumn,Credit Card,8295.48,20741.0,9733.11,6064.42,10742.98,1076.97,54500.02,4,54500.02,10900.0,13625.0
207,499,389,149,2023-02-11,2023-04-03,2023-04-09,Summer,Cash,6380.94,21571.53,3930.34,16999.31,4461.72,671.53,52672.31,6,52672.31,10534.46,8778.72
208,443,216,14,2022-12-05,2023-01-28,2023-02-01,Winter,UPI,59693.92,13371.1,6409.91,5918.93,5101.96,2249.71,88246.11,4,88246.11,17649.22,22061.53
209,366,43,142,2023-11-27,2024-01-08,2024-01-13,Winter,Debit Card,24443.85,13866.27,7325.03,2079.31,6466.45,2597.88,51583.03,5,51583.03,10316.61,10316.61
210,575,311,36,2024-08-13,2024-09-20,2024-09-27,Autumn,Net Banking,28407.19,3942.06,1431.19,8382.06,2749.37,420.04,44491.83,7,44491.83,8898.37,6355.98
211,98,61,147,2023-10-31,2023-12-12,2023-12-19,Winter,Cash,7617.05,7929.21,2574.98,7443.1,1715.57,900.49,26379.42,7,26379.42,5275.88,3768.49
212,873,236,81,2023-05-17,2023-07-13,2023-07-20,Monsoon,Net Banking,37834.86,18945.39,1984.61,10204.74,1052.11,5368.48,64653.23,7,64653.23,12930.65,9236.18
213,102,150,111,2023-10-21,2023-11-24,2023-11-28,Autumn,UPI,21179.28,24876.76,8554.32,35048.86,4933.63,1416.92,93175.93,4,93175.93,18635.19,23293.98
214,49,167,47,2024-05-01,2024-06-25,2024-06-28,Monsoon,Debit Card,3526.56,7223.67,8017.08,11669.16,5566.44,398.49,35604.42,3,35604.42,7120.88,11868.14
215,800,418,155,2024-01-18,2024-01-28,2024-02-01,Winter,UPI,22165.12,5698.42,3959.44,8362.36,1296.5,2755.18,38726.66,4,38726.66,7745.33,9681.67
216,104,469,35,2024-05-28,2024-07-11,2024-07-16,Monsoon,Debit Card,67982.7,8174.23,1808.6,8559.76,2199.04,3436.54,85287.79,5,85287.79,17057.56,17057.56
217,449,459,97,2023-04-11,2023-05-06,2023-05-08,Summer,Credit Card,4701.66,1569.37,2242.11,5061.19,2748.08,208.9,16113.51,2,16113.51,3222.7,8056.76
218,574,276,104,2023-04-27,2023-05-07,2023-05-09,Summer,Cash,38553.38,3744.09,3652.76,8522.09,1010.18,1967.17,53515.33,2,53515.33,10703.07,26757.66
219,363,204,56,2023-12-07,2024-02-04,2024-02-11,Winter,UPI,37080.68,19881.82,9765.96,6476.73,2573.77,4595.04,71183.92,7,71183.92,14236.78,10169.13
220,252,281,43,2023-12-27,2024-02-01,2024-02-04,Winter,Debit Card,5119.35,2604.08,1903.33,6478.95,1255.89,9.54,17352.06,3,17352.06,3470.41,5784.02
221,250,494,162,2023-12-25,2024-01-27,2024-02-01,Winter,Cash,55815.75,6634.2,3272.34,4123.24,3467.67,4863.47,68449.73,5,68449.73,13689.95,13689.95
222,643,295,125,2024-10-03,2024-10-24,2024-10-31,Autumn,UPI,13588.4,11935.97,2054.23,3702.29,3650.19,1909.69,33021.39,7,33021.39,6604.28,4717.34
223,328,277,136,2023-06-12,2023-08-11,2023-08-18,Monsoon,Debit Card,17212.23,11853.35,3315.83,966.21,3711.18,2544.41,34514.39,7,34514.39,6902.88,4930.63
224,726,244,133,2023-05-30,2023-07-26,2023-08-01,Monsoon,Debit Card,5771.46,9480.96,3870.26,6449.66,2439.25,852.8,27158.79,6,27158.79,5431.76,4526.46
225,477,138,24,2023-05-02,2023-06-15,2023-06-20,Monsoon,Net Banking,75109.85,6932.97,1258.63,9957.89,577.4,5052.66,88784.08,5,88784.08,17756.82,17756.82
226,666,30,95,2024-10-09,2024-11-28,2024-12-01,Autumn,Credit Card,26628.36,4569.03,1261.65,7188.69,2494.14,3783.96,38357.91,3,38357.91,7671.58,12785.97
227,746,15,18,2024-07-26,2024-09-14,2024-09-17,Autumn,Net Banking,3864.15,2468.42,2808.45,5383.96,2861.34,191.58,17194.74,3,17194.74,3438.95,5731.58
228,584,409,156,2024-09-12,2024-11-05,2024-11-11,Autumn,Cash,21001.5,20988.46,3697.56,21945.4,10772.63,1128.88,77276.67,6,77276.67,15455.33,12879.44
229,123,397,169,2023-11-16,2023-12-17,2023-12-24,Winter,Debit Card,7859.46,20145.31,3591.36,10827.46,5680.57,211.43,47892.73,7,47892.73,9578.55,6841.82
230,186,16,187,2024-08-12,2024-08-24,2024-08-28,Monsoon,Credit Card,9951.44,9233.89,9411.2,25233.43,10435.45,1201.51,63063.9,4,63063.9,12612.78,15765.98
231,391,357,38,2024-05-26,2024-06-06,2024-06-10,Monsoon,UPI,38919.48,6128.93,5442.89,5040.28,1635.14,1520.81,55645.91,4,55645.91,11129.18,13911.48
232,206,117,19,2023-04-08,2023-05-11,2023-05-13,Summer,Cash,4775.34,3546.61,9034.41,1218.02,4899.9,489.03,22985.25,2,22985.25,4597.05,11492.62
233,98,87,138,2022-12-07,2023-01-01,2023-01-06,Winter,UPI,8716.75,2707.4,4620.58,5633.65,3507.76,1249.6,23936.54,5,23936.54,4787.31,4787.31
234,194,326,134,2023-07-31,2023-08-18,2023-08-22,Monsoon,Credit Card,76509.12,7232.58,4650.46,5997.18,2508.95,10230.46,86667.83,4,86667.83,17333.57,21666.96
235,724,434,137,2023-10-03,2023-10-17,2023-10-22,Autumn,Credit Card,122177.25,7165.62,4741.17,8882.34,3277.77,2204.38,144039.77,5,144039.77,28807.95,28807.95
236,957,160,127,2023-10-25,2023-12-12,2023-12-15,Winter,Cash,2593.62,7666.4,9201.84,9953.02,5224.52,388.01,34251.39,3,34251.39,6850.28,11417.13
237,943,173,82,2024-11-23,2024-12-26,2024-12-28,Winter,Cash,6734.46,1196.39,1984.89,1413.81,3861.35,495.76,14695.14,2,14695.14,2939.03,7347.57
238,814,207,77,2022-11-21,2023-01-16,2023-01-23,Winter,Cash,39191.25,16333.9,11085.75,23886.45,5838.97,3100.05,93236.27,7,93236.27,18647.25,13319.47
239,589,360,25,2024-05-17,2024-06-25,2024-07-02,Monsoon,Debit Card,24106.95,12933.79,3083.81,15270.45,3050.71,2264.87,56180.84,7,56180.84,11236.17,8025.83
240,414,223,77,2024-04-26,2024-06-01,2024-06-03,Monsoon,UPI,21927.4,2683.76,3438.65,3058.98,3973.01,2535.05,32546.75,2,32546.75,6509.35,16273.38
241,790,351,135,2023-06-27,2023-07-07,2023-07-11,Monsoon,Cash,3421.44,6487.11,3285.1,1733.59,1597.79,24.61,16500.42,4,16500.42,3300.08,4125.1
242,29,25,106,2024-11-10,2024-12-07,2024-12-13,Winter,Credit Card,34764.48,10413.72,3736.66,4338.04,2279.31,4428.41,51103.8,6,51103.8,10220.76,8517.3
243,521,190,89,2023-08-27,2023-09-07,2023-09-12,Autumn,Debit Card,57739.4,9192.67,3849.64,729.63,1212.63,1790.53,70933.44,5,70933.44,14186.69,14186.69
244,656,314,12,2023-11-19,2024-01-07,2024-01-09,Winter,UPI,20580.62,1825.59,3530.79,14645.48,6137.22,3038.94,43680.76,2,43680.76,8736.15,21840.38
245,400,424,176,2024-01-19,2024-02-02,2024-02-05,Winter,Cash,35152.44,2607.78,3674.13,8819.45,1979.94,3008.38,49225.36,3,49225.36,9845.07,16408.45
246,885,462,118,2023-05-30,2023-07-21,2023-07-25,Monsoon,Net Banking,20919.28,12283.38,5327.1,8272.8,2946.61,2827.48,46921.69,4,46921.69,9384.34,11730.42
247,837,399,46,2023-05-03,2023-06-21,2023-06-26,Monsoon,Credit Card,49268.5,7720.01,2796.51,6629.63,1280.41,4712.02,62983.04,5,62983.04,12596.61,12596.61
248,119,82,148,2024-11-17,2024-12-03,2024-12-09,Winter,UPI,67069.92,8111.34,7128.67,17195.71,5404.65,6992.23,97918.06,6,97918.06,19583.61,16319.68
249,292,275,135,2024-03-12,2024-05-04,2024-05-06,Summer,Net Banking,4545.42,3468.63,4536.11,9502.09,2441.62,339.52,24154.35,2,24154.35,4830.87,12077.18
250,131,266,74,2024-12-05,2024-12-16,2024-12-18,Winter,Debit Card,3948.02,1114.09,2552.26,836.08,2927.66,39.91,11338.2,2,11338.2,2267.64,5669.1
251,447,316,185,2023-04-02,2023-05-15,2023-05-17,Summer,Cash,4820.66,11881.33,6321.16,7575.53,5805.81,411.3,35993.19,2,35993.19,7198.64,17996.6
252,972,79,190,2024-04-09,2024-05-06,2024-05-11,Summer,Debit Card,13202.7,9261.72,1225.71,3800.34,3813.87,1001.28,30303.06,5,30303.06,6060.61,6060.61
253,231,95,162,2024-07-02,2024-08-22,2024-08-27,Monsoon,Credit Card,25697.0,9035.03,1277.53,2457.76,2349.95,2146.42,38670.85,5,38670.85,7734.17,7734.17
254,147,281,43,2023-10-17,2023-12-04,2023-12-06,Winter,Net Banking,3412.9,2554.14,1069.85,7204.82,3034.28,164.67,17111.32,2,17111.32,3422.26,8555.66
255,40,74,57,2023-09-02,2023-10-01,2023-10-03,Autumn,Cash,3573.76,2115.45,4590.2,10205.19,6299.12,408.58,26375.14,2,26375.14,5275.03,13187.57
256,37,289,76,2023-05-25,2023-07-21,2023-07-26,Monsoon,Cash,9756.95,13204.67,3833.77,11088.88,3732.93,1094.83,40522.37,5,40522.37,8104.47,8104.47
257,700,252,122,2024-06-17,2024-07-21,2024-07-26,Monsoon,Debit Card,4969.2,5906.67,4517.78,2238.4,1504.02,544.86,18591.21,5,18591.21,3718.24,3718.24
258,987,496,120,2024-04-08,2024-05-06,2024-05-13,Summer,Credit Card,111994.96,8033.23,2199.43,425.55,1936.3,14780.06,109809.41,7,109809.41,21961.88,15687.06
259,873,117,19,2023-11-12,2023-12-27,2023-12-31,Winter,Debit Card,9550.68,13772.32,4832.21,7519.06,5520.73,635.92,40559.08,4,40559.08,8111.82,10139.77
260,398,238,96,2024-04-22,2024-05-22,2024-05-25,Summer,Cash,27023.34,2426.62,1867.84,1909.65,1181.11,3541.16,30867.4,3,30867.4,6173.48,10289.13
261,676,402,16,2024-06-19,2024-08-18,2024-08-23,Monsoon,UPI,26440.55,7330.0,1854.05,1413.31,880.28,2586.83,35331.36,5,35331.36,7066.27,7066.27
262,308,464,72,2024-07-16,2024-08-02,2024-08-05,Monsoon,UPI,2649.48,7168.71,2928.38,6917.23,4160.26,71.66,23752.4,3,23752.4,4750.48,7917.47
263,454,13,117,2024-08-03,2024-09-19,2024-09-22,Autumn,UPI,5831.13,5926.35,3722.52,7692.4,2744.33,503.0,25413.73,3,25413.73,5082.75,8471.24
264,821,102,55,2024-01-26,2024-02-15,2024-02-22,Winter,Debit Card,23457.14,11507.51,2946.74,6103.58,3171.87,1866.91,45319.93,7,45319.93,9063.99,6474.28
265,644,449,17,2023-01-17,2023-01-26,2023-01-28,Winter,Credit Card,7919.54,1846.81,8008.19,949.55,6271.39,372.17,24623.31,2,24623.31,4924.66,12311.66
266,924,183,134,2023-02-11,2023-03-07,2023-03-09,Summer,UPI,8581.72,5165.45,4071.6,16281.27,3713.69,435.89,37377.84,2,37377.84,7475.57,18688.92
267,180,149,33,2023-03-21,2023-04-05,2023-04-10,Summer,Credit Card,50414.85,11686.12,6251.68,2849.05,4379.62,3550.98,72030.34,5,72030.34,14406.07,14406.07
268,288,354,69,2023-09-18,2023-11-04,2023-11-07,Autumn,Net Banking,10391.1,3873.62,2315.03,17604.64,4309.69,743.3,37750.78,3,37750.78,7550.16,12583.59
269,786,11,52,2024-07-04,2024-08-15,2024-08-21,Monsoon,Debit Card,8146.8,12646.8,1942.97,8851.81,5132.1,420.17,36300.31,6,36300.31,7260.06,6050.05
270,348,44,179,2023-11-23,2023-12-06,2023-12-12,Winter,UPI,5891.58,9096.36,4667.06,1109.72,3772.6,848.75,23688.57,6,23688.57,4737.71,3948.1
271,202,493,13,2024-05-29,2024-07-23,2024-07-25,Monsoon,UPI,30499.84,5055.19,7555.09,287.2,6513.6,1911.14,47999.78,2,47999.78,9599.96,23999.89
272,174,187,23,2023-11-25,2023-12-17,2023-12-23,Winter,Credit Card,19827.06,13331.67,8321.88,936.2,2404.46,911.95,43909.32,6,43909.32,8781.86,7318.22
273,460,222,89,2024-04-01,2024-05-24,2024-05-31,Summer,Net Banking,28093.45,20847.62,4663.35,627.48,7104.28,3904.48,57431.7,7,57431.7,11486.34,8204.53
274,11,377,97,2024-05-27,2024-06-13,2024-06-18,Monsoon,Net Banking,22506.45,9743.36,6806.08,4865.11,3263.39,1238.28,45946.11,5,45946.11,9189.22,9189.22
275,525,438,101,2024-10-25,2024-12-14,2024-12-18,Winter,Debit Card,6740.88,15314.88,7752.94,11047.65,4421.81,269.64,45008.52,4,45008.52,9001.7,11252.13
276,936,231,128,2023-10-10,2023-11-26,2023-11-30,Autumn,Cash,21304.0,14749.83,2184.06,2570.52,6334.44,776.41,46366.44,4,46366.44,9273.29,11591.61
277,182,192,177,2023-02-15,2023-02-25,2023-02-27,Winter,Credit Card,11366.68,3169.32,3946.01,3411.35,3681.19,120.0,25454.55,2,25454.55,5090.91,12727.28
278,597,321,137,2024-10-22,2024-12-21,2024-12-25,Winter,Credit Card,6479.24,11350.78,2449.33,2774.3,7426.02,900.51,29579.16,4,29579.16,5915.83,7394.79
279,191,47,195,2023-07-31,2023-09-01,2023-09-08,Autumn,Debit Card,100883.16,10273.14,6962.25,6964.22,4840.35,2915.1,127008.02,7,127008.02,25401.6,18144.0
280,838,102,55,2024-08-01,2024-09-20,2024-09-23,Autumn,Net Banking,10053.06,5033.31,6668.35,15570.15,1285.98,278.86,38331.99,3,38331.99,7666.4,12777.33
281,7,41,196,2023-04-25,2023-05-09,2023-05-15,Summer,Cash,54932.76,23509.03,7599.74,14057.36,1530.46,1541.26,100088.09,6,100088.09,20017.62,16681.35
282,330,388,112,2023-10-29,2023-12-13,2023-12-19,Winter,UPI,26032.74,8413.99,3026.62,2854.03,1992.83,3219.48,39100.73,6,39100.73,7820.15,6516.79
283,754,124,190,2024-05-18,2024-07-10,2024-07-13,Monsoon,Credit Card,14418.0,3199.12,5356.25,16248.48,1280.55,1634.24,38868.16,3,38868.16,7773.63,12956.05
284,441,41,196,2024-05-10,2024-07-01,2024-07-08,Monsoon,Credit Card,64088.22,13686.36,8171.09,18289.53,5886.53,5820.88,104300.85,7,104300.85,20860.17,14900.12
285,983,34,98,2024-06-18,2024-07-15,2024-07-22,Monsoon,Net Banking,22635.83,14779.31,4401.98,9781.75,4821.42,2529.45,53890.84,7,53890.84,10778.17,7698.69
286,234,301,130,2024-02-09,2024-03-14,2024-03-19,Summer,UPI,8920.65,9425.85,4385.93,9722.76,2122.68,1203.07,33374.8,5,33374.8,6674.96,6674.96
287,464,79,190,2024-02-08,2024-02-14,2024-02-17,Winter,UPI,7921.62,6433.12,8962.0,2987.68,3559.97,516.15,29348.24,3,29348.24,5869.65,9782.75
288,838,339,71,2023-10-03,2023-10-19,2023-10-22,Autumn,Credit Card,17156.58,2832.75,5200.48,4876.02,2145.87,1279.85,30931.85,3,30931.85,6186.37,10310.62
289,163,156,136,2024-11-21,2024-12-08,2024-12-13,Winter,Cash,29479.6,14270.34,4916.56,17051.96,1906.87,4285.3,63340.03,5,63340.03,12668.01,12668.01
290,62,181,68,2023-10-22,2023-12-11,2023-12-16,Winter,Cash,11232.8,4669.91,1940.61,9433.38,3312.68,701.51,29887.87,5,29887.87,5977.57,5977.57
291,14,490,39,2023-03-27,2023-05-11,2023-05-15,Summer,Cash,23332.76,9147.97,2974.78,2588.56,2973.28,2536.59,38480.76,4,38480.76,7696.15,9620.19
292,827,353,98,2024-10-15,2024-11-19,2024-11-21,Autumn,Credit Card,3683.44,2341.23,2668.0,2094.56,1641.7,128.98,12299.95,2,12299.95,2459.99,6149.98
293,893,463,151,2024-05-04,2024-05-26,2024-06-01,Summer,UPI,9307.14,16389.96,4648.49,3887.56,1889.93,449.3,35673.78,6,35673.78,7134.76,5945.63
294,648,294,119,2023-11-11,2023-12-23,2023-12-29,Winter,Debit Card,11651.16,18575.81,3593.51,10139.36,6510.51,547.83,49922.52,6,49922.52,9984.5,8320.42
295,902,49,136,2023-08-26,2023-09-20,2023-09-22,Autumn,Cash,28025.46,4945.64,6820.8,17818.21,7707.91,1118.25,64199.77,2,64199.77,12839.95,32099.88
296,461,200,73,2024-07-09,2024-07-23,2024-07-27,Monsoon,Credit Card,90059.84,8716.47,3408.0,54.96,3143.86,8384.38,96998.75,4,96998.75,19399.75,24249.69
297,576,75,119,2024-06-21,2024-07-16,2024-07-22,Monsoon,Cash,6337.62,8640.95,7637.25,3387.51,6719.37,575.22,32147.48,6,32147.48,6429.5,5357.91
298,303,376,96,2022-12-23,2023-02-17,2023-02-23,Winter,UPI,21474.06,10468.08,5008.07,14012.92,6968.91,960.46,56971.58,6,56971.58,11394.32,9495.26
299,210,74,57,2023-04-05,2023-05-21,2023-05-26,Summer,Credit Card,8934.4,5264.74,4103.19,9929.8,2063.4,511.97,29783.56,5,29783.56,5956.71,5956.71
300,161,305,46,2024-04-12,2024-05-04,2024-05-09,Summer,UPI,10255.3,3983.36,3426.17,2847.63,2552.68,496.57,22568.57,5,22568.57,4513.71,4513.71
301,18,64,86,2024-01-14,2024-02-18,2024-02-22,Winter,Debit Card,37608.92,3891.61,3882.0,5501.27,2701.12,3646.16,49938.76,4,49938.76,9987.75,12484.69
302,406,92,94,2023-06-28,2023-07-21,2023-07-25,Monsoon,Cash,8368.04,6538.95,1157.53,5117.08,3029.72,895.8,23315.52,4,23315.52,4663.1,5828.88
303,509,33,63,2023-11-24,2023-12-05,2023-12-11,Winter,Debit Card,8845.62,11461.11,1940.05,7546.6,3903.12,448.68,33247.82,6,33247.82,6649.56,5541.3
304,423,176,49,2024-09-04,2024-10-13,2024-10-15,Autumn,Cash,6122.12,4048.31,7486.05,12502.56,4353.01,82.17,34429.88,2,34429.88,6885.98,17214.94
305,213,230,108,2024-03-19,2024-04-08,2024-04-10,Summer,Cash,24375.32,1930.82,6428.9,12551.18,3915.77,154.21,49047.78,2,49047.78,9809.56,24523.89
306,777,120,74,2023-11-22,2023-12-17,2023-12-21,Winter,Net Banking,6080.32,11764.4,6625.89,346.6,5722.88,448.93,30091.16,4,30091.16,6018.23,7522.79
307,686,366,192,2023-08-16,2023-09-02,2023-09-08,Autumn,Credit Card,6506.64,4879.53,3330.96,71.52,2956.38,567.62,17177.41,6,17177.41,3435.48,2862.9
308,377,261,155,2023-11-25,2023-12-13,2023-12-16,Winter,Cash,3924.45,5519.07,12638.59,22420.51,5147.15,220.34,49429.43,3,49429.43,9885.89,16476.48
309,398,82,148,2024-11-24,2024-12-11,2024-12-15,Winter,UPI,44713.28,4355.79,3601.85,4516.5,2059.4,6490.59,52756.23,4,52756.23,10551.25,13189.06
310,688,263,182,2023-10-25,2023-11-06,2023-11-08,Autumn,Net Banking,3444.48,3413.91,3971.25,8742.34,1200.5,294.61,20477.87,2,20477.87,4095.57,10238.94
311,766,153,165,2023-08-23,2023-10-19,2023-10-23,Autumn,UPI,45230.16,4782.68,3591.32,2298.1,3615.72,5723.17,53794.81,4,53794.81,10758.96,13448.7
312,223,262,162,2022-11-10,2023-01-07,2023-01-10,Winter,UPI,14572.62,2428.59,4787.18,3885.72,1645.76,2151.42,25168.45,3,25168.45,5033.69,8389.48
313,617,386,80,2024-03-07,2024-04-16,2024-04-22,Summer,UPI,74683.5,10155.03,3668.1,9378.25,771.86,1201.6,97455.14,6,97455.14,19491.03,16242.52
314,1,437,161,2023-01-23,2023-01-28,2023-02-01,Winter,Credit Card,23106.2,7641.36,5051.37,11362.22,2116.41,185.56,49092.0,4,49092.0,9818.4,12273.0
315,221,331,26,2024-04-26,2024-05-24,2024-05-26,Summer,UPI,10406.82,4504.92,2179.16,15408.87,7289.65,471.51,39317.91,2,39317.91,7863.58,19658.96
316,270,234,200,2023-10-20,2023-12-04,2023-12-11,Winter,Credit Card,16366.84,12743.05,4728.17,1745.81,894.05,1779.43,34698.49,7,34698.49,6939.7,4956.93
317,467,446,176,2024-12-03,2024-12-09,2024-12-16,Winter,Cash,71956.29,17074.22,7851.47,3065.9,1456.1,7318.16,94085.82,7,94085.82,18817.16,13440.83
318,31,20,71,2024-05-29,2024-06-14,2024-06-16,Monsoon,Cash,4257.74,6646.0,6527.59,17269.72,6421.17,453.39,40668.83,2,40668.83,8133.77,20334.42
319,737,246,3,2024-03-15,2024-05-01,2024-05-05,Summer,Debit Card,8972.16,6817.82,5583.91,38.97,5551.28,1175.61,25788.53,4,25788.53,5157.71,6447.13
320,856,439,59,2024-06-07,2024-06-26,2024-07-03,Monsoon,Credit Card,25941.02,6508.43,1353.66,3672.97,3372.5,2119.09,38729.49,7,38729.49,7745.9,5532.78
321,383,338,18,2023-09-20,2023-11-11,2023-11-18,Autumn,UPI,85829.73,15547.03,6641.69,7442.2,7884.59,9878.74,113466.5,7,113466.5,22693.3,16209.5
322,152,417,90,2024-08-14,2024-09-22,2024-09-27,Autumn,UPI,71512.3,34957.43,4844.82,9115.21,3534.28,9919.32,114044.72,5,114044.72,22808.94,22808.94
323,661,239,177,2023-05-07,2023-06-02,2023-06-08,Monsoon,Debit Card,68930.76,8389.13,3160.84,8320.13,1058.0,8258.62,81600.24,6,81600.24,16320.05,13600.04
324,143,418,155,2024-09-07,2024-11-03,2024-11-08,Autumn,Credit Card,27706.4,9928.78,3175.99,5195.69,2514.13,1058.59,47462.4,5,47462.4,9492.48,9492.48
325,564,341,138,2023-11-02,2023-12-22,2023-12-26,Winter,Net Banking,47767.68,5403.06,7854.84,15938.26,4839.15,2829.95,78973.04,4,78973.04,15794.61,19743.26
326,673,420,193,2024-05-24,2024-06-24,2024-07-01,Monsoon,Credit Card,8242.85,5871.06,3575.61,1557.01,2928.8,931.42,21243.91,7,21243.91,4248.78,3034.84
327,734,1,50,2023-10-02,2023-10-16,2023-10-18,Autumn,UPI,24622.38,1725.5,2624.48,8252.32,2396.88,356.73,39264.83,2,39264.83,7852.97,19632.42
328,835,98,71,2022-12-29,2023-01-10,2023-01-13,Winter,Debit Card,22490.31,10448.91,7443.85,1340.44,4168.2,401.29,45490.42,3,45490.42,9098.08,15163.47
329,968,184,183,2023-06-10,2023-07-23,2023-07-27,Monsoon,UPI,86430.64,4326.48,1833.79,4285.24,2563.92,6202.77,93237.3,4,93237.3,18647.46,23309.32
330,630,304,170,2023-11-27,2024-01-02,2024-01-06,Winter,UPI,18946.6,3935.24,6844.55,15501.15,3317.66,1531.88,47013.32,4,47013.32,9402.66,11753.33
331,101,217,37,2024-06-16,2024-07-22,2024-07-24,Monsoon,Net Banking,10231.52,2008.83,5309.63,16305.76,3891.69,834.49,36912.94,2,36912.94,7382.59,18456.47
332,85,126,188,2023-10-17,2023-11-15,2023-11-22,Autumn,UPI,58450.77,6034.48,4936.0,343.42,1584.35,6813.87,64535.15,7,64535.15,12907.03,9219.31
333,876,232,76,2024-02-28,2024-03-04,2024-03-11,Summer,Debit Card,39490.01,9731.01,3700.97,282.36,2272.03,409.31,55067.07,7,55067.07,11013.41,7866.72
334,186,238,96,2024-04-17,2024-05-26,2024-06-02,Summer,Credit Card,63054.46,22171.12,5294.43,18602.51,3991.38,4272.5,108841.4,7,108841.4,21768.28,15548.77
335,875,84,91,2024-01-02,2024-01-14,2024-01-21,Winter,Debit Card,91961.66,13669.93,1307.28,4821.46,1371.65,5342.56,107789.42,7,107789.42,21557.88,15398.49
336,763,414,60,2023-07-27,2023-08-25,2023-08-27,Monsoon,UPI,8563.9,1548.03,2360.28,6830.33,3459.38,293.83,22468.09,2,22468.09,4493.62,11234.04
337,456,414,60,2023-08-20,2023-09-04,2023-09-07,Autumn,Debit Card,12845.85,4831.6,4786.69,5627.71,2033.34,706.54,29418.65,3,29418.65,5883.73,9806.22
338,716,221,194,2023-12-13,2024-01-21,2024-01-23,Winter,Net Banking,23534.96,2420.97,2115.61,5572.82,1977.89,230.08,35392.17,2,35392.17,7078.43,17696.08
339,270,450,110,2024-11-16,2024-12-16,2024-12-22,Winter,Debit Card,29647.98,11159.55,4502.13,1210.11,1066.98,2536.77,45049.98,6,45049.98,9010.0,7508.33
340,681,101,188,2024-04-27,2024-05-18,2024-05-23,Summer,Credit Card,11225.9,9781.49,3625.05,5821.21,905.47,66.94,31292.18,5,31292.18,6258.44,6258.44
341,208,76,107,2024-03-04,2024-04-01,2024-04-03,Summer,Cash,26626.36,3364.26,1451.01,6659.11,2549.5,35.38,40614.86,2,40614.86,8122.97,20307.43
342,902,416,153,2023-03-24,2023-04-28,2023-05-01,Summer,Debit Card,4345.89,8976.33,5826.2,4282.45,2206.93,360.51,25277.29,3,25277.29,5055.46,8425.76
343,643,278,158,2023-07-20,2023-09-05,2023-09-08,Autumn,Cash,35476.53,2154.31,4042.07,4776.88,3964.53,386.29,50028.03,3,50028.03,10005.61,16676.01
344,169,127,183,2024-06-12,2024-07-27,2024-07-31,Monsoon,Debit Card,6573.8,6967.85,2625.57,7523.71,650.18,316.02,24025.09,4,24025.09,4805.02,6006.27
345,405,15,18,2024-02-09,2024-03-13,2024-03-19,Summer,Debit Card,7728.3,9737.48,1509.31,6148.96,3266.64,1030.27,27360.42,6,27360.42,5472.08,4560.07
346,662,447,96,2023-05-26,2023-07-08,2023-07-14,Monsoon,UPI,23372.34,7474.2,1300.22,5998.22,1960.61,1969.19,38136.4,6,38136.4,7627.28,6356.07
347,722,457,117,2023-09-20,2023-10-12,2023-10-17,Autumn,UPI,101061.85,10770.85,7609.04,16507.99,2812.03,8114.62,130647.14,5,130647.14,26129.43,26129.43
348,335,471,74,2024-03-12,2024-04-17,2024-04-22,Summer,Cash,15193.2,27771.74,16897.74,21787.37,10128.71,1308.11,90470.65,5,90470.65,18094.13,18094.13
349,481,173,82,2024-01-03,2024-02-11,2024-02-17,Winter,Cash,20203.38,15628.13,3611.47,4827.81,2608.88,875.66,46004.01,6,46004.01,9200.8,7667.34
350,526,117,19,2024-02-27,2024-04-08,2024-04-11,Summer,UPI,7163.01,10575.96,3181.3,6029.97,5159.43,299.26,31810.41,3,31810.41,6362.08,10603.47
351,613,218,81,2023-08-12,2023-09-25,2023-09-28,Autumn,UPI,3795.0,2354.85,3743.92,7126.21,2435.16,116.39,19338.75,3,19338.75,3867.75,6446.25
352,474,298,112,2023-05-04,2023-06-24,2023-06-28,Monsoon,Debit Card,18873.28,5821.93,7487.6,14947.01,2053.39,1833.0,47350.21,4,47350.21,9470.04,11837.55
353,509,192,177,2024-05-01,2024-05-23,2024-05-29,Summer,Net Banking,34100.04,7836.68,1585.36,6059.84,1383.87,4943.72,46022.07,6,46022.07,9204.41,7670.34
354,833,282,199,2023-11-16,2023-12-03,2023-12-07,Winter,Net Banking,21370.64,4728.56,4963.42,5835.84,1469.82,1819.03,36549.25,4,36549.25,7309.85,9137.31
355,204,137,27,2024-01-16,2024-02-21,2024-02-27,Winter,Credit Card,23808.72,7287.31,2547.54,1194.45,1133.87,1290.44,34681.45,6,34681.45,6936.29,5780.24
356,821,28,58,2022-12-29,2023-01-09,2023-01-15,Winter,Cash,31338.6,5415.73,4135.48,9257.48,2903.53,963.16,52087.66,6,52087.66,10417.53,8681.28
357,913,339,71,2023-05-09,2023-06-04,2023-06-10,Monsoon,UPI,34313.16,5557.69,1962.72,2204.38,2612.81,3869.12,42781.64,6,42781.64,8556.33,7130.27
358,951,283,166,2023-04-29,2023-05-05,2023-05-11,Summer,Cash,31425.18,11700.92,3758.98,16114.21,6775.84,957.56,68817.57,6,68817.57,13763.51,11469.6
359,632,9,171,2023-10-28,2023-12-19,2023-12-25,Winter,UPI,70820.52,10285.95,1498.25,2461.93,1922.41,2571.05,84418.01,6,84418.01,16883.6,14069.67
360,625,85,152,2023-09-28,2023-10-09,2023-10-11,Autumn,Debit Card,20007.3,3013.48,2740.77,8608.95,3473.56,1338.98,36505.08,2,36505.08,7301.02,18252.54
361,238,52,77,2024-08-21,2024-09-23,2024-09-28,Autumn,Debit Card,26693.0,16087.47,5075.8,12301.06,3661.14,2167.2,61651.27,5,61651.27,12330.25,12330.25
362,279,106,65,2024-09-20,2024-11-14,2024-11-20,Autumn,UPI,53282.28,5898.72,2996.13,6156.38,3433.77,4847.79,66919.49,6,66919.49,13383.9,11153.25
363,382,74,57,2024-05-12,2024-07-06,2024-07-11,Monsoon,Debit Card,8934.4,4134.46,2413.06,2741.42,3002.27,1204.07,20021.54,5,20021.54,4004.31,4004.31
364,389,308,163,2023-11-11,2023-12-22,2023-12-25,Winter,Credit Card,32358.93,6363.19,7560.72,6999.66,3074.66,1849.17,54507.99,3,54507.99,10901.6,18169.33
365,503,224,88,2024-10-02,2024-11-03,2024-11-07,Autumn,UPI,8300.8,3371.34,2466.38,9970.99,2174.86,209.85,26074.52,4,26074.52,5214.9,6518.63
366,875,300,36,2023-07-21,2023-07-28,2023-08-02,Monsoon,UPI,61677.25,2859.84,1914.32,7071.05,1055.64,5693.89,68884.21,5,68884.21,13776.84,13776.84
367,567,26,174,2024-04-01,2024-04-15,2024-04-19,Summer,Debit Card,23556.64,7151.0,2114.05,9159.63,1301.81,1101.03,42182.1,4,42182.1,8436.42,10545.52
368,534,35,26,2023-05-12,2023-05-20,2023-05-26,Summer,Debit Card,75697.74,5594.19,2880.99,4232.64,1087.74,195.09,89298.21,6,89298.21,17859.64,14883.04
369,985,101,188,2023-07-11,2023-09-03,2023-09-05,Autumn,UPI,4490.36,6213.36,3086.86,2234.47,3813.98,512.48,19326.55,2,19326.55,3865.31,9663.28
370,741,92,94,2023-02-12,2023-04-08,2023-04-10,Summer,UPI,4184.02,3566.22,4065.4,5132.46,572.51,316.63,17203.98,2,17203.98,3440.8,8601.99
371,59,202,3,2023-04-02,2023-04-16,2023-04-19,Summer,Debit Card,13213.71,5377.6,4337.12,5738.65,1477.47,487.17,29657.38,3,29657.38,5931.48,9885.79
372,180,364,108,2023-01-20,2023-03-06,2023-03-12,Summer,Credit Card,13458.78,6486.6,4517.46,10.32,3802.87,1612.71,26663.32,6,26663.32,5332.66,4443.89
373,694,387,164,2024-05-14,2024-06-17,2024-06-24,Monsoon,Cash,38182.41,7216.32,3422.07,7183.56,3122.7,4304.86,54822.2,7,54822.2,10964.44,7831.74
374,537,480,91,2024-03-10,2024-05-05,2024-05-07,Summer,Debit Card,44585.14,1220.25,4978.86,8419.46,904.38,6046.85,54061.24,2,54061.24,10812.25,27030.62
375,392,193,80,2023-06-05,2023-07-11,2023-07-14,Monsoon,Credit Card,17669.97,4446.12,7380.52,13506.26,3734.62,1564.93,45172.56,3,45172.56,9034.51,15057.52
376,777,384,98,2024-01-24,2024-02-13,2024-02-16,Winter,Credit Card,26543.94,9994.08,8306.38,4552.56,3415.21,2838.44,49973.73,3,49973.73,9994.75,16657.91
377,381,452,116,2023-05-06,2023-05-14,2023-05-17,Summer,Debit Card,12224.43,11073.35,9381.97,5908.36,1371.84,852.82,39107.13,3,39107.13,7821.43,13035.71
378,396,455,166,2024-06-21,2024-08-03,2024-08-07,Monsoon,UPI,9810.76,13853.13,6412.85,810.49,7869.5,1246.71,37510.02,4,37510.02,7502.0,9377.5
379,70,181,68,2024-04-02,2024-04-17,2024-04-19,Summer,Credit Card,4493.12,1437.82,3844.42,2696.09,586.39,147.39,12910.45,2,12910.45,2582.09,6455.22
380,534,191,71,2023-11-16,2024-01-11,2024-01-17,Winter,Net Banking,28339.5,6122.33,2306.18,3679.68,3304.28,2489.43,41262.54,6,41262.54,8252.51,6877.09
381,905,225,5,2024-11-18,2024-12-25,2024-12-27,Winter,Cash,5689.52,3185.99,3265.4,672.89,3888.45,796.2,15906.05,2,15906.05,3181.21,7953.02
382,387,170,90,2024-07-04,2024-08-24,2024-08-31,Monsoon,UPI,15348.13,10022.98,8096.87,3926.68,5318.12,634.86,42077.92,7,42077.92,8415.58,6011.13
383,226,22,63,2022-12-19,2023-01-05,2023-01-10,Winter,Cash,5991.9,3952.48,4197.89,8831.67,1994.19,510.68,24457.45,5,24457.45,4891.49,4891.49
384,939,108,133,2022-11-08,2023-01-06,2023-01-08,Winter,UPI,3965.04,11454.17,14932.98,7887.4,13330.69,98.49,51471.79,2,51471.79,10294.36,25735.9
385,689,253,91,2024-01-31,2024-02-26,2024-03-03,Winter,UPI,62861.46,10655.34,4822.67,2580.83,2454.99,8384.18,74991.11,6,74991.11,14998.22,12498.52
386,834,380,83,2024-04-03,2024-04-17,2024-04-24,Summer,Cash,58633.61,8960.51,2115.86,5938.5,3638.07,1989.43,77297.12,7,77297.12,15459.42,11042.45
387,23,223,77,2024-05-24,2024-06-17,2024-06-22,Monsoon,Net Banking,54818.5,5769.3,6733.54,16033.48,2803.5,6776.13,79382.19,5,79382.19,15876.44,15876.44
388,569,115,7,2023-10-05,2023-11-08,2023-11-11,Autumn,Credit Card,21163.38,4638.22,3023.37,4126.45,1899.48,1798.59,33052.31,3,33052.31,6610.46,11017.44
389,307,42,96,2024-05-13,2024-05-22,2024-05-26,Summer,Credit Card,94067.08,4613.74,4260.24,1540.46,2156.11,431.7,106205.93,4,106205.93,21241.19,26551.48
390,961,190,89,2023-01-11,2023-02-16,2023-02-21,Winter,Cash,57739.4,4105.21,2720.42,2351.11,1351.33,6967.96,61299.51,5,61299.51,12259.9,12259.9
391,345,82,148,2024-12-18,2024-12-28,2024-12-30,Winter,Credit Card,22356.64,2244.48,7109.5,2700.83,3599.82,3006.68,35004.59,2,35004.59,7000.92,17502.29
392,957,497,67,2023-07-28,2023-08-02,2023-08-07,Monsoon,Debit Card,59980.75,5490.27,4331.38,16871.6,5751.18,8260.1,84165.08,5,84165.08,16833.02,16833.02
393,717,183,134,2023-07-18,2023-08-02,2023-08-06,Monsoon,UPI,17163.44,2599.83,4985.26,823.46,638.3,0.55,26209.74,4,26209.74,5241.95,6552.44
394,945,99,101,2024-10-22,2024-11-27,2024-11-29,Autumn,UPI,9022.5,2780.11,3461.74,5260.87,3411.31,384.96,23551.57,2,23551.57,4710.31,11775.78
395,67,237,170,2024-06-21,2024-08-06,2024-08-13,Monsoon,Cash,16244.9,4509.26,3425.93,6890.32,612.12,2076.48,29606.05,7,29606.05,5921.21,4229.44
396,681,84,91,2024-08-06,2024-09-12,2024-09-16,Autumn,UPI,52549.52,5920.94,4258.55,4179.7,3756.74,6260.68,64404.77,4,64404.77,12880.95,16101.19
397,868,159,92,2023-07-05,2023-08-08,2023-08-11,Monsoon,Debit Card,43426.77,3331.18,2469.98,17502.83,2033.76,6502.46,62262.06,3,62262.06,12452.41,20754.02
398,130,77,117,2024-08-30,2024-09-25,2024-10-02,Autumn,UPI,9744.77,34496.42,13948.42,15672.05,3344.99,941.8,76264.85,7,76264.85,15252.97,10894.98
399,966,344,133,2024-07-05,2024-07-23,2024-07-28,Monsoon,Credit Card,6110.2,10463.14,5126.35,6901.71,1342.39,770.91,29172.88,5,29172.88,5834.58,5834.58
400,823,130,46,2024-01-28,2024-03-15,2024-03-20,Summer,UPI,52643.25,11744.18,8526.25,14905.63,5951.69,5199.09,88571.91,5,88571.91,17714.38,17714.38
401,982,469,35,2023-05-02,2023-07-01,2023-07-04,Monsoon,UPI,40789.62,6742.21,5895.15,19767.38,2037.17,5410.04,69821.49,3,69821.49,13964.3,23273.83
402,246,263,182,2024-07-18,2024-09-07,2024-09-10,Autumn,Net Banking,5166.72,6022.88,3732.84,12986.19,6121.33,476.53,33553.43,3,33553.43,6710.69,11184.48
403,346,2,189,2023-01-24,2023-02-07,2023-02-11,Winter,Cash,18790.4,3640.68,2562.76,5287.35,2566.71,2611.62,30236.28,4,30236.28,6047.26,7559.07
404,202,223,77,2023-05-25,2023-07-15,2023-07-21,Monsoon,Cash,65782.2,10101.13,8976.89,8215.85,2692.26,176.77,95591.56,6,95591.56,19118.31,15931.93
405,604,322,199,2023-10-19,2023-12-16,2023-12-21,Winter,Net Banking,7575.8,18711.58,6870.08,4618.9,3206.26,671.47,40311.15,5,40311.15,8062.23,8062.23
406,461,136,89,2023-04-08,2023-04-27,2023-05-04,Summer,Cash,16916.76,11103.28,3710.63,9553.37,1155.43,2415.74,40023.73,7,40023.73,8004.75,5717.68
407,461,123,15,2024-05-24,2024-06-02,2024-06-06,Monsoon,Cash,15253.96,12395.79,5735.13,7501.59,4061.04,2179.63,42767.88,4,42767.88,8553.58,10691.97
408,814,393,181,2024-07-13,2024-08-25,2024-09-01,Monsoon,Credit Card,33517.05,31372.83,11954.54,19227.24,8759.73,3919.86,100911.53,7,100911.53,20182.31,14415.93
409,876,121,158,2024-09-28,2024-11-18,2024-11-22,Autumn,Debit Card,9264.36,5270.38,1801.03,6850.84,778.87,898.89,23066.59,4,23066.59,4613.32,5766.65
410,970,246,3,2022-12-04,2023-01-24,2023-01-28,Winter,Debit Card,8972.16,11889.49,7374.49,8311.51,7341.68,274.67,43614.66,4,43614.66,8722.93,10903.66
411,168,186,112,2024-01-31,2024-03-10,2024-03-17,Summer,Cash,37355.01,20419.47,2609.81,3111.37,1850.09,5250.82,60094.93,7,60094.93,12018.99,8584.99
412,977,123,15,2024-01-25,2024-02-06,2024-02-11,Winter,UPI,19067.45,6139.43,7315.2,14031.68,3831.37,349.21,50035.92,5,50035.92,10007.18,10007.18
413,685,315,15,2023-03-18,2023-05-12,2023-05-14,Summer,UPI,11665.9,1529.2,4226.41,5453.04,1375.97,31.9,24218.62,2,24218.62,4843.72,12109.31
414,936,318,160,2023-09-18,2023-10-03,2023-10-06,Autumn,UPI,6093.36,4443.06,8521.74,10696.18,4350.83,845.19,33259.98,3,33259.98,6652.0,11086.66
415,647,180,140,2023-12-04,2024-01-26,2024-01-31,Winter,Credit Card,17388.05,8554.56,4103.45,4024.59,1086.33,1619.89,33537.09,5,33537.09,6707.42,6707.42
416,496,397,169,2023-08-05,2023-08-24,2023-08-31,Monsoon,Net Banking,7859.46,18706.61,5662.83,6444.28,3582.1,1060.99,41194.29,7,41194.29,8238.86,5884.9
417,38,232,76,2024-01-14,2024-03-01,2024-03-05,Summer,UPI,22565.72,4493.2,4350.08,9695.84,3517.02,288.48,44333.38,4,44333.38,8866.68,11083.34
418,864,50,12,2023-12-06,2023-12-19,2023-12-24,Winter,Net Banking,69965.6,23946.8,11543.11,27417.02,3308.89,8509.52,127671.9,5,127671.9,25534.38,25534.38
419,806,428,88,2023-09-01,2023-10-10,2023-10-15,Autumn,UPI,7825.5,5025.67,2567.33,16902.88,5088.39,1171.95,36237.82,5,36237.82,7247.56,7247.56
420,713,133,120,2023-09-13,2023-10-09,2023-10-14,Autumn,Credit Card,41365.05,17664.25,4419.25,8969.17,5553.36,2524.54,75446.54,5,75446.54,15089.31,15089.31
421,27,146,143,2023-04-15,2023-04-28,2023-05-04,Summer,Cash,9512.82,15112.64,2520.88,2040.74,7040.23,1095.88,35131.43,6,35131.43,7026.29,5855.24
422,326,455,166,2022-12-25,2023-02-19,2023-02-21,Winter,Debit Card,4905.38,1147.24,2245.95,7606.34,3141.94,671.77,18375.08,2,18375.08,3675.02,9187.54
423,82,416,153,2024-06-01,2024-07-18,2024-07-22,Monsoon,Credit Card,5794.52,7371.95,4009.21,407.37,3715.93,365.2,20933.78,4,20933.78,4186.76,5233.44
424,674,171,106,2023-03-27,2023-04-05,2023-04-07,Summer,Cash,8368.2,1821.65,8218.1,765.45,5999.85,509.61,24663.64,2,24663.64,4932.73,12331.82
425,110,136,89,2023-01-08,2023-02-03,2023-02-06,Winter,Debit Card,7250.04,8836.37,6552.12,17333.84,5415.87,18.32,45369.92,3,45369.92,9073.98,15123.31
426,224,374,3,2023-05-28,2023-07-24,2023-07-31,Monsoon,Cash,96922.28,6005.16,2631.64,6814.11,3562.75,8384.13,107551.81,7,107551.81,21510.36,15364.54
427,748,398,157,2024-10-29,2024-11-18,2024-11-20,Autumn,Net Banking,4883.72,1633.02,3667.53,1924.72,2347.23,252.2,14204.02,2,14204.02,2840.8,7102.01
428,415,499,197,2024-07-20,2024-08-09,2024-08-15,Monsoon,Credit Card,24190.8,33703.7,7271.99,21789.21,1818.3,415.88,88358.12,6,88358.12,17671.62,14726.35
429,605,98,71,2023-07-03,2023-07-19,2023-07-26,Monsoon,Cash,52477.39,8567.57,6631.37,2384.07,1153.3,7857.01,63356.69,7,63356.69,12671.34,9050.96
430,763,24,198,2024-06-17,2024-07-05,2024-07-09,Monsoon,Credit Card,5252.0,5447.45,3607.41,7172.37,3404.9,10.84,24873.29,4,24873.29,4974.66,6218.32
431,110,175,111,2023-03-15,2023-05-05,2023-05-12,Summer,Credit Card,97282.71,25244.82,4600.89,8222.54,5616.64,9927.43,131040.17,7,131040.17,26208.03,18720.02
432,455,340,130,2023-02-06,2023-03-07,2023-03-11,Summer,Debit Card,52009.12,12995.47,7978.42,11921.46,3986.45,7404.61,81486.31,4,81486.31,16297.26,20371.58
433,448,26,174,2024-03-31,2024-04-15,2024-04-17,Summer,Credit Card,11778.32,3244.97,3097.13,2038.4,886.46,507.43,20537.85,2,20537.85,4107.57,10268.92
434,291,144,179,2022-11-22,2023-01-16,2023-01-22,Winter,Credit Card,6312.9,8278.36,2391.37,6442.5,2072.7,651.9,24845.93,6,24845.93,4969.19,4140.99
435,283,430,179,2024-05-25,2024-06-09,2024-06-14,Monsoon,Debit Card,11701.35,11571.94,3067.89,15620.16,5516.54,675.02,46802.86,5,46802.86,9360.57,9360.57
436,972,283,166,2023-06-12,2023-07-04,2023-07-11,Monsoon,UPI,36662.71,8981.3,3759.63,2718.12,2804.03,4396.56,50529.23,7,50529.23,10105.85,7218.46
437,765,207,77,2022-12-16,2023-01-08,2023-01-12,Winter,Debit Card,22395.0,6546.42,3673.79,5559.58,2647.58,2684.02,38138.35,4,38138.35,7627.67,9534.59
438,543,472,158,2024-05-12,2024-05-17,2024-05-20,Summer,Credit Card,4911.78,2973.2,3758.55,5538.72,2487.83,1.08,19669.0,3,19669.0,3933.8,6556.33
439,199,96,90,2024-01-02,2024-02-24,2024-02-29,Winter,UPI,5431.2,13896.36,3757.98,3590.4,3432.31,685.89,29422.36,5,29422.36,5884.47,5884.47
440,617,290,96,2023-05-09,2023-06-13,2023-06-19,Monsoon,Debit Card,13722.6,11012.31,2298.86,8577.96,1749.08,1562.17,35798.64,6,35798.64,7159.73,5966.44
441,546,171,106,2024-06-12,2024-06-18,2024-06-25,Monsoon,Credit Card,29288.7,4583.52,4583.7,2313.04,3532.93,900.45,43401.44,7,43401.44,8680.29,6200.21
442,423,274,158,2023-10-17,2023-12-04,2023-12-10,Winter,Net Banking,77394.48,17038.58,3389.27,3861.61,3236.52,425.08,104495.38,6,104495.38,20899.08,17415.9
443,12,471,74,2023-06-24,2023-08-09,2023-08-15,Monsoon,Net Banking,18231.84,22075.85,2747.86,18471.34,5282.42,255.73,66553.58,6,66553.58,13310.72,11092.26
444,257,406,173,2023-05-28,2023-07-02,2023-07-09,Monsoon,UPI,38719.1,9181.29,3629.19,6958.69,522.25,4890.49,54120.03,7,54120.03,10824.01,7731.43
445,837,111,37,2024-07-25,2024-08-04,2024-08-10,Monsoon,Cash,110252.58,5063.96,3302.7,0.93,2937.33,15457.22,106100.28,6,106100.28,21220.06,17683.38
446,772,232,76,2023-05-10,2023-07-01,2023-07-03,Monsoon,Cash,11282.86,1064.08,2101.03,1720.68,1049.34,1248.12,15969.87,2,15969.87,3193.97,7984.94
447,751,92,94,2023-04-24,2023-05-07,2023-05-11,Summer,Net Banking,8368.04,2367.65,2797.87,6186.46,610.22,910.96,19419.28,4,19419.28,3883.86,4854.82
448,742,105,34,2024-04-09,2024-05-27,2024-06-01,Summer,Debit Card,68721.15,13786.88,7802.06,2863.24,3281.94,1766.56,94688.71,5,94688.71,18937.74,18937.74
449,36,273,120,2024-02-23,2024-03-04,2024-03-07,Summer,Debit Card,3183.9,6586.05,9576.76,15646.26,10616.06,79.37,45529.66,3,45529.66,9105.93,15176.55
450,731,267,92,2024-08-31,2024-09-15,2024-09-21,Autumn,Cash,82082.1,16100.37,3352.23,8083.05,1984.45,10301.59,101300.61,6,101300.61,20260.12,16883.44
451,456,143,116,2023-03-29,2023-05-24,2023-05-26,Summer,Debit Card,4723.36,2217.45,2502.1,5354.48,3745.37,619.75,17923.01,2,17923.01,3584.6,8961.5
452,119,408,141,2023-07-18,2023-09-08,2023-09-15,Autumn,Cash,10506.86,24246.73,2614.79,8627.79,6628.8,915.14,51709.83,7,51709.83,10341.97,7387.12
453,756,419,39,2023-03-30,2023-04-18,2023-04-21,Summer,Debit Card,7838.37,11172.01,6067.33,12138.03,7190.95,283.94,44122.75,3,44122.75,8824.55,14707.58
454,566,43,142,2023-07-19,2023-08-09,2023-08-13,Monsoon,Cash,19555.08,2817.08,1713.24,4277.21,3475.86,602.2,31236.27,4,31236.27,6247.25,7809.07
455,823,405,161,2023-05-03,2023-05-17,2023-05-23,Summer,Net Banking,54911.1,7285.83,7767.36,10934.53,6164.19,2650.91,84412.1,6,84412.1,16882.42,14068.68
456,169,349,124,2024-03-25,2024-04-01,2024-04-03,Summer,Credit Card,11184.96,3325.91,3763.53,8628.86,3030.82,140.32,29793.76,2,29793.76,5958.75,14896.88
457,169,388,112,2023-05-15,2023-07-03,2023-07-06,Monsoon,Net Banking,13016.37,5788.9,1393.04,7836.5,2386.61,725.41,29696.01,3,29696.01,5939.2,9898.67
458,807,323,59,2023-07-10,2023-07-24,2023-07-28,Monsoon,UPI,34020.72,8548.54,2921.26,18285.18,5519.25,3840.24,65454.71,4,65454.71,13090.94,16363.68
459,268,82,148,2023-01-04,2023-02-20,2023-02-26,Winter,Cash,67069.92,26247.62,10672.4,32769.13,2765.21,1767.88,137756.4,6,137756.4,27551.28,22959.4
460,782,148,22,2023-05-13,2023-06-11,2023-06-16,Monsoon,Credit Card,4185.3,22692.88,10329.3,1589.27,2415.55,415.62,40796.68,5,40796.68,8159.34,8159.34
461,908,126,188,2024-02-04,2024-03-03,2024-03-10,Summer,Cash,58450.77,11499.0,2879.7,6798.98,1674.54,3620.78,77682.21,7,77682.21,15536.44,11097.46
462,817,138,24,2024-04-26,2024-06-12,2024-06-14,Monsoon,UPI,30043.94,1930.38,1680.94,5768.25,3053.6,2490.09,39987.02,2,39987.02,7997.4,19993.51
463,41,321,137,2024-05-18,2024-06-07,2024-06-12,Monsoon,Cash,8099.05,8920.19,3233.05,6180.91,3252.83,20.65,29665.38,5,29665.38,5933.08,5933.08
464,640,399,46,2023-09-26,2023-10-05,2023-10-07,Autumn,UPI,19707.4,6811.96,9425.11,17305.03,2769.71,1562.53,54456.68,2,54456.68,10891.34,27228.34
465,912,285,100,2023-09-25,2023-11-09,2023-11-16,Autumn,UPI,22859.34,48969.35,12870.39,19709.2,7767.89,3018.99,109157.18,7,109157.18,21831.44,15593.88
466,255,265,4,2023-04-01,2023-05-17,2023-05-19,Summer,Net Banking,2094.12,1803.4,1619.44,655.31,2938.26,194.46,8916.07,2,8916.07,1783.21,4458.04
467,303,372,46,2023-12-21,2024-01-14,2024-01-17,Winter,Credit Card,4618.38,5184.45,5358.4,14339.82,3577.8,502.41,32576.44,3,32576.44,6515.29,10858.81
468,542,221,194,2024-03-04,2024-03-25,2024-03-27,Summer,Net Banking,23534.96,6516.6,7718.67,5249.26,7087.91,1376.37,48731.03,2,48731.03,9746.21,24365.52
469,364,485,188,2024-09-29,2024-11-28,2024-11-30,Autumn,Debit Card,12865.9,3977.71,3449.37,12163.52,3041.56,1318.47,34179.59,2,34179.59,6835.92,17089.79
470,301,99,101,2023-12-12,2023-12-22,2023-12-27,Winter,Net Banking,22556.25,8654.35,7503.08,15535.52,4131.77,3248.0,55132.97,5,55132.97,11026.59,11026.59
471,544,259,154,2023-11-06,2023-11-25,2023-12-02,Autumn,Credit Card,16088.52,7367.9,3224.36,5009.7,1124.59,2370.56,30444.51,7,30444.51,6088.9,4349.22
472,340,372,46,2024-10-23,2024-12-20,2024-12-27,Winter,Credit Card,10776.22,19032.51,4247.49,5214.53,4926.21,1605.32,42591.64,7,42591.64,8518.33,6084.52
473,299,123,15,2023-03-15,2023-05-07,2023-05-11,Summer,Debit Card,15253.96,6971.15,2030.87,3150.74,2981.07,903.16,29484.63,4,29484.63,5896.93,7371.16
474,228,414,60,2023-01-23,2023-02-03,2023-02-10,Winter,Cash,29973.65,8274.81,2865.8,8785.97,933.23,217.3,50616.16,7,50616.16,10123.23,7230.88
475,1000,102,55,2023-02-01,2023-03-21,2023-03-24,Summer,Net Banking,10053.06,2475.52,2619.98,3230.2,1290.01,1330.6,18338.17,3,18338.17,3667.63,6112.72
476,876,18,101,2023-10-12,2023-11-25,2023-12-01,Autumn,Net Banking,13315.2,9825.59,2309.76,3893.41,2116.0,1000.01,30459.95,6,30459.95,6091.99,5076.66
477,417,399,46,2023-07-16,2023-08-01,2023-08-04,Monsoon,Credit Card,29561.1,5987.68,1117.59,1067.46,3225.22,496.69,40462.36,3,40462.36,8092.47,13487.45
478,131,429,55,2023-06-20,2023-08-08,2023-08-13,Monsoon,UPI,20976.0,6042.05,3811.35,2638.87,1492.77,3080.33,31880.71,5,31880.71,6376.14,6376.14
479,123,492,19,2024-07-19,2024-09-01,2024-09-08,Autumn,Debit Card,26422.13,13704.29,6190.15,6224.27,6481.07,302.21,58719.7,7,58719.7,11743.94,8388.53
480,619,37,149,2024-08-26,2024-10-04,2024-10-08,Autumn,Debit Card,4534.12,3388.1,3119.55,3429.5,592.32,94.74,14968.85,4,14968.85,2993.77,3742.21
481,418,100,104,2023-03-25,2023-05-07,2023-05-13,Summer,Cash,9437.88,15591.39,7058.05,9900.71,6054.95,108.65,47934.33,6,47934.33,9586.87,7989.06
482,262,479,134,2023-11-28,2024-01-05,2024-01-11,Winter,Net Banking,25324.26,11466.01,1171.41,3668.36,574.39,3008.64,39195.79,6,39195.79,7839.16,6532.63
483,244,253,91,2024-10-20,2024-12-14,2024-12-21,Winter,Credit Card,73338.37,8953.06,1383.94,7463.43,1992.81,9312.55,83819.06,7,83819.06,16763.81,11974.15
484,962,22,63,2023-11-29,2023-12-17,2023-12-21,Winter,Net Banking,4793.52,4386.98,3429.71,8181.72,3169.58,277.75,23683.76,4,23683.76,4736.75,5920.94
485,702,234,200,2023-01-19,2023-02-04,2023-02-07,Winter,UPI,7014.36,11077.44,4846.36,16347.95,4563.53,192.97,43656.67,3,43656.67,8731.33,14552.22
486,586,56,48,2024-04-22,2024-06-14,2024-06-20,Monsoon,Debit Card,5674.08,8590.61,4935.68,8313.92,1516.4,819.73,28210.96,6,28210.96,5642.19,4701.83
487,119,124,190,2023-03-19,2023-04-26,2023-05-01,Summer,Debit Card,24030.0,9125.23,3509.46,15531.01,6650.16,2655.28,56190.58,5,56190.58,11238.12,11238.12
488,542,70,19,2023-03-23,2023-05-08,2023-05-12,Summer,Cash,17315.92,11417.66,2184.48,12006.46,3744.66,1802.5,44866.68,4,44866.68,8973.34,11216.67
489,621,421,87,2023-12-08,2024-01-19,2024-01-26,Winter,Credit Card,121230.13,11934.51,2143.06,1817.78,555.21,18100.21,119580.48,7,119580.48,23916.1,17082.93
490,262,299,92,2024-09-12,2024-10-25,2024-11-01,Autumn,Cash,6895.14,10049.64,3503.85,7666.28,2504.5,388.75,30230.66,7,30230.66,6046.13,4318.67
491,800,337,71,2024-03-26,2024-05-03,2024-05-07,Summer,Debit Card,5957.08,5211.59,2464.72,3840.99,3831.77,221.78,21084.37,4,21084.37,4216.87,5271.09
492,339,290,96,2023-02-16,2023-03-25,2023-03-29,Summer,Cash,9148.4,5712.7,4899.41,1944.51,1112.93,261.25,22556.7,4,22556.7,4511.34,5639.18
493,190,430,179,2023-09-17,2023-11-10,2023-11-13,Autumn,Net Banking,7020.81,5974.12,5830.91,16875.52,3469.26,736.85,38433.77,3,38433.77,7686.75,12811.26
494,572,243,181,2022-12-24,2023-02-15,2023-02-20,Winter,Credit Card,61188.7,7314.52,1695.66,2159.07,2465.81,9129.59,65694.17,5,65694.17,13138.83,13138.83
495,234,267,92,2024-07-06,2024-08-22,2024-08-28,Monsoon,UPI,82082.1,8851.71,4594.09,5202.09,2800.41,6909.1,96621.3,6,96621.3,19324.26,16103.55
496,18,429,55,2024-10-22,2024-10-27,2024-10-31,Autumn,Net Banking,16780.8,7323.7,1471.22,1424.56,2933.0,1535.46,28397.82,4,28397.82,5679.56,7099.46
497,350,16,187,2023-06-01,2023-07-13,2023-07-17,Monsoon,Cash,9951.44,21813.57,9851.7,9577.39,11673.37,570.87,62296.6,4,62296.6,12459.32,15574.15
498,388,177,101,2023-04-09,2023-04-27,2023-04-29,Summer,Cash,2122.2,4402.42,4866.87,12096.21,5219.73,46.39,28661.04,2,28661.04,5732.21,14330.52
499,195,414,60,2024-07-13,2024-07-25,2024-07-29,Monsoon,Debit Card,17127.8,13326.62,5189.36,2979.04,5113.28,1986.34,41749.76,4,41749.76,8349.95,10437.44
500,871,261,155,2023-02-22,2023-02-28,2023-03-03,Winter,Net Banking,3924.45,4885.5,1003.91,6677.16,2298.65,353.43,18436.24,3,18436.24,3687.25,6145.41
501,930,454,119,2023-04-07,2023-06-04,2023-06-09,Monsoon,Cash,28380.65,7227.79,2384.74,3479.99,4754.91,3505.98,42722.1,5,42722.1,8544.42,8544.42
502,844,438,101,2022-12-06,2023-01-13,2023-01-15,Winter,Cash,3370.44,2944.86,1320.42,6298.62,756.07,372.97,14317.44,2,14317.44,2863.49,7158.72
503,56,233,1,2023-08-14,2023-09-28,2023-10-04,Autumn,Debit Card,133193.7,10846.57,4797.69,6420.73,2694.42,1004.93,156948.18,6,156948.18,31389.64,26158.03
504,378,113,36,2024-05-26,2024-07-01,2024-07-06,Monsoon,Net Banking,6988.05,6991.27,2562.95,581.82,3800.26,928.12,19996.23,5,19996.23,3999.25,3999.25
505,744,207,77,2024-07-09,2024-07-22,2024-07-28,Monsoon,Debit Card,33592.5,10981.72,5799.34,1657.25,6396.42,3653.12,54774.11,6,54774.11,10954.82,9129.02
506,846,243,181,2023-10-26,2023-12-06,2023-12-13,Winter,Cash,85664.18,7562.41,7399.73,409.23,6800.42,8668.77,99167.2,7,99167.2,19833.44,14166.74
507,270,35,26,2023-11-03,2023-12-07,2023-12-10,Winter,Credit Card,37848.87,5717.59,4816.77,3142.0,3002.22,972.23,53555.22,3,53555.22,10711.04,17851.74
508,354,469,35,2023-11-06,2023-12-15,2023-12-17,Winter,Net Banking,27193.08,1857.46,7916.73,16184.05,1934.92,414.65,54671.59,2,54671.59,10934.32,27335.8
509,618,84,91,2022-11-16,2023-01-08,2023-01-13,Winter,Debit Card,65686.9,8688.76,4918.18,3177.56,2137.05,5380.87,79227.58,5,79227.58,15845.52,15845.52
510,1000,177,101,2023-02-02,2023-03-07,2023-03-09,Summer,Cash,2122.2,1890.18,2058.39,491.84,3864.33,275.21,10151.73,2,10151.73,2030.35,5075.86
511,331,25,106,2024-01-04,2024-02-10,2024-02-12,Winter,Credit Card,11588.16,2293.48,2139.04,529.0,2081.09,1185.55,17445.22,2,17445.22,3489.04,8722.61
512,852,53,99,2023-04-01,2023-05-05,2023-05-12,Summer,Net Banking,11559.45,10506.4,1681.27,1866.48,549.05,279.99,25882.66,7,25882.66,5176.53,3697.52
513,95,450,110,2023-04-20,2023-06-04,2023-06-07,Monsoon,UPI,14823.99,3837.41,4894.71,1716.2,2411.44,1633.34,26050.41,3,26050.41,5210.08,8683.47
514,504,402,16,2024-07-17,2024-09-08,2024-09-13,Autumn,Debit Card,26440.55,9060.5,3157.44,8766.43,3468.27,702.86,50190.33,5,50190.33,10038.07,10038.07
515,698,164,188,2024-02-27,2024-04-08,2024-04-13,Summer,Credit Card,57459.0,6196.2,3811.28,5445.98,2728.28,3471.51,72169.23,5,72169.23,14433.85,14433.85
516,950,61,147,2023-04-14,2023-06-13,2023-06-18,Monsoon,Debit Card,5440.75,9252.34,3073.11,8076.06,3510.35,12.62,29339.99,5,29339.99,5868.0,5868.0
517,783,2,189,2023-03-17,2023-05-03,2023-05-06,Summer,Debit Card,14092.8,2507.59,2397.22,6738.83,801.66,831.52,25706.58,3,25706.58,5141.32,8568.86
518,895,338,18,2024-04-15,2024-05-18,2024-05-20,Summer,UPI,24522.78,3986.65,2882.45,1311.52,5003.2,3446.92,34259.68,2,34259.68,6851.94,17129.84
519,75,293,50,2024-02-22,2024-04-15,2024-04-21,Summer,Credit Card,134929.62,14431.93,5646.67,12273.52,2381.88,12618.02,157045.6,6,157045.6,31409.12,26174.27
520,555,148,22,2023-06-23,2023-07-06,2023-07-08,Monsoon,UPI,1674.12,3395.16,4805.6,6917.93,1304.3,211.38,17885.73,2,17885.73,3577.15,8942.86
521,444,500,84,2024-08-25,2024-09-17,2024-09-24,Autumn,Debit Card,11939.69,13260.88,6844.78,16922.71,5268.11,991.37,53244.8,7,53244.8,10648.96,7606.4
522,68,332,42,2024-01-01,2024-02-15,2024-02-21,Winter,Cash,31304.88,12817.74,7633.87,16432.54,5280.27,2072.72,71396.58,6,71396.58,14279.32,11899.43
523,366,473,50,2024-04-16,2024-05-15,2024-05-20,Summer,Debit Card,93164.15,13089.05,9776.88,3735.22,7537.33,6316.62,120986.01,5,120986.01,24197.2,24197.2
524,390,400,169,2022-12-10,2023-01-24,2023-01-31,Winter,Net Banking,21166.25,15653.58,5631.82,6920.54,1844.48,1980.02,49236.65,7,49236.65,9847.33,7033.81
525,938,224,88,2023-05-30,2023-07-27,2023-07-30,Monsoon,UPI,6225.6,3822.53,1784.61,9941.92,633.63,600.74,21807.55,3,21807.55,4361.51,7269.18
526,326,349,124,2024-07-05,2024-07-21,2024-07-28,Monsoon,Debit Card,39147.36,7371.15,3782.01,8830.2,2822.5,5095.74,56857.48,7,56857.48,11371.5,8122.5
527,774,200,73,2024-05-19,2024-06-22,2024-06-28,Monsoon,Credit Card,135089.76,6551.41,2998.6,5591.94,4792.39,15772.66,139251.44,6,139251.44,27850.29,23208.57
528,351,437,161,2024-06-29,2024-08-06,2024-08-11,Monsoon,Net Banking,28882.75,12513.53,3211.97,6354.36,6035.93,1274.44,55724.1,5,55724.1,11144.82,11144.82
529,654,127,183,2023-06-13,2023-07-22,2023-07-29,Monsoon,Cash,11504.15,44606.89,14969.31,29891.1,4599.68,1623.13,103948.0,7,103948.0,20789.6,14849.71
530,560,492,19,2023-10-12,2023-11-11,2023-11-14,Autumn,UPI,11323.77,1858.23,3722.12,3278.81,2365.64,573.92,21974.65,3,21974.65,4394.93,7324.88
531,955,248,97,2024-04-28,2024-05-13,2024-05-19,Summer,Debit Card,23018.28,13265.73,6712.99,17366.69,2555.89,1829.06,61090.52,6,61090.52,12218.1,10181.75
532,801,352,118,2023-04-21,2023-05-28,2023-05-30,Summer,Cash,3164.24,5637.32,4458.47,461.87,4968.67,246.31,18444.26,2,18444.26,3688.85,9222.13
533,980,198,130,2024-10-18,2024-12-01,2024-12-05,Winter,Net Banking,11871.0,6638.02,2149.22,2617.07,526.61,545.98,23255.94,4,23255.94,4651.19,5813.98
534,639,62,17,2023-10-15,2023-10-27,2023-11-01,Autumn,Cash,15995.05,6131.87,1187.56,5215.43,2966.4,1396.31,30100.0,5,30100.0,6020.0,6020.0
535,276,407,130,2023-12-08,2024-01-07,2024-01-11,Winter,Credit Card,23974.92,3951.48,2814.71,3267.68,1647.18,385.6,35270.37,4,35270.37,7054.07,8817.59
536,747,89,144,2023-04-26,2023-05-27,2023-06-01,Summer,Cash,9819.9,3230.33,4195.21,4473.27,1610.62,23.65,23305.68,5,23305.68,4661.14,4661.14
537,636,137,27,2023-09-24,2023-11-23,2023-11-30,Autumn,Credit Card,27776.84,11657.75,7342.27,1568.47,5790.9,738.83,53397.4,7,53397.4,10679.48,7628.2
538,393,316,185,2023-05-12,2023-06-23,2023-06-29,Monsoon,Net Banking,14461.98,8053.37,3420.29,8349.12,3152.18,14.59,37422.35,6,37422.35,7484.47,6237.06
539,370,67,101,2024-01-29,2024-02-13,2024-02-16,Winter,UPI,13106.73,8016.66,9303.14,15517.18,3912.58,1878.61,47977.68,3,47977.68,9595.54,15992.56
540,885,396,188,2024-08-04,2024-09-26,2024-10-01,Autumn,Cash,27136.6,11633.02,4389.2,3351.8,4448.98,1375.38,49584.22,5,49584.22,9916.84,9916.84
541,346,380,83,2024-10-04,2024-11-18,2024-11-22,Autumn,Cash,33504.92,4531.79,2454.84,8667.94,3256.63,4229.54,48186.58,4,48186.58,9637.32,12046.64
542,295,92,94,2024-11-08,2024-11-20,2024-11-22,Autumn,Net Banking,4184.02,7121.08,1982.85,16786.34,939.42,24.73,30988.98,2,30988.98,6197.8,15494.49
543,160,411,35,2023-04-03,2023-05-19,2023-05-22,Summer,Credit Card,3931.71,5813.08,1524.51,8773.72,3590.79,487.77,23146.04,3,23146.04,4629.21,7715.35
544,819,167,47,2023-11-02,2023-11-07,2023-11-11,Autumn,UPI,4702.08,9766.35,6174.3,12668.36,3979.78,520.63,36770.24,4,36770.24,7354.05,9192.56
545,699,52,77,2024-04-20,2024-05-28,2024-06-03,Summer,Cash,32031.6,23211.39,12044.64,35823.62,7981.93,2400.37,108692.81,6,108692.81,21738.56,18115.47
546,871,354,69,2023-11-11,2023-12-14,2023-12-21,Winter,Net Banking,24245.9,11053.29,2170.67,4132.79,3114.15,471.84,44244.96,7,44244.96,8848.99,6320.71
547,867,264,144,2023-11-19,2023-12-12,2023-12-15,Winter,Credit Card,14090.91,3866.22,4221.54,1728.74,2401.78,1725.48,24583.71,3,24583.71,4916.74,8194.57
548,755,69,173,2023-04-18,2023-05-05,2023-05-11,Summer,Debit Card,17808.48,10907.98,3580.59,6269.12,2684.24,157.56,41092.85,6,41092.85,8218.57,6848.81
549,757,5,78,2023-09-23,2023-10-14,2023-10-19,Autumn,Debit Card,6223.2,7253.42,5779.77,6210.13,4254.83,715.92,29005.43,5,29005.43,5801.09,5801.09
550,414,266,74,2024-07-13,2024-09-06,2024-09-09,Autumn,UPI,5922.03,3660.36,2283.4,7468.27,1771.16,557.62,20547.6,3,20547.6,4109.52,6849.2
551,496,70,19,2023-04-27,2023-05-11,2023-05-17,Summer,Credit Card,25973.88,15196.71,8204.14,13395.68,4175.01,3505.12,63440.3,6,63440.3,12688.06,10573.38
552,568,124,190,2024-07-24,2024-09-02,2024-09-05,Autumn,Net Banking,14418.0,5821.58,3581.68,1755.49,2100.08,465.13,27211.7,3,27211.7,5442.34,9070.57
553,454,404,25,2023-06-03,2023-07-19,2023-07-25,Monsoon,Debit Card,87303.78,11610.22,4704.35,3258.23,1103.9,7551.53,100428.95,6,100428.95,20085.79,16738.16
554,581,466,28,2024-07-26,2024-08-06,2024-08-13,Monsoon,Net Banking,32818.52,11893.73,3628.99,5851.77,2741.25,1163.11,55771.15,7,55771.15,11154.23,7967.31
555,564,74,57,2023-03-26,2023-05-11,2023-05-15,Summer,Debit Card,7147.52,13472.22,8845.59,10803.27,3241.43,1007.47,42502.56,4,42502.56,8500.51,10625.64
556,274,214,76,2024-01-03,2024-02-24,2024-02-29,Winter,Debit Card,11073.55,7423.43,5144.65,4942.71,1136.92,552.5,29168.76,5,29168.76,5833.75,5833.75
557,887,130,46,2024-08-01,2024-09-20,2024-09-27,Autumn,Credit Card,73700.55,9710.7,5017.15,14847.64,6321.87,4850.93,104746.98,7,104746.98,20949.4,14963.85
558,192,293,50,2023-04-28,2023-05-06,2023-05-10,Summer,Debit Card,89953.08,6000.32,3383.58,7597.46,3687.32,9698.26,100923.5,4,100923.5,20184.7,25230.88
559,220,252,122,2024-05-24,2024-07-05,2024-07-11,Monsoon,Cash,5963.04,10374.49,3193.92,16246.42,6269.24,88.15,41958.96,6,41958.96,8391.79,6993.16
560,813,187,23,2023-09-01,2023-09-18,2023-09-21,Autumn,Credit Card,9913.53,5475.17,2061.25,5542.1,2623.03,1397.4,24217.68,3,24217.68,4843.54,8072.56
561,907,239,177,2024-04-25,2024-06-12,2024-06-15,Monsoon,UPI,34465.38,8105.52,4373.02,4262.33,4270.43,4778.47,50698.21,3,50698.21,10139.64,16899.4
562,818,429,55,2023-12-01,2023-12-07,2023-12-11,Winter,UPI,16780.8,3417.72,2551.4,820.1,2504.33,1999.22,24075.13,4,24075.13,4815.03,6018.78
563,329,57,22,2024-04-28,2024-06-27,2024-06-30,Monsoon,Debit Card,14875.86,9763.25,5907.72,16713.67,1489.49,1738.12,47011.87,3,47011.87,9402.37,15670.62
564,659,296,50,2024-05-16,2024-05-22,2024-05-24,Summer,UPI,8930.74,5747.47,7591.45,31242.85,8243.4,75.94,61679.97,2,61679.97,12335.99,30839.98
565,844,101,188,2024-12-06,2024-12-16,2024-12-19,Winter,Cash,6735.54,3749.39,3434.79,1151.7,1892.37,639.83,16323.96,3,16323.96,3264.79,5441.32
566,750,78,82,2022-12-06,2023-02-04,2023-02-11,Winter,Net Banking,58687.65,14051.11,7219.15,2513.43,1625.55,6790.54,77306.35,7,77306.35,15461.27,11043.76
567,690,46,118,2024-03-02,2024-03-13,2024-03-16,Summer,Debit Card,3929.88,1688.33,3470.03,319.17,975.95,202.16,10181.2,3,10181.2,2036.24,3393.73
568,761,474,107,2024-06-21,2024-07-08,2024-07-14,Monsoon,Debit Card,25449.96,5999.77,5917.56,7766.07,3025.07,2046.74,46111.69,6,46111.69,9222.34,7685.28
569,677,92,94,2024-09-17,2024-10-25,2024-10-27,Autumn,Debit Card,4184.02,5927.54,3830.72,1808.26,2692.04,495.7,17946.88,2,17946.88,3589.38,8973.44
570,700,203,183,2023-05-12,2023-07-11,2023-07-13,Monsoon,Cash,3040.94,2994.77,4927.94,1501.28,1503.5,58.75,13909.68,2,13909.68,2781.94,6954.84
571,861,422,199,2024-07-23,2024-09-12,2024-09-17,Autumn,Credit Card,8087.85,17156.97,7887.87,24.72,7514.91,868.24,39804.08,5,39804.08,7960.82,7960.82
572,583,306,195,2024-05-21,2024-05-27,2024-05-29,Summer,Debit Card,6955.48,3906.66,1474.6,2754.62,1983.52,374.57,16700.31,2,16700.31,3340.06,8350.16
573,335,277,136,2024-08-12,2024-08-25,2024-08-28,Monsoon,Credit Card,7376.67,9601.59,4679.27,26735.23,3767.75,155.85,52004.66,3,52004.66,10400.93,17334.89
574,494,477,50,2022-12-30,2023-02-12,2023-02-15,Winter,Net Banking,16993.95,9139.07,10725.94,2171.12,9348.24,156.82,48221.5,3,48221.5,9644.3,16073.83
575,737,370,34,2024-10-15,2024-12-14,2024-12-20,Winter,Credit Card,5158.56,13422.14,3039.9,17200.22,4717.33,731.34,42806.81,6,42806.81,8561.36,7134.47
576,110,176,49,2023-03-10,2023-04-27,2023-05-04,Summer,Credit Card,21427.42,11658.58,7682.65,5709.12,2747.88,400.78,48824.87,7,48824.87,9764.97,6974.98
577,631,186,112,2024-09-05,2024-10-16,2024-10-23,Autumn,Net Banking,37355.01,7369.94,4572.17,3082.59,727.09,2481.19,50625.61,7,50625.61,10125.12,7232.23
578,694,399,46,2024-11-08,2024-12-10,2024-12-13,Winter,Debit Card,29561.1,2630.77,4366.31,1368.59,3335.31,2047.46,39214.62,3,39214.62,7842.92,13071.54
579,3,57,22,2023-02-13,2023-02-25,2023-03-03,Winter,Credit Card,29751.72,6027.43,1991.85,16406.42,5892.94,2471.67,57598.69,6,57598.69,11519.74,9599.78
580,103,231,128,2023-06-01,2023-06-16,2023-06-21,Monsoon,Cash,26630.0,10150.83,3789.06,3507.42,10957.21,1462.96,53571.56,5,53571.56,10714.31,10714.31
581,110,76,107,2023-06-22,2023-08-11,2023-08-13,Monsoon,Net Banking,26626.36,2506.61,6066.9,8171.74,1711.67,215.21,44868.07,2,44868.07,8973.61,22434.04
582,730,118,108,2023-03-28,2023-05-27,2023-05-31,Summer,UPI,20203.6,15639.63,9631.1,9840.66,2396.46,1214.09,56497.36,4,56497.36,11299.47,14124.34
583,117,361,89,2023-02-15,2023-03-19,2023-03-22,Summer,UPI,68235.81,3892.61,3112.49,3553.34,1990.68,4395.94,76388.99,3,76388.99,15277.8,25463.0
584,260,255,56,2023-01-13,2023-01-18,2023-01-22,Winter,Debit Card,19468.6,14397.39,7586.3,13986.09,4723.86,457.27,59704.97,4,59704.97,11940.99,14926.24
585,830,471,74,2024-11-25,2024-12-27,2025-01-01,Winter,Net Banking,15193.2,8673.95,1315.73,5851.47,2336.16,1893.13,31477.38,5,31477.38,6295.48,6295.48
586,717,438,101,2023-05-11,2023-06-02,2023-06-07,Monsoon,Net Banking,8426.1,5691.73,2242.41,3303.32,2562.6,954.38,21271.78,5,21271.78,4254.36,4254.36
587,815,60,99,2023-12-19,2024-01-22,2024-01-24,Winter,UPI,42491.74,1112.05,3996.09,2626.94,1325.83,4896.79,46655.86,2,46655.86,9331.17,23327.93
588,566,35,26,2024-08-14,2024-08-19,2024-08-23,Monsoon,Debit Card,50465.16,6006.26,3830.92,3166.66,1102.42,1934.24,62637.18,4,62637.18,12527.44,15659.3
589,624,257,2,2023-11-24,2024-01-21,2024-01-27,Winter,Net Banking,14340.12,20454.03,4644.0,10909.96,7135.1,1374.25,56108.96,6,56108.96,11221.79,9351.49
590,664,34,98,2024-03-10,2024-03-22,2024-03-27,Summer,Net Banking,16168.45,12640.32,7199.33,1837.0,6620.88,2317.23,42148.75,5,42148.75,8429.75,8429.75
591,153,111,37,2023-05-12,2023-06-16,2023-06-22,Monsoon,UPI,110252.58,10468.35,8647.33,15243.9,4058.26,3488.43,145181.99,6,145181.99,29036.4,24197.0
592,706,496,120,2024-06-08,2024-07-19,2024-07-21,Monsoon,Cash,31998.56,2338.2,1058.64,7114.87,3688.75,792.65,45406.37,2,45406.37,9081.27,22703.18
593,442,435,64,2023-11-13,2023-12-01,2023-12-06,Winter,Credit Card,49496.65,12733.57,8558.51,10811.01,2200.7,660.95,83139.49,5,83139.49,16627.9,16627.9
594,57,431,73,2023-02-24,2023-04-21,2023-04-28,Summer,UPI,21595.91,8096.98,8502.4,16857.23,6845.4,2588.87,59309.05,7,59309.05,11861.81,8472.72
595,241,190,89,2024-08-24,2024-09-05,2024-09-07,Autumn,Net Banking,23095.76,3887.56,3923.83,5375.02,2690.86,3341.66,35631.37,2,35631.37,7126.27,17815.69
596,951,339,71,2023-05-19,2023-06-18,2023-06-22,Monsoon,UPI,22875.44,10421.25,3285.73,2404.86,7627.62,3031.37,43583.53,4,43583.53,8716.71,10895.88
597,535,263,182,2023-10-17,2023-11-19,2023-11-25,Autumn,UPI,10333.44,6939.01,1046.14,1725.75,3341.55,402.23,22983.66,6,22983.66,4596.73,3830.61
598,48,215,19,2024-06-12,2024-06-22,2024-06-25,Monsoon,Debit Card,7437.78,5780.02,2412.92,10722.25,1476.47,722.9,27106.54,3,27106.54,5421.31,9035.51
599,87,479,134,2023-12-27,2024-02-22,2024-02-28,Winter,UPI,25324.26,10123.17,3399.61,4234.75,3663.34,571.46,46173.67,6,46173.67,9234.73,7695.61
600,744,386,80,2024-08-08,2024-09-22,2024-09-24,Autumn,UPI,24894.5,2032.93,4353.42,12840.88,2529.5,2951.76,43699.47,2,43699.47,8739.89,21849.74
601,810,298,112,2024-06-07,2024-06-14,2024-06-19,Monsoon,Cash,23591.6,7317.45,1708.12,2841.17,3628.17,2445.02,36641.49,5,36641.49,7328.3,7328.3
602,572,115,7,2024-04-01,2024-04-12,2024-04-17,Summer,Cash,35272.3,8483.98,4219.25,6700.28,1893.55,1549.42,55019.94,5,55019.94,11003.99,11003.99
603,47,454,119,2024-06-08,2024-07-23,2024-07-27,Monsoon,Cash,22704.52,4257.89,3187.19,7203.55,3774.45,1462.09,39665.51,4,39665.51,7933.1,9916.38
604,273,232,76,2023-05-31,2023-07-03,2023-07-05,Monsoon,Debit Card,11282.86,2682.5,1408.84,1423.4,3934.29,601.78,20130.11,2,20130.11,4026.02,10065.06
605,779,125,133,2024-08-31,2024-10-09,2024-10-15,Autumn,Debit Card,6503.04,3003.09,4870.65,9601.54,3225.33,259.39,26944.26,6,26944.26,5388.85,4490.71
606,410,273,120,2023-09-13,2023-09-20,2023-09-25,Autumn,Debit Card,5306.5,17797.67,4645.36,2724.1,7121.4,419.65,37175.38,5,37175.38,7435.08,7435.08
607,617,295,125,2022-12-24,2023-02-20,2023-02-22,Winter,Credit Card,3882.4,1899.7,1857.81,8296.96,2552.74,440.67,18048.94,2,18048.94,3609.79,9024.47
608,743,128,43,2023-03-28,2023-05-27,2023-05-30,Summer,Net Banking,16731.21,1985.82,1853.38,7197.14,3630.55,857.63,30540.47,3,30540.47,6108.09,10180.16
609,255,23,36,2024-10-12,2024-11-18,2024-11-20,Autumn,Net Banking,4373.68,1997.35,4320.24,219.31,1079.51,594.66,11395.43,2,11395.43,2279.09,5697.72
610,286,385,51,2023-04-27,2023-05-09,2023-05-15,Summer,Credit Card,24507.36,12348.47,6482.06,15714.75,5291.19,1005.78,63338.05,6,63338.05,12667.61,10556.34
611,807,291,153,2023-04-24,2023-06-16,2023-06-23,Monsoon,Net Banking,22531.32,25828.09,9450.86,1306.67,4610.51,2366.45,61361.0,7,61361.0,12272.2,8765.86
612,609,276,104,2023-05-10,2023-06-18,2023-06-25,Monsoon,Credit Card,134936.83,12596.14,2846.9,5511.53,839.14,1611.54,155119.0,7,155119.0,31023.8,22159.86
613,278,212,186,2023-07-07,2023-07-26,2023-07-30,Monsoon,Cash,57876.92,3108.25,2578.08,3765.32,1427.59,3665.22,65090.94,4,65090.94,13018.19,16272.74
614,680,276,104,2023-06-11,2023-07-23,2023-07-28,Monsoon,Cash,96383.45,23837.91,8087.27,18242.03,8946.99,9956.74,145540.91,5,145540.91,29108.18,29108.18
615,888,47,195,2024-02-15,2024-04-11,2024-04-18,Summer,Credit Card,100883.16,4661.78,3454.79,7223.82,2878.33,886.58,118215.3,7,118215.3,23643.06,16887.9
616,704,400,169,2024-04-20,2024-06-08,2024-06-13,Monsoon,Credit Card,15118.75,5134.46,1281.53,786.06,2889.68,140.3,25070.18,5,25070.18,5014.04,5014.04
617,853,306,195,2024-06-06,2024-07-07,2024-07-11,Monsoon,Debit Card,13910.96,4464.74,3837.43,1257.63,2301.34,542.33,25229.77,4,25229.77,5045.95,6307.44
618,382,307,100,2023-12-24,2024-01-01,2024-01-03,Winter,Cash,4319.24,2968.19,3289.6,8069.94,1545.5,629.28,19563.19,2,19563.19,3912.64,9781.59
619,257,92,94,2023-11-26,2024-01-13,2024-01-17,Winter,Cash,8368.04,5680.34,2725.36,4104.6,1644.06,547.02,21975.38,4,21975.38,4395.08,5493.84
620,166,8,117,2024-09-09,2024-10-11,2024-10-15,Autumn,Net Banking,6027.76,11767.68,4247.4,16064.34,4498.62,707.52,41898.28,4,41898.28,8379.66,10474.57
621,316,394,83,2023-02-11,2023-04-07,2023-04-13,Summer,Cash,14127.66,3260.02,1523.42,8570.37,1793.35,1693.05,27581.77,6,27581.77,5516.35,4596.96
622,897,196,182,2023-10-25,2023-11-25,2023-11-29,Autumn,UPI,9179.48,4185.28,4654.73,6012.04,4731.91,315.18,28448.26,4,28448.26,5689.65,7112.06
623,55,5,78,2024-05-08,2024-07-06,2024-07-09,Monsoon,Credit Card,3733.92,8233.51,7835.22,34678.04,11857.22,239.82,66098.09,3,66098.09,13219.62,22032.7
624,903,245,170,2024-08-11,2024-09-10,2024-09-13,Autumn,UPI,6679.08,7667.51,4609.03,1865.81,2014.33,710.46,22125.3,3,22125.3,4425.06,7375.1
625,103,48,44,2024-03-23,2024-05-18,2024-05-24,Summer,Net Banking,113780.52,42985.3,3688.12,32559.74,8564.32,1849.18,199728.82,6,199728.82,39945.76,33288.14
626,603,265,4,2024-11-17,2024-12-23,2024-12-29,Winter,Debit Card,6282.36,4762.95,1316.53,5778.4,3588.67,337.71,21391.2,6,21391.2,4278.24,3565.2
627,954,403,69,2024-11-02,2024-11-15,2024-11-22,Autumn,Net Banking,15530.06,42557.57,15879.48,22989.39,7154.85,343.08,103768.27,7,103768.27,20753.65,14824.04
628,114,471,74,2023-01-27,2023-02-17,2023-02-20,Winter,Net Banking,9115.92,3039.68,2720.33,6964.34,3053.24,1184.7,23708.81,3,23708.81,4741.76,7902.94
629,546,25,106,2024-05-13,2024-06-27,2024-06-30,Monsoon,UPI,17382.24,5925.3,4791.95,1748.28,947.71,1751.48,29044.0,3,29044.0,5808.8,9681.33
630,712,385,51,2024-04-11,2024-05-09,2024-05-13,Summer,Credit Card,16338.24,3939.5,8600.92,4580.36,5012.77,698.97,37772.82,4,37772.82,7554.56,9443.2
631,479,174,141,2023-09-19,2023-09-28,2023-09-30,Autumn,Debit Card,21880.62,6900.11,2909.98,12832.65,3718.93,2526.39,45715.9,2,45715.9,9143.18,22857.95
632,630,392,188,2024-10-09,2024-11-22,2024-11-29,Autumn,Credit Card,24028.69,14819.18,8288.43,7166.59,2199.56,2395.05,54107.4,7,54107.4,10821.48,7729.63
633,661,329,46,2023-11-01,2023-11-16,2023-11-18,Autumn,Debit Card,6030.22,3602.83,3220.36,3795.07,1094.01,65.83,17676.66,2,17676.66,3535.33,8838.33
634,487,182,172,2023-07-29,2023-09-26,2023-09-28,Autumn,Cash,11765.64,3352.11,4849.26,8267.02,1392.25,1261.44,28364.84,2,28364.84,5672.97,14182.42
635,200,17,97,2023-04-21,2023-06-11,2023-06-17,Monsoon,Cash,61564.98,20935.38,4134.12,17875.88,3317.17,2119.54,105707.99,6,105707.99,21141.6,17618.0
636,313,7,177,2023-01-08,2023-01-17,2023-01-24,Winter,Net Banking,129140.41,8125.69,3020.63,5141.89,734.36,8232.4,137930.58,7,137930.58,27586.12,19704.37
637,177,143,116,2024-04-18,2024-05-09,2024-05-14,Summer,Credit Card,11808.4,8693.89,1841.06,5350.8,1765.71,116.83,29343.03,5,29343.03,5868.61,5868.61
638,618,318,160,2023-01-14,2023-03-01,2023-03-08,Summer,UPI,14217.84,6029.7,3383.03,1470.84,2097.73,1071.33,26127.81,7,26127.81,5225.56,3732.54
639,677,131,58,2024-11-12,2024-12-26,2025-01-01,Winter,Cash,18510.18,12294.48,6021.55,9260.86,1876.52,2462.02,45501.57,6,45501.57,9100.31,7583.6
640,708,307,100,2023-12-05,2024-01-16,2024-01-23,Winter,Debit Card,15117.34,12293.86,1418.62,8397.46,2883.58,575.5,39535.36,7,39535.36,7907.07,5647.91
641,239,19,173,2024-08-02,2024-08-23,2024-08-26,Monsoon,UPI,4334.31,7541.66,6533.79,20042.89,4652.44,292.26,42812.83,3,42812.83,8562.57,14270.94
642,534,121,158,2023-04-23,2023-05-05,2023-05-12,Summer,Cash,16212.63,8749.68,2567.59,8169.11,3802.96,1377.87,38124.1,7,38124.1,7624.82,5446.3
643,177,265,4,2023-08-13,2023-09-23,2023-09-29,Autumn,Debit Card,6282.36,4510.05,1484.51,8162.14,552.16,216.76,20774.46,6,20774.46,4154.89,3462.41
644,911,2,189,2023-12-14,2024-01-15,2024-01-20,Winter,Credit Card,23488.0,5679.64,2238.4,16825.5,5178.07,3057.56,50352.05,5,50352.05,10070.41,10070.41
645,942,411,35,2024-06-29,2024-07-04,2024-07-10,Monsoon,Credit Card,7863.42,10360.47,1757.4,3837.16,825.29,72.79,24570.95,6,24570.95,4914.19,4095.16
646,742,121,158,2024-08-26,2024-10-11,2024-10-14,Autumn,Credit Card,6948.27,7476.02,7236.84,14151.04,2641.09,816.11,37637.15,3,37637.15,7527.43,12545.72
647,785,439,59,2023-05-13,2023-06-07,2023-06-11,Monsoon,Net Banking,14823.44,12956.63,6038.65,14977.04,5877.66,77.53,54595.89,4,54595.89,10919.18,13648.97
648,204,376,96,2023-05-18,2023-07-15,2023-07-20,Monsoon,Debit Card,17895.05,2526.31,4269.48,2789.48,1652.98,1992.24,27141.06,5,27141.06,5428.21,5428.21
649,389,225,5,2024-10-13,2024-12-01,2024-12-03,Winter,Net Banking,5689.52,4137.39,8257.58,7018.81,2592.64,63.0,27632.94,2,27632.94,5526.59,13816.47
650,927,332,42,2024-03-11,2024-05-10,2024-05-12,Summer,Credit Card,10434.96,6224.48,9134.47,18851.92,7907.47,2.48,52550.82,2,52550.82,10510.16,26275.41
651,458,278,158,2024-03-24,2024-05-20,2024-05-26,Summer,UPI,70953.06,35826.6,10359.85,18820.54,1989.56,8227.07,129722.54,6,129722.54,25944.51,21620.42
652,779,100,104,2023-05-01,2023-06-10,2023-06-13,Monsoon,Net Banking,4718.94,3904.33,3269.87,6218.3,1057.57,429.61,18739.4,3,18739.4,3747.88,6246.47
653,804,8,117,2024-06-08,2024-07-18,2024-07-24,Monsoon,Cash,9041.64,7316.68,5609.8,12278.31,4937.28,1060.03,38123.68,6,38123.68,7624.74,6353.95
654,75,187,23,2023-12-09,2024-01-06,2024-01-11,Winter,Credit Card,16522.55,12186.22,8256.9,420.73,4646.62,313.53,41719.49,5,41719.49,8343.9,8343.9
655,966,45,159,2024-02-16,2024-04-15,2024-04-22,Summer,Cash,8781.15,19123.56,8648.3,3735.44,1102.85,1287.9,40103.4,7,40103.4,8020.68,5729.06
656,567,438,101,2023-12-27,2024-01-05,2024-01-10,Winter,UPI,8426.1,5017.11,2257.42,9573.37,2112.0,577.51,26808.49,5,26808.49,5361.7,5361.7
657,724,47,195,2023-08-24,2023-09-16,2023-09-21,Autumn,Cash,72059.4,3886.59,1298.51,5418.11,3290.32,6971.54,78981.39,5,78981.39,15796.28,15796.28
658,149,144,179,2023-12-04,2024-01-05,2024-01-09,Winter,Debit Card,4208.6,2976.31,3412.63,4775.28,2292.79,47.0,17618.61,4,17618.61,3523.72,4404.65
659,55,416,153,2024-06-03,2024-07-24,2024-07-28,Monsoon,UPI,5794.52,26990.95,5115.4,19927.88,10380.79,324.07,67885.47,4,67885.47,13577.09,16971.37
660,854,428,88,2023-12-19,2024-01-25,2024-01-28,Winter,Credit Card,4695.3,9543.87,2819.06,15202.15,3213.16,584.92,34888.62,3,34888.62,6977.72,11629.54
661,728,295,125,2022-11-19,2023-01-03,2023-01-08,Winter,Debit Card,9706.0,9440.06,4593.91,4100.09,3827.24,668.78,30998.52,5,30998.52,6199.7,6199.7
662,217,424,176,2023-11-30,2024-01-06,2024-01-09,Winter,Cash,35152.44,15298.63,16378.91,31877.24,5327.98,307.99,103727.21,3,103727.21,20745.44,34575.74
663,498,267,92,2023-06-18,2023-08-06,2023-08-10,Monsoon,Net Banking,54721.4,3442.22,1545.0,4196.85,1863.2,7666.14,58102.53,4,58102.53,11620.51,14525.63
664,947,477,50,2024-06-27,2024-08-01,2024-08-03,Monsoon,Credit Card,11329.3,3358.9,4771.88,6414.8,3135.7,100.27,28910.31,2,28910.31,5782.06,14455.16
665,119,295,125,2023-05-04,2023-05-20,2023-05-25,Summer,Credit Card,9706.0,17744.24,6529.95,5669.7,3592.64,1088.33,42154.2,5,42154.2,8430.84,8430.84
666,45,381,184,2024-06-06,2024-08-02,2024-08-08,Monsoon,Debit Card,14164.74,17267.35,4072.72,2551.69,7220.37,666.97,44609.9,6,44609.9,8921.98,7434.98
667,16,3,104,2024-09-26,2024-11-23,2024-11-30,Autumn,Credit Card,41071.66,12711.19,3296.01,3122.58,2989.82,4307.14,58884.12,7,58884.12,11776.82,8412.02
668,233,416,153,2024-06-02,2024-07-14,2024-07-20,Monsoon,Cash,8691.78,4920.05,4429.85,3446.14,2583.12,363.79,23707.15,6,23707.15,4741.43,3951.19
669,484,393,181,2022-12-27,2023-02-20,2023-02-27,Winter,Cash,33517.05,13219.8,4909.62,2021.85,1587.99,2706.94,52549.37,7,52549.37,10509.87,7507.05
670,219,462,118,2023-06-11,2023-07-02,2023-07-06,Monsoon,Credit Card,20919.28,10520.55,14755.44,23903.56,6881.35,2148.21,74831.97,4,74831.97,14966.39,18707.99
671,71,240,186,2023-10-02,2023-11-26,2023-12-03,Autumn,UPI,68341.84,8097.43,3096.07,8813.09,1346.85,8932.52,80762.76,7,80762.76,16152.55,11537.54
672,156,216,14,2024-07-06,2024-07-28,2024-08-03,Monsoon,Net Banking,89540.88,12060.94,9781.44,6975.22,8704.22,13293.15,113769.55,6,113769.55,22753.91,18961.59
673,258,457,117,2023-03-25,2023-04-18,2023-04-21,Summer,UPI,60637.11,9181.64,4554.9,17665.15,6618.85,8814.03,89843.62,3,89843.62,17968.72,29947.87
674,306,208,104,2023-09-15,2023-10-11,2023-10-13,Autumn,Net Banking,4052.36,3448.91,4708.05,7046.88,1877.16,272.92,20860.44,2,20860.44,4172.09,10430.22
675,344,181,68,2023-12-19,2024-01-06,2024-01-12,Winter,Debit Card,13479.36,9562.68,1038.93,340.14,3779.21,1824.39,26375.93,6,26375.93,5275.19,4395.99
676,333,55,8,2024-02-18,2024-02-24,2024-03-02,Winter,Cash,11438.21,8222.45,3481.71,17118.76,7179.72,793.87,46646.98,7,46646.98,9329.4,6663.85
677,520,482,81,2023-04-09,2023-05-05,2023-05-09,Summer,Net Banking,3790.24,12183.73,2431.87,14053.94,2177.33,13.53,34623.58,4,34623.58,6924.72,8655.9
678,735,318,160,2023-03-15,2023-05-11,2023-05-15,Summer,Credit Card,8124.48,10971.95,8987.12,16073.44,5101.23,222.09,49036.13,4,49036.13,9807.23,12259.03
679,923,161,135,2024-07-20,2024-07-28,2024-07-30,Monsoon,Debit Card,5611.72,6443.63,7268.74,12593.45,1219.88,268.95,32868.47,2,32868.47,6573.69,16434.24
680,346,110,95,2023-09-17,2023-11-12,2023-11-19,Autumn,Cash,89142.2,6226.11,3534.87,6176.35,611.97,3777.66,101913.84,7,101913.84,20382.77,14559.12
681,979,428,88,2024-06-06,2024-06-23,2024-06-26,Monsoon,Net Banking,4695.3,4177.32,1198.07,3538.66,3101.07,474.75,16235.67,3,16235.67,3247.13,5411.89
682,660,15,18,2023-10-28,2023-11-02,2023-11-07,Autumn,UPI,6440.25,34849.6,12557.39,34914.05,11538.05,11.79,100287.55,5,100287.55,20057.51,20057.51
683,707,460,42,2023-06-12,2023-07-09,2023-07-12,Monsoon,Credit Card,27587.46,19628.25,9769.08,18233.36,10603.99,3146.28,82675.86,3,82675.86,16535.17,27558.62
684,66,37,149,2023-05-23,2023-07-08,2023-07-12,Monsoon,Cash,4534.12,5699.6,1697.05,5454.43,1711.38,510.12,18586.46,4,18586.46,3717.29,4646.62
685,932,192,177,2024-06-28,2024-07-05,2024-07-09,Monsoon,Net Banking,22733.36,2423.97,1237.3,9637.54,2492.88,1969.65,36555.4,4,36555.4,7311.08,9138.85
686,660,10,115,2024-04-17,2024-05-27,2024-05-29,Summer,Credit Card,4718.64,9504.74,13926.66,17190.02,2355.52,492.24,47203.34,2,47203.34,9440.67,23601.67
687,248,246,3,2023-06-05,2023-06-23,2023-06-30,Monsoon,Debit Card,15701.28,18975.8,4311.81,11621.06,7742.26,883.12,57469.09,7,57469.09,11493.82,8209.87
688,231,11,52,2023-12-17,2024-01-15,2024-01-18,Winter,UPI,4073.4,2976.41,1871.86,6328.83,3399.55,44.53,18605.52,3,18605.52,3721.1,6201.84
689,218,195,190,2023-03-28,2023-04-13,2023-04-17,Summer,Credit Card,21136.28,8561.29,3634.35,10478.03,4854.74,2097.22,46567.47,4,46567.47,9313.49,11641.87
690,587,360,25,2023-07-07,2023-07-26,2023-07-30,Monsoon,UPI,13775.4,7136.07,1278.98,7372.29,611.82,82.31,30092.25,4,30092.25,6018.45,7523.06
691,917,457,117,2023-05-23,2023-06-12,2023-06-14,Monsoon,Cash,40424.74,2667.36,2656.02,2532.77,548.81,5374.86,43454.84,2,43454.84,8690.97,21727.42
692,120,46,118,2024-04-14,2024-06-08,2024-06-11,Monsoon,Cash,3929.88,20425.8,7654.89,24420.18,13866.87,544.4,69753.22,3,69753.22,13950.64,23251.07
693,468,172,167,2024-08-13,2024-10-11,2024-10-17,Autumn,Debit Card,9403.14,13642.35,12145.23,21369.48,7136.07,236.24,63460.03,6,63460.03,12692.01,10576.67
694,48,119,151,2023-09-28,2023-11-14,2023-11-17,Autumn,Credit Card,26031.18,9866.43,2818.55,6660.79,4180.16,303.54,49253.57,3,49253.57,9850.71,16417.86
695,474,238,96,2023-08-29,2023-10-01,2023-10-03,Autumn,Credit Card,18015.56,6126.23,7861.35,4061.7,5637.19,16.54,41685.49,2,41685.49,8337.1,20842.74
696,194,221,194,2023-07-20,2023-09-04,2023-09-10,Autumn,Debit Card,70604.88,3607.73,4627.62,5244.33,935.73,6066.91,78953.38,6,78953.38,15790.68,13158.9
697,501,371,120,2024-01-08,2024-01-19,2024-01-24,Winter,Credit Card,8662.65,16592.04,6025.06,4228.72,3600.0,714.98,38393.49,5,38393.49,7678.7,7678.7
698,84,374,3,2024-05-28,2024-07-19,2024-07-24,Monsoon,Net Banking,69230.2,3756.1,3762.93,3817.2,2308.67,7360.86,75514.24,5,75514.24,15102.85,15102.85
699,769,396,188,2023-01-08,2023-02-16,2023-02-23,Winter,Cash,37991.24,12509.84,1268.67,9790.89,2630.3,880.86,63310.08,7,63310.08,12662.02,9044.3
700,931,298,112,2023-05-20,2023-06-26,2023-06-30,Monsoon,UPI,18873.28,7768.67,2243.97,534.2,835.91,1454.89,28801.14,4,28801.14,5760.23,7200.28
701,173,370,34,2023-09-23,2023-10-01,2023-10-04,Autumn,Cash,2579.28,2461.88,2178.18,1274.61,3743.17,378.92,11858.2,3,11858.2,2371.64,3952.73
702,139,340,130,2023-11-29,2023-12-09,2023-12-13,Winter,UPI,52009.12,4923.65,2115.04,2114.23,960.88,5845.61,56277.31,4,56277.31,11255.46,14069.33
703,538,383,15,2024-01-31,2024-03-12,2024-03-18,Summer,Debit Card,25036.62,9309.91,3692.51,7357.19,3071.75,479.13,47988.85,6,47988.85,9597.77,7998.14
704,650,107,110,2024-11-04,2024-12-23,2024-12-26,Winter,Debit Card,2405.55,9604.24,2740.21,7900.32,3162.8,335.71,25477.41,3,25477.41,5095.48,8492.47
705,713,449,17,2024-03-06,2024-03-23,2024-03-25,Summer,Debit Card,7919.54,4518.03,4809.09,15954.05,3465.1,470.27,36195.54,2,36195.54,7239.11,18097.77
706,3,350,126,2023-10-23,2023-12-12,2023-12-18,Winter,Debit Card,18726.42,20545.42,4967.79,8272.78,3406.67,1642.01,54277.07,6,54277.07,10855.41,9046.18
707,626,276,104,2023-05-16,2023-05-22,2023-05-29,Summer,Debit Card,134936.83,27804.04,2717.27,13652.72,6690.68,19800.9,166000.64,7,166000.64,33200.13,23714.38
708,76,241,174,2023-04-13,2023-04-28,2023-05-04,Summer,Cash,30699.96,9927.06,9552.9,583.43,2735.59,4445.48,49053.46,6,49053.46,9810.69,8175.58
709,555,421,87,2024-03-29,2024-04-13,2024-04-16,Summer,Cash,51955.77,1865.22,4474.54,9388.86,1969.3,109.05,69544.64,3,69544.64,13908.93,23181.55
710,58,188,180,2024-04-26,2024-05-27,2024-06-01,Summer,Net Banking,4956.4,9655.35,4508.05,405.79,1318.54,292.92,20551.21,5,20551.21,4110.24,4110.24
711,157,44,179,2024-07-15,2024-08-12,2024-08-14,Monsoon,UPI,1963.86,2743.64,4115.21,7832.23,1551.76,10.66,18196.04,2,18196.04,3639.21,9098.02
712,989,221,194,2023-04-28,2023-05-22,2023-05-28,Summer,Debit Card,70604.88,9455.52,3270.21,3437.9,1558.05,6402.29,81924.27,6,81924.27,16384.85,13654.04
713,172,233,1,2023-03-31,2023-04-13,2023-04-18,Summer,Credit Card,110994.75,3163.45,4874.63,2557.26,3250.41,11079.46,113761.04,5,113761.04,22752.21,22752.21
714,942,425,89,2024-07-23,2024-09-09,2024-09-12,Autumn,Credit Card,3263.19,4556.3,4400.6,6362.32,3842.36,261.28,22163.49,3,22163.49,4432.7,7387.83
715,505,486,174,2023-11-10,2023-12-24,2023-12-29,Winter,Debit Card,7904.65,7296.03,3897.42,9074.4,2989.26,780.21,30381.55,5,30381.55,6076.31,6076.31
716,585,350,126,2023-03-28,2023-05-07,2023-05-11,Summer,Debit Card,12484.28,7324.17,3880.66,9624.06,1486.07,863.16,33936.08,4,33936.08,6787.22,8484.02
717,981,96,90,2023-10-04,2023-11-12,2023-11-15,Autumn,Debit Card,3258.72,5209.7,9593.88,18987.28,1243.14,337.05,37955.67,3,37955.67,7591.13,12651.89
718,80,41,196,2024-06-11,2024-07-28,2024-08-03,Monsoon,Net Banking,54932.76,6651.01,2495.45,7187.68,1794.28,3847.25,69213.93,6,69213.93,13842.79,11535.66
719,746,200,73,2024-09-20,2024-10-16,2024-10-21,Autumn,Net Banking,112574.8,6901.2,4579.66,7974.88,1438.88,13037.66,120431.76,5,120431.76,24086.35,24086.35
720,924,470,157,2023-07-23,2023-08-12,2023-08-17,Monsoon,UPI,123911.1,12118.29,8936.12,4875.38,3335.95,13533.57,139643.27,5,139643.27,27928.65,27928.65
721,796,258,200,2023-08-27,2023-09-14,2023-09-18,Autumn,Debit Card,26946.0,4948.94,4746.06,7398.78,4748.4,3671.09,45117.09,4,45117.09,9023.42,11279.27
722,587,171,106,2024-12-07,2024-12-17,2024-12-21,Winter,Debit Card,16736.4,6562.51,3383.78,3230.97,3789.83,1445.31,32258.18,4,32258.18,6451.64,8064.54
723,407,155,47,2023-09-06,2023-11-04,2023-11-07,Autumn,Credit Card,25494.48,6370.92,8862.03,2460.76,3218.04,2743.48,43662.75,3,43662.75,8732.55,14554.25
724,122,137,27,2023-05-04,2023-05-27,2023-05-29,Summer,UPI,7936.24,5903.99,6668.17,4956.25,7280.82,1120.15,31625.32,2,31625.32,6325.06,15812.66
725,837,60,99,2024-03-23,2024-04-10,2024-04-17,Summer,Credit Card,148721.09,8254.45,2650.6,6577.85,2102.64,2325.62,165981.01,7,165981.01,33196.2,23711.57
726,930,349,124,2023-10-03,2023-11-18,2023-11-25,Autumn,Credit Card,39147.36,15668.4,5621.98,6412.82,1952.18,5472.34,63330.4,7,63330.4,12666.08,9047.2
727,82,189,195,2024-07-25,2024-09-03,2024-09-07,Autumn,UPI,7026.24,2938.51,2450.99,9694.61,1477.76,944.6,22643.51,4,22643.51,4528.7,5660.88
728,444,456,140,2024-10-18,2024-11-09,2024-11-16,Autumn,Net Banking,109655.42,8020.8,5977.76,12856.32,2145.2,10660.23,127995.27,7,127995.27,25599.05,18285.04
729,836,347,53,2023-12-31,2024-01-26,2024-02-02,Winter,Debit Card,37417.38,21012.93,10003.82,16306.79,9074.04,2246.75,91568.21,7,91568.21,18313.64,13081.17
730,332,209,108,2024-04-19,2024-05-01,2024-05-05,Summer,Credit Card,17328.36,5874.23,1186.57,7631.92,2950.93,2119.15,32852.86,4,32852.86,6570.57,8213.22
731,834,225,5,2023-11-03,2023-12-01,2023-12-05,Winter,Cash,11379.04,5949.71,1182.52,253.17,1031.94,1461.64,18334.74,4,18334.74,3666.95,4583.69
732,183,374,3,2024-03-12,2024-04-06,2024-04-11,Summer,Debit Card,69230.2,3399.36,1105.88,3011.24,3886.81,7189.21,73444.28,5,73444.28,14688.86,14688.86
733,127,394,83,2024-10-22,2024-12-17,2024-12-24,Winter,Credit Card,16482.27,15643.73,2984.24,631.48,1666.23,934.75,36473.2,7,36473.2,7294.64,5210.46
734,355,180,140,2024-07-17,2024-09-06,2024-09-08,Autumn,Cash,6955.22,2934.63,3302.45,6311.68,2196.24,256.78,21443.44,2,21443.44,4288.69,10721.72
735,131,369,40,2024-03-28,2024-05-27,2024-06-03,Summer,Debit Card,83293.35,13050.22,1593.43,1507.76,2926.29,10178.63,92192.42,7,92192.42,18438.48,13170.35
736,233,359,13,2023-06-08,2023-07-01,2023-07-05,Monsoon,Net Banking,8960.6,6147.14,4313.22,7817.12,1277.21,475.86,28039.43,4,28039.43,5607.89,7009.86
737,133,117,19,2023-05-21,2023-06-17,2023-06-19,Monsoon,Net Banking,4775.34,2191.29,4629.59,5512.27,2106.9,366.35,18849.04,2,18849.04,3769.81,9424.52
738,399,311,36,2023-05-19,2023-06-25,2023-06-28,Monsoon,Debit Card,12174.51,5787.18,2510.43,8845.06,1882.62,182.21,31017.59,3,31017.59,6203.52,10339.2
739,661,433,99,2023-10-31,2023-12-18,2023-12-24,Winter,Debit Card,35438.7,9354.78,4854.63,4929.95,3278.15,3350.38,54505.83,6,54505.83,10901.17,9084.3
740,946,363,21,2024-11-25,2024-12-25,2024-12-30,Winter,Debit Card,22634.25,4932.34,4015.01,1310.24,1234.37,3292.82,30833.39,5,30833.39,6166.68,6166.68
741,222,354,69,2023-10-17,2023-12-06,2023-12-12,Winter,Credit Card,20782.2,17425.33,8035.05,5840.74,7979.97,1078.93,58984.36,6,58984.36,11796.87,9830.73
742,687,440,139,2023-05-27,2023-07-23,2023-07-30,Monsoon,Debit Card,125142.64,9676.26,8700.15,7290.49,3275.27,15412.31,138672.5,7,138672.5,27734.5,19810.36
743,633,173,82,2023-02-21,2023-03-13,2023-03-20,Summer,Net Banking,23570.61,12577.18,1978.57,8550.84,901.59,195.95,47382.84,7,47382.84,9476.57,6768.98
744,407,351,135,2024-06-08,2024-08-04,2024-08-07,Monsoon,Credit Card,2566.08,6633.09,4069.84,15421.89,6883.6,297.22,35277.28,3,35277.28,7055.46,11759.09
745,669,288,102,2023-04-13,2023-04-22,2023-04-25,Summer,Net Banking,19689.69,2285.32,3644.39,5087.18,1503.88,1179.3,31031.16,3,31031.16,6206.23,10343.72
746,585,425,89,2024-09-04,2024-09-13,2024-09-17,Autumn,UPI,4350.92,6744.52,1180.13,3184.2,2490.37,521.64,17428.5,4,17428.5,3485.7,4357.12
747,960,321,137,2024-06-01,2024-07-03,2024-07-10,Monsoon,UPI,11338.67,4256.22,3264.91,9183.12,1697.77,728.39,29012.3,7,29012.3,5802.46,4144.61
748,18,292,55,2023-10-29,2023-12-19,2023-12-24,Winter,Cash,12849.1,9885.74,3363.74,4508.59,2238.28,1551.25,31294.2,5,31294.2,6258.84,6258.84
749,62,245,170,2023-09-10,2023-10-01,2023-10-04,Autumn,Net Banking,6679.08,5893.77,3666.65,711.21,3534.07,497.05,19987.73,3,19987.73,3997.55,6662.58
750,140,374,3,2023-07-01,2023-07-10,2023-07-13,Monsoon,Cash,41538.12,2596.43,3865.81,9059.37,2671.06,2883.31,56847.48,3,56847.48,11369.5,18949.16
751,581,332,42,2023-05-12,2023-06-19,2023-06-24,Monsoon,Debit Card,26087.4,3056.45,2705.45,8931.96,1309.63,3122.23,38968.66,5,38968.66,7793.73,7793.73
752,789,95,162,2023-12-31,2024-02-22,2024-02-24,Winter,Net Banking,10278.8,3877.43,3781.81,9638.35,2371.68,732.6,29215.47,2,29215.47,5843.09,14607.74
753,558,216,14,2023-04-03,2023-05-21,2023-05-27,Summer,UPI,89540.88,4827.14,3410.47,6299.65,1837.81,4147.09,101768.86,6,101768.86,20353.77,16961.48
754,32,489,83,2024-06-17,2024-07-06,2024-07-08,Monsoon,Debit Card,8258.2,2046.68,2671.57,1246.56,6205.64,959.51,19469.14,2,19469.14,3893.83,9734.57
755,498,414,60,2024-04-04,2024-05-19,2024-05-24,Summer,UPI,21409.75,6099.53,3843.87,11.91,1973.03,1802.47,31535.62,5,31535.62,6307.12,6307.12
756,406,157,137,2024-04-16,2024-05-16,2024-05-20,Summer,Cash,50562.0,4686.96,2800.56,3095.09,3793.49,3183.81,61754.29,4,61754.29,12350.86,15438.57
757,207,198,130,2024-11-16,2024-11-23,2024-11-27,Autumn,UPI,11871.0,2198.16,2626.82,3530.03,2946.61,837.37,22335.25,4,22335.25,4467.05,5583.81
758,39,302,142,2024-11-17,2024-12-19,2024-12-25,Winter,Debit Card,27693.78,41997.51,9955.86,3956.76,9800.87,2700.45,90704.33,6,90704.33,18140.87,15117.39
759,141,292,55,2023-08-24,2023-09-11,2023-09-13,Autumn,UPI,5139.64,5005.25,6976.91,3226.43,3103.52,124.52,23327.23,2,23327.23,4665.45,11663.62
760,165,237,170,2023-04-20,2023-05-14,2023-05-17,Summer,Credit Card,6962.1,5339.96,3456.33,9161.65,2672.68,584.39,27008.33,3,27008.33,5401.67,9002.78
761,584,391,33,2024-04-19,2024-05-12,2024-05-17,Summer,Net Banking,25771.25,15696.37,17602.19,27133.89,12820.7,3641.85,95382.55,5,95382.55,19076.51,19076.51
762,300,382,80,2024-05-17,2024-05-26,2024-05-30,Summer,Cash,6353.04,4910.17,5899.58,10862.65,2440.91,578.88,29887.47,4,29887.47,5977.49,7471.87
763,854,362,167,2024-10-28,2024-12-09,2024-12-14,Winter,UPI,7018.45,7556.6,8142.61,15787.32,2561.9,553.57,40513.31,5,40513.31,8102.66,8102.66
764,693,429,55,2023-07-17,2023-08-05,2023-08-07,Monsoon,Cash,8390.4,7144.43,9649.85,21795.8,7810.55,1176.98,53614.05,2,53614.05,10722.81,26807.02
765,590,343,30,2024-09-14,2024-10-04,2024-10-07,Autumn,Credit Card,14122.95,5853.02,4990.83,7602.49,2059.4,129.66,34499.03,3,34499.03,6899.81,11499.68
766,178,59,143,2023-10-22,2023-11-16,2023-11-20,Autumn,Cash,3809.4,8172.97,4296.52,14195.11,3889.59,192.38,34171.21,4,34171.21,6834.24,8542.8
767,820,300,36,2023-03-13,2023-04-02,2023-04-04,Summer,Credit Card,24670.9,3810.63,6533.48,16965.13,3670.51,237.17,55413.48,2,55413.48,11082.7,27706.74
768,741,313,124,2023-03-21,2023-03-27,2023-03-30,Summer,UPI,5413.02,1979.86,4115.14,2040.4,3523.21,270.64,16800.99,3,16800.99,3360.2,5600.33
769,403,443,38,2024-04-11,2024-05-07,2024-05-13,Summer,UPI,13777.32,8652.04,4358.33,9638.42,2443.82,889.14,37980.79,6,37980.79,7596.16,6330.13
770,826,41,196,2023-10-13,2023-11-03,2023-11-10,Autumn,UPI,64088.22,16743.2,3161.9,12523.73,3398.26,2127.29,97788.02,7,97788.02,19557.6,13969.72
771,75,115,7,2024-11-14,2024-12-02,2024-12-06,Winter,Debit Card,28217.84,5657.33,4733.25,16790.19,5567.43,141.73,60824.31,4,60824.31,12164.86,15206.08
772,255,100,104,2024-04-15,2024-05-06,2024-05-11,Summer,Debit Card,7864.9,7420.17,1074.87,2319.91,2077.67,683.59,20073.93,5,20073.93,4014.79,4014.79
773,517,380,83,2024-07-31,2024-09-26,2024-10-02,Autumn,Credit Card,50257.38,3294.03,4165.88,9885.77,2778.94,5358.11,65023.89,6,65023.89,13004.78,10837.32
774,919,73,174,2024-05-21,2024-07-13,2024-07-19,Monsoon,Credit Card,14650.32,4376.92,4218.87,896.71,2819.32,1070.86,25891.28,6,25891.28,5178.26,4315.21
775,911,147,16,2023-12-31,2024-01-07,2024-01-11,Winter,Debit Card,27925.32,14097.67,2467.56,4567.62,6557.57,3496.45,52119.29,4,52119.29,10423.86,13029.82
776,970,25,106,2024-01-15,2024-02-14,2024-02-18,Winter,Debit Card,23176.32,9381.47,4694.19,17442.81,7455.97,554.43,61596.33,4,61596.33,12319.27,15399.08
777,206,69,173,2023-04-26,2023-06-20,2023-06-23,Monsoon,Credit Card,8904.24,4226.63,3075.54,8025.45,7940.55,287.86,31884.55,3,31884.55,6376.91,10628.18
778,899,6,31,2023-04-16,2023-05-07,2023-05-12,Summer,Net Banking,23721.45,5807.3,3936.25,1228.56,3653.16,2787.2,35559.52,5,35559.52,7111.9,7111.9
779,374,478,40,2024-09-26,2024-10-28,2024-10-31,Autumn,Net Banking,6969.24,4243.53,2389.49,8138.31,1371.93,782.36,22330.14,3,22330.14,4466.03,7443.38
780,178,143,116,2023-06-22,2023-07-02,2023-07-05,Monsoon,Debit Card,7085.04,9612.45,6449.03,5166.3,4413.45,249.73,32476.54,3,32476.54,6495.31,10825.51
781,222,139,149,2023-08-20,2023-09-02,2023-09-08,Autumn,UPI,55632.72,14252.15,9572.38,15991.1,6666.5,6652.25,95462.6,6,95462.6,19092.52,15910.43
782,940,395,116,2024-01-08,2024-01-23,2024-01-26,Winter,Debit Card,10405.35,5070.66,8143.78,1052.81,6030.24,1127.23,29575.61,3,29575.61,5915.12,9858.54
783,939,426,160,2024-03-01,2024-04-24,2024-04-26,Summer,Net Banking,22789.3,10535.69,13550.17,11560.14,5081.67,361.91,63155.06,2,63155.06,12631.01,31577.53
784,806,427,29,2023-12-01,2023-12-09,2023-12-14,Winter,UPI,11877.2,13137.55,3437.21,15703.15,3676.45,1404.99,46426.57,5,46426.57,9285.31,9285.31
785,481,323,59,2023-03-23,2023-04-06,2023-04-10,Summer,Cash,34020.72,4033.12,8681.65,14074.94,3062.43,2011.66,61861.2,4,61861.2,12372.24,15465.3
786,547,145,132,2023-11-02,2023-12-08,2023-12-11,Winter,Debit Card,65824.56,12712.19,14679.66,2747.13,4147.47,1283.49,98827.52,3,98827.52,19765.5,32942.51
787,89,25,106,2024-02-10,2024-02-17,2024-02-20,Winter,UPI,17382.24,10658.41,5780.15,14532.16,5579.31,130.36,53801.91,3,53801.91,10760.38,17933.97
788,939,457,117,2023-10-17,2023-12-15,2023-12-17,Winter,Net Banking,40424.74,6746.56,4119.17,22654.06,4641.74,915.93,77670.34,2,77670.34,15534.07,38835.17
789,107,301,130,2024-11-26,2024-12-23,2024-12-26,Winter,Cash,5352.39,2932.53,4543.0,7643.18,2228.97,138.62,22561.45,3,22561.45,4512.29,7520.48
790,146,464,72,2024-06-03,2024-06-24,2024-06-27,Monsoon,Debit Card,2649.48,4009.0,1727.15,214.64,3500.04,59.48,12040.83,3,12040.83,2408.17,4013.61
791,116,193,80,2024-02-26,2024-04-22,2024-04-26,Summer,Cash,23559.96,7274.42,2530.0,9581.14,3680.7,2615.29,44010.93,4,44010.93,8802.19,11002.73
792,2,355,193,2023-05-15,2023-06-07,2023-06-11,Monsoon,UPI,12474.08,9313.82,9238.75,370.43,4515.42,970.29,34942.21,4,34942.21,6988.44,8735.55
793,521,307,100,2024-06-09,2024-07-01,2024-07-06,Monsoon,Credit Card,10798.1,8533.3,1041.3,3741.91,2890.91,1240.63,25764.89,5,25764.89,5152.98,5152.98
794,701,179,122,2023-12-14,2024-02-07,2024-02-14,Winter,Net Banking,67966.08,15690.19,6292.18,16267.93,3402.74,6470.31,103148.81,7,103148.81,20629.76,14735.54
795,215,82,148,2024-11-25,2024-12-14,2024-12-18,Winter,Debit Card,44713.28,16970.77,10771.32,11480.64,3948.25,6117.1,81767.16,4,81767.16,16353.43,20441.79
796,581,79,190,2022-12-17,2023-01-13,2023-01-19,Winter,Credit Card,15843.24,4275.84,3418.35,277.77,1791.1,1723.26,23883.04,6,23883.04,4776.61,3980.51
797,162,78,82,2023-07-09,2023-08-03,2023-08-08,Monsoon,Debit Card,41919.75,2815.31,3365.65,3158.05,2826.94,3656.86,50428.84,5,50428.84,10085.77,10085.77
798,239,224,88,2023-01-21,2023-02-21,2023-02-24,Winter,Cash,6225.6,17108.06,13162.76,34342.39,2338.59,352.04,72825.36,3,72825.36,14565.07,24275.12
799,344,340,130,2023-03-05,2023-04-21,2023-04-27,Summer,UPI,78013.68,3873.86,1819.05,1069.69,2791.45,8896.87,78670.86,6,78670.86,15734.17,13111.81
800,42,23,36,2023-03-25,2023-05-23,2023-05-26,Summer,Credit Card,6560.52,9333.27,2402.7,15309.07,1494.48,815.64,34284.4,3,34284.4,6856.88,11428.13
801,801,40,165,2024-03-31,2024-05-17,2024-05-19,Summer,UPI,4452.84,4706.96,8062.06,9781.92,4275.45,662.2,30617.03,2,30617.03,6123.41,15308.52
802,306,458,163,2022-12-23,2023-01-17,2023-01-21,Winter,Cash,19630.0,5223.4,2557.85,9888.22,3125.27,2465.05,37959.69,4,37959.69,7591.94,9489.92
803,690,1,50,2023-12-27,2024-02-06,2024-02-12,Winter,Net Banking,73867.14,6980.2,3097.67,2445.52,1597.87,3626.42,84361.98,6,84361.98,16872.4,14060.33
804,755,492,19,2024-03-11,2024-05-10,2024-05-15,Summer,UPI,18872.95,8313.03,1475.01,4353.44,952.55,838.51,33128.47,5,33128.47,6625.69,6625.69
805,185,58,79,2024-07-12,2024-07-26,2024-07-29,Monsoon,Credit Card,7226.79,2369.89,1068.43,6901.77,659.15,176.8,18049.23,3,18049.23,3609.85,6016.41
806,260,273,120,2023-01-18,2023-03-10,2023-03-15,Summer,Cash,5306.5,16879.99,5892.13,15513.7,6354.8,71.68,49875.44,5,49875.44,9975.09,9975.09
807,884,315,15,2024-05-06,2024-06-19,2024-06-25,Monsoon,Cash,34997.7,5499.17,3762.62,965.35,1063.09,3665.88,42622.05,6,42622.05,8524.41,7103.68
808,114,377,97,2023-05-07,2023-06-08,2023-06-13,Monsoon,Net Banking,22506.45,2657.03,3752.76,1680.92,507.46,18.17,31086.45,5,31086.45,6217.29,6217.29
809,959,101,188,2024-09-29,2024-11-07,2024-11-12,Autumn,Debit Card,11225.9,16285.07,1827.71,11372.55,2957.82,302.19,43366.86,5,43366.86,8673.37,8673.37
810,251,454,119,2023-04-29,2023-06-18,2023-06-20,Monsoon,UPI,11352.26,4787.01,2965.24,7522.74,6005.0,291.04,32341.21,2,32341.21,6468.24,16170.6
811,798,290,96,2023-05-30,2023-07-02,2023-07-07,Monsoon,Cash,11435.5,7731.3,1656.06,4573.89,2026.52,418.65,27004.62,5,27004.62,5400.92,5400.92
812,233,91,200,2023-11-21,2023-12-28,2024-01-03,Winter,Net Banking,25193.4,9058.57,4531.06,2038.47,3350.95,1539.98,42632.47,6,42632.47,8526.49,7105.41
813,765,43,142,2023-10-13,2023-11-21,2023-11-26,Autumn,Debit Card,24443.85,5482.37,1419.02,4340.53,1566.46,2848.83,34403.4,5,34403.4,6880.68,6880.68
814,1,499,197,2022-12-16,2023-01-22,2023-01-25,Winter,Debit Card,12095.4,11100.62,7735.17,3047.09,5711.19,1540.62,38148.85,3,38148.85,7629.77,12716.28
815,749,498,117,2023-01-22,2023-03-15,2023-03-21,Summer,Credit Card,14709.3,13959.35,4142.64,16882.12,5538.58,1545.18,53686.81,6,53686.81,10737.36,8947.8
816,416,488,134,2024-11-02,2024-11-13,2024-11-20,Autumn,Credit Card,5867.54,14285.1,6329.88,6664.21,4566.61,5.52,37707.82,7,37707.82,7541.56,5386.83
817,921,479,134,2023-06-12,2023-07-28,2023-08-01,Monsoon,Debit Card,16882.84,6621.95,3484.68,4670.89,2056.08,1037.67,32678.77,4,32678.77,6535.75,8169.69
818,472,471,74,2023-05-31,2023-07-12,2023-07-17,Monsoon,Cash,15193.2,8899.22,3573.01,5410.18,1546.18,1505.82,33115.97,5,33115.97,6623.19,6623.19
819,183,377,97,2023-06-23,2023-07-23,2023-07-28,Monsoon,UPI,22506.45,7719.48,4287.9,5338.67,3173.02,2064.86,40960.66,5,40960.66,8192.13,8192.13
820,363,295,125,2023-07-09,2023-08-11,2023-08-14,Monsoon,UPI,5823.6,8550.68,6745.41,17822.18,2137.55,284.91,40794.51,3,40794.51,8158.9,13598.17
821,617,140,61,2023-06-22,2023-07-25,2023-08-01,Monsoon,UPI,39929.19,12809.24,3317.33,6078.3,2057.68,3757.75,60433.99,7,60433.99,12086.8,8633.43
822,147,392,188,2024-09-25,2024-10-19,2024-10-21,Autumn,Net Banking,6865.34,2722.28,2585.43,215.94,513.47,805.15,12097.31,2,12097.31,2419.46,6048.66
823,469,158,91,2024-07-31,2024-09-09,2024-09-13,Autumn,Cash,27044.0,25573.14,7692.86,9928.79,13815.46,785.12,83269.13,4,83269.13,16653.83,20817.28
824,623,411,35,2024-05-04,2024-06-04,2024-06-09,Monsoon,Debit Card,6552.85,8401.17,5100.02,16987.03,3063.18,391.86,39712.39,5,39712.39,7942.48,7942.48
825,596,275,135,2023-07-21,2023-08-13,2023-08-19,Monsoon,Cash,13636.26,5852.86,3888.11,177.77,4711.05,1355.88,26910.17,6,26910.17,5382.03,4485.03
826,528,413,40,2023-04-26,2023-05-11,2023-05-13,Summer,Credit Card,21307.64,1492.08,1558.16,4586.81,1888.48,926.49,29906.68,2,29906.68,5981.34,14953.34
827,617,462,118,2023-01-01,2023-02-09,2023-02-13,Winter,UPI,20919.28,5120.5,4080.69,5.45,3570.41,1798.43,31897.9,4,31897.9,6379.58,7974.48
828,195,448,196,2023-06-06,2023-07-11,2023-07-15,Monsoon,Cash,4713.36,10612.78,6950.83,14737.87,2833.38,604.21,39244.01,4,39244.01,7848.8,9811.0
829,109,284,14,2023-04-17,2023-05-01,2023-05-06,Summer,UPI,11408.85,9363.99,1188.97,2128.54,2878.8,1232.5,25736.65,5,25736.65,5147.33,5147.33
830,779,348,21,2024-09-03,2024-09-21,2024-09-23,Autumn,UPI,3687.02,2162.21,1388.37,2610.59,2478.67,456.53,11870.33,2,11870.33,2374.07,5935.16
831,555,341,138,2024-11-11,2024-12-14,2024-12-20,Winter,Credit Card,71651.52,7523.88,2919.41,7210.13,568.27,1271.62,88601.59,6,88601.59,17720.32,14766.93
832,484,83,172,2023-04-19,2023-05-01,2023-05-08,Summer,Debit Card,76787.97,7991.13,4554.22,1228.75,1308.24,10584.46,81285.85,7,81285.85,16257.17,11612.26
833,311,487,80,2023-11-07,2023-12-20,2023-12-22,Winter,Net Banking,27437.5,2451.84,3661.06,9546.92,2455.19,3823.93,41728.58,2,41728.58,8345.72,20864.29
834,839,470,157,2024-04-03,2024-05-02,2024-05-05,Summer,Debit Card,74346.66,7292.63,16706.32,22006.15,7295.97,5327.16,122320.57,3,122320.57,24464.11,40773.52
835,323,478,40,2023-04-08,2023-06-06,2023-06-09,Monsoon,Credit Card,6969.24,4240.45,2327.14,2154.55,2723.21,689.86,17724.73,3,17724.73,3544.95,5908.24
836,451,407,130,2023-12-06,2024-01-10,2024-01-15,Winter,UPI,29968.65,23611.96,13460.17,11724.49,9325.83,2700.7,85390.4,5,85390.4,17078.08,17078.08
837,335,88,116,2023-02-27,2023-03-18,2023-03-22,Summer,Credit Card,9672.52,17764.54,4778.43,4938.48,5996.01,504.47,42645.51,4,42645.51,8529.1,10661.38
838,105,86,37,2023-05-10,2023-07-01,2023-07-04,Monsoon,Net Banking,3103.11,4149.53,3478.68,1828.09,7082.45,432.56,19209.3,3,19209.3,3841.86,6403.1
839,798,242,124,2023-02-15,2023-03-21,2023-03-26,Summer,Debit Card,47034.4,5691.99,2082.8,6425.38,3060.27,4356.46,59938.38,5,59938.38,11987.68,11987.68
840,570,165,158,2024-06-23,2024-07-18,2024-07-21,Monsoon,Debit Card,6553.71,8260.1,4442.19,13625.36,3423.93,700.73,35604.56,3,35604.56,7120.91,11868.19
841,321,52,77,2024-05-19,2024-06-16,2024-06-22,Monsoon,Credit Card,32031.6,7037.64,1218.96,9162.37,2351.83,3059.33,48743.07,6,48743.07,9748.61,8123.84
842,372,158,91,2024-07-12,2024-08-15,2024-08-19,Monsoon,UPI,27044.0,4829.7,4058.74,6386.29,1748.18,572.57,43494.34,4,43494.34,8698.87,10873.58
843,449,448,196,2024-04-07,2024-06-04,2024-06-09,Monsoon,Credit Card,5891.7,5173.05,2201.12,8057.78,2498.77,176.26,23646.16,5,23646.16,4729.23,4729.23
844,297,434,137,2023-09-06,2023-10-02,2023-10-05,Autumn,Net Banking,73306.35,7594.91,2242.28,3904.71,4708.96,4632.43,87124.78,3,87124.78,17424.96,29041.59
845,895,404,25,2022-12-13,2023-02-08,2023-02-15,Winter,Cash,101854.41,23658.59,8858.9,7688.23,1135.84,7248.48,135947.49,7,135947.49,27189.5,19421.07
846,548,456,140,2023-01-16,2023-03-12,2023-03-15,Summer,Net Banking,46995.18,7889.75,3570.39,5704.82,4883.96,1296.75,67747.35,3,67747.35,13549.47,22582.45
847,701,33,63,2023-02-25,2023-04-15,2023-04-19,Summer,Net Banking,5897.08,7128.52,6558.44,16678.48,5492.31,426.92,41327.91,4,41327.91,8265.58,10331.98
848,826,402,16,2023-06-06,2023-07-17,2023-07-19,Monsoon,UPI,10576.22,4094.22,5244.24,5265.67,6376.95,787.77,30769.53,2,30769.53,6153.91,15384.76
849,753,246,3,2024-04-25,2024-06-06,2024-06-11,Monsoon,Cash,11215.2,9491.07,4947.75,2244.84,3347.71,229.72,31016.85,5,31016.85,6203.37,6203.37
850,620,295,125,2024-03-27,2024-05-21,2024-05-26,Summer,UPI,9706.0,19575.03,4731.64,12191.83,5025.81,1150.59,50079.72,5,50079.72,10015.94,10015.94
851,707,19,173,2024-02-26,2024-03-16,2024-03-22,Summer,Credit Card,8668.62,28013.85,6968.92,33520.45,10731.77,212.89,87690.72,6,87690.72,17538.14,14615.12
852,722,44,179,2024-07-15,2024-08-22,2024-08-26,Monsoon,UPI,3927.72,5438.17,3922.63,4984.84,6808.66,457.47,24624.55,4,24624.55,4924.91,6156.14
853,305,318,160,2024-09-21,2024-10-19,2024-10-24,Autumn,Debit Card,10155.6,13415.6,9014.73,16477.7,7228.83,500.56,55791.9,5,55791.9,11158.38,11158.38
854,728,293,50,2023-03-26,2023-05-17,2023-05-19,Summer,Cash,44976.54,1154.03,1573.84,4411.07,2543.32,4932.54,49726.26,2,49726.26,9945.25,24863.13
855,624,339,71,2023-10-14,2023-10-27,2023-10-31,Autumn,Cash,22875.44,9436.84,6402.94,16331.47,3746.68,281.19,58512.18,4,58512.18,11702.44,14628.04
856,15,475,177,2024-04-13,2024-05-09,2024-05-11,Summer,UPI,6462.18,6768.83,3648.89,9926.79,7116.94,507.03,33416.6,2,33416.6,6683.32,16708.3
857,401,268,144,2023-02-06,2023-02-24,2023-03-03,Winter,Credit Card,33402.18,11408.32,6022.22,15039.71,6942.45,571.56,72243.32,7,72243.32,14448.66,10320.47
858,84,296,50,2024-04-18,2024-05-27,2024-05-29,Summer,UPI,8930.74,3835.78,2346.24,113.57,3373.73,988.48,17611.58,2,17611.58,3522.32,8805.79
859,633,337,71,2023-11-16,2023-11-27,2023-12-02,Autumn,Net Banking,7446.35,6828.19,2481.63,1478.07,3515.05,1032.75,20716.54,5,20716.54,4143.31,4143.31
860,600,107,110,2023-12-20,2024-02-03,2024-02-10,Winter,UPI,5612.95,20371.31,5676.92,372.02,5448.05,809.26,36671.99,7,36671.99,7334.4,5238.86
861,13,394,83,2024-10-25,2024-11-07,2024-11-14,Autumn,Net Banking,16482.27,7419.48,7955.31,2437.21,2687.92,1445.07,35537.12,7,35537.12,7107.42,5076.73
862,11,128,43,2023-11-17,2023-12-28,2024-01-02,Winter,UPI,27885.35,6314.41,8036.2,6292.11,2433.1,1784.35,49176.82,5,49176.82,9835.36,9835.36
863,588,31,19,2024-08-19,2024-09-27,2024-09-29,Autumn,Cash,9794.44,3151.54,1170.87,3277.4,3577.62,439.78,20532.09,2,20532.09,4106.42,10266.04
864,732,237,170,2023-01-21,2023-03-11,2023-03-17,Summer,Net Banking,13924.2,8731.39,7254.19,2517.5,3671.19,453.3,35645.17,6,35645.17,7129.03,5940.86
865,358,261,155,2024-10-30,2024-11-19,2024-11-22,Autumn,UPI,3924.45,9320.31,12509.02,25355.32,9695.55,320.56,60484.09,3,60484.09,12096.82,20161.36
866,999,448,196,2024-11-05,2024-12-03,2024-12-10,Winter,UPI,8248.38,8228.81,1985.24,6506.62,3512.71,1015.06,27466.7,7,27466.7,5493.34,3923.81
867,246,300,36,2023-05-16,2023-06-12,2023-06-14,Monsoon,Credit Card,24670.9,7702.17,7143.83,34434.68,9529.4,2442.51,81038.47,2,81038.47,16207.69,40519.24
868,859,261,155,2024-11-30,2024-12-16,2024-12-21,Winter,Credit Card,6540.75,8914.45,3178.81,4218.24,3179.98,371.07,25661.16,5,25661.16,5132.23,5132.23
869,5,176,49,2024-09-29,2024-11-06,2024-11-08,Autumn,Net Banking,6122.12,3421.71,2025.7,8170.0,2890.35,70.29,22559.59,2,22559.59,4511.92,11279.8
870,915,54,60,2024-06-27,2024-08-11,2024-08-14,Monsoon,UPI,38070.18,3909.36,4272.54,9190.46,1933.58,1516.72,55859.4,3,55859.4,11171.88,18619.8
871,999,192,177,2023-10-21,2023-12-07,2023-12-13,Winter,Cash,34100.04,3011.0,2961.66,2139.93,1424.21,2488.99,41147.85,6,41147.85,8229.57,6857.98
872,214,217,37,2023-02-23,2023-04-09,2023-04-13,Summer,UPI,20463.04,4719.73,3115.47,5790.12,2571.92,2437.91,34222.37,4,34222.37,6844.47,8555.59
873,949,12,184,2023-11-08,2023-12-14,2023-12-19,Winter,UPI,7786.6,13884.83,7996.06,11866.96,4722.92,1127.33,45130.04,5,45130.04,9026.01,9026.01
874,942,2,189,2023-06-08,2023-07-17,2023-07-21,Monsoon,Cash,18790.4,5054.89,4061.04,8711.69,3140.4,988.2,38770.22,4,38770.22,7754.04,9692.56
875,877,362,167,2024-01-26,2024-03-18,2024-03-23,Summer,Debit Card,7018.45,15919.09,2687.66,4785.88,2138.24,675.67,31873.65,5,31873.65,6374.73,6374.73
876,436,413,40,2023-07-15,2023-07-26,2023-07-31,Monsoon,UPI,53269.1,14971.41,7312.8,632.07,2821.92,1664.11,77343.19,5,77343.19,15468.64,15468.64
877,516,390,24,2023-05-12,2023-06-17,2023-06-20,Monsoon,Cash,2704.86,3614.52,3607.6,3591.44,2291.89,297.11,15513.2,3,15513.2,3102.64,5171.07
878,220,208,104,2024-05-10,2024-05-15,2024-05-19,Summer,Credit Card,8104.72,6790.58,2067.43,249.13,7392.01,1145.29,23458.58,4,23458.58,4691.72,5864.64
879,358,99,101,2024-06-15,2024-07-01,2024-07-07,Monsoon,Debit Card,27067.5,23627.1,8621.0,28350.88,14020.59,3750.86,97936.21,6,97936.21,19587.24,16322.7
880,70,336,179,2023-10-20,2023-12-03,2023-12-05,Winter,UPI,6877.92,2350.63,1535.8,2685.31,1478.24,20.3,14907.6,2,14907.6,2981.52,7453.8
881,725,354,69,2024-04-24,2024-06-04,2024-06-07,Monsoon,Debit Card,10391.1,2718.25,4991.32,2401.98,2427.93,117.34,22813.24,3,22813.24,4562.65,7604.41
882,637,248,97,2024-05-20,2024-07-04,2024-07-07,Monsoon,Debit Card,11509.14,4877.94,3175.94,4656.16,2555.84,1269.54,25505.48,3,25505.48,5101.1,8501.83
883,487,78,82,2024-08-18,2024-09-28,2024-10-03,Autumn,Debit Card,41919.75,3874.99,2492.78,9918.56,3446.94,4989.19,56663.83,5,56663.83,11332.77,11332.77
884,190,149,33,2022-12-06,2023-01-06,2023-01-08,Winter,Credit Card,20165.94,4681.27,6277.37,638.03,2824.52,1590.61,32996.52,2,32996.52,6599.3,16498.26
885,102,353,98,2023-05-11,2023-05-16,2023-05-19,Summer,Cash,5525.16,11869.57,13600.2,6114.07,13571.55,125.51,50555.04,3,50555.04,10111.01,16851.68
886,36,17,97,2023-05-18,2023-07-13,2023-07-18,Monsoon,Debit Card,51304.15,10892.12,8789.63,14733.73,8650.64,239.93,94130.34,5,94130.34,18826.07,18826.07
887,348,239,177,2024-05-24,2024-06-01,2024-06-03,Monsoon,Net Banking,22976.92,1730.19,2334.15,7979.41,3879.94,89.6,38811.01,2,38811.01,7762.2,19405.5
888,473,111,37,2023-05-15,2023-07-07,2023-07-09,Monsoon,Net Banking,36750.86,1515.0,1374.1,2041.94,3345.49,3122.2,41905.19,2,41905.19,8381.04,20952.6
889,762,261,155,2023-05-23,2023-06-21,2023-06-26,Monsoon,Debit Card,6540.75,3892.28,1099.81,8236.27,1606.75,904.63,20471.23,5,20471.23,4094.25,4094.25
890,793,144,179,2023-11-04,2023-11-16,2023-11-22,Autumn,Debit Card,6312.9,7924.42,4971.24,684.03,3419.82,430.65,22881.76,6,22881.76,4576.35,3813.63
891,314,126,188,2023-04-08,2023-04-27,2023-05-01,Summer,UPI,33400.44,14281.94,9445.39,2634.89,3523.82,465.15,62821.33,4,62821.33,12564.27,15705.33
892,407,8,117,2022-12-27,2023-02-07,2023-02-11,Winter,Credit Card,6027.76,5132.69,7074.49,16857.35,5501.68,527.44,40066.53,4,40066.53,8013.31,10016.63
893,313,380,83,2024-09-07,2024-10-06,2024-10-12,Autumn,Credit Card,50257.38,4874.2,1730.53,6415.53,1735.93,711.44,64302.13,6,64302.13,12860.43,10717.02
894,946,67,101,2023-05-18,2023-06-21,2023-06-27,Monsoon,UPI,26213.46,9481.8,1096.43,9706.75,968.78,3727.63,43739.59,6,43739.59,8747.92,7289.93
895,848,355,193,2024-04-05,2024-05-04,2024-05-06,Summer,Debit Card,6237.04,2371.15,5939.8,1987.92,6917.02,502.42,22950.51,2,22950.51,4590.1,11475.26
896,945,431,73,2024-02-17,2024-03-18,2024-03-25,Summer,UPI,21595.91,11191.32,4209.33,8848.96,1393.55,1801.11,45437.96,7,45437.96,9087.59,6491.14
897,811,450,110,2024-11-17,2024-12-05,2024-12-10,Winter,Net Banking,24706.65,35976.44,16673.11,18007.2,5192.35,1690.63,98865.12,5,98865.12,19773.02,19773.02
898,25,262,162,2024-08-11,2024-09-27,2024-10-03,Autumn,Credit Card,29145.24,11790.49,1438.14,325.29,1520.52,3700.15,40519.53,6,40519.53,8103.91,6753.26
899,134,44,179,2023-04-02,2023-05-02,2023-05-08,Summer,Cash,5891.58,11399.61,4074.14,9423.88,1205.6,537.25,31457.56,6,31457.56,6291.51,5242.93
900,748,321,137,2023-04-01,2023-04-26,2023-04-29,Summer,UPI,4859.43,3931.5,3039.45,2704.19,3805.92,28.48,18312.01,3,18312.01,3662.4,6104.0
901,162,61,147,2024-02-18,2024-03-11,2024-03-16,Summer,Debit Card,5440.75,3610.26,4422.73,1681.73,3992.55,162.65,18985.37,5,18985.37,3797.07,3797.07
902,745,252,122,2023-07-23,2023-07-28,2023-08-01,Monsoon,UPI,3975.36,2008.94,1832.55,2178.04,713.36,10.84,10697.41,4,10697.41,2139.48,2674.35
903,532,193,80,2024-05-05,2024-06-24,2024-06-29,Monsoon,Net Banking,29449.95,4294.55,1444.92,48.29,2306.55,2525.65,35018.61,5,35018.61,7003.72,7003.72
904,797,291,153,2023-11-27,2023-12-09,2023-12-14,Winter,Credit Card,16093.8,5347.14,9639.56,17007.89,3691.38,1817.72,49962.05,5,49962.05,9992.41,9992.41
905,643,78,82,2023-09-16,2023-10-22,2023-10-25,Autumn,Net Banking,25151.85,4839.74,3327.89,5319.33,3206.67,2741.89,39103.59,3,39103.59,7820.72,13034.53
906,758,367,170,2024-06-23,2024-08-01,2024-08-08,Monsoon,UPI,19896.03,6652.12,4955.97,9509.55,3799.81,2586.29,42227.19,7,42227.19,8445.44,6032.46
907,561,218,81,2024-05-24,2024-06-13,2024-06-15,Monsoon,Credit Card,2530.0,3849.02,12192.84,30281.67,9227.53,105.25,57975.81,2,57975.81,11595.16,28987.9
908,225,128,43,2023-04-27,2023-06-24,2023-06-27,Monsoon,Net Banking,16731.21,1871.17,1384.49,8823.8,1614.19,1661.79,28763.07,3,28763.07,5752.61,9587.69
909,569,331,26,2024-04-04,2024-05-11,2024-05-14,Summer,Cash,15610.23,5832.84,2236.18,9727.78,1161.89,608.27,33960.65,3,33960.65,6792.13,11320.22
910,869,341,138,2023-12-13,2024-01-07,2024-01-10,Winter,UPI,35825.76,6044.27,2015.79,5789.73,6843.73,3263.06,53256.22,3,53256.22,10651.24,17752.07
911,257,146,143,2024-06-28,2024-07-28,2024-08-02,Monsoon,Net Banking,7927.35,3612.02,1214.67,585.6,982.82,1047.88,13274.58,5,13274.58,2654.92,2654.92
912,739,9,171,2023-11-16,2023-12-23,2023-12-26,Winter,Debit Card,35410.26,8873.56,6106.71,11929.27,6369.41,5142.35,63546.86,3,63546.86,12709.37,21182.29
913,153,493,13,2023-08-25,2023-10-02,2023-10-06,Autumn,Cash,60999.68,14646.91,5975.05,13776.54,7333.84,4278.23,98453.79,4,98453.79,19690.76,24613.45
914,809,468,83,2023-04-20,2023-05-14,2023-05-17,Summer,Debit Card,15101.31,3049.98,2817.74,84.21,805.16,1403.87,20454.53,3,20454.53,4090.91,6818.18
915,791,287,28,2024-10-25,2024-12-04,2024-12-06,Winter,Net Banking,8852.52,3814.8,3513.37,7863.02,3910.93,459.38,27495.26,2,27495.26,5499.05,13747.63
916,19,147,16,2024-07-28,2024-08-04,2024-08-06,Monsoon,Net Banking,13962.66,5609.69,3752.51,5290.04,3858.79,112.64,32361.05,2,32361.05,6472.21,16180.52
917,131,288,102,2023-03-05,2023-03-15,2023-03-17,Summer,Credit Card,13126.46,3170.22,3982.55,1757.81,3942.63,250.36,25729.31,2,25729.31,5145.86,12864.66
918,753,474,107,2023-08-02,2023-08-12,2023-08-15,Monsoon,Credit Card,12724.98,4446.89,2057.97,5323.52,1809.91,950.1,25413.17,3,25413.17,5082.63,8471.06
919,440,223,77,2023-06-03,2023-07-27,2023-08-03,Monsoon,UPI,76745.9,6776.59,3901.62,9706.45,1569.12,2045.71,96653.97,7,96653.97,19330.79,13807.71
920,148,226,94,2023-08-14,2023-09-28,2023-10-02,Autumn,Net Banking,5751.32,6951.3,1100.61,6220.39,1665.14,5.9,21682.86,4,21682.86,4336.57,5420.72
921,512,369,40,2023-08-31,2023-09-24,2023-09-29,Autumn,Debit Card,59495.25,8002.89,4318.0,17299.85,1423.37,8916.91,81622.45,5,81622.45,16324.49,16324.49
922,548,87,138,2024-04-14,2024-04-25,2024-05-02,Summer,Debit Card,12203.45,24347.05,7345.43,3665.46,4171.44,6.94,51725.89,7,51725.89,10345.18,7389.41
923,402,434,137,2024-04-24,2024-06-12,2024-06-17,Monsoon,Debit Card,122177.25,16055.0,3787.65,1378.59,6737.57,16114.95,134021.11,5,134021.11,26804.22,26804.22
924,906,210,186,2024-09-19,2024-11-17,2024-11-21,Autumn,Cash,7540.52,3760.71,2868.33,805.2,1058.75,67.97,15965.54,4,15965.54,3193.11,3991.38
925,213,186,112,2023-11-09,2024-01-04,2024-01-10,Winter,UPI,32018.58,13509.7,5280.28,5424.07,1817.12,1130.06,56919.69,6,56919.69,11383.94,9486.62
926,885,140,61,2024-07-09,2024-08-02,2024-08-09,Monsoon,Net Banking,39929.19,25452.81,8031.2,10953.68,7632.32,903.29,91095.91,7,91095.91,18219.18,13013.7
927,345,405,161,2024-10-29,2024-12-20,2024-12-24,Winter,Debit Card,36607.4,7454.71,5938.79,3097.22,7010.35,3623.72,56484.75,4,56484.75,11296.95,14121.19
928,284,411,35,2023-05-13,2023-05-25,2023-05-27,Summer,Cash,2621.14,4958.35,3564.52,11008.62,4718.37,182.27,26688.73,2,26688.73,5337.75,13344.36
929,3,439,59,2023-06-21,2023-07-10,2023-07-14,Monsoon,Cash,14823.44,12120.71,5403.19,15552.0,5979.64,1609.86,52269.12,4,52269.12,10453.82,13067.28
930,541,265,4,2024-05-12,2024-05-18,2024-05-23,Summer,Net Banking,5235.3,4447.53,4096.53,3473.17,844.19,79.12,18017.6,5,18017.6,3603.52,3603.52
931,45,94,23,2024-01-24,2024-02-10,2024-02-17,Winter,UPI,19876.57,15709.49,14057.39,8896.84,2169.28,2111.59,58597.98,7,58597.98,11719.6,8371.14
932,53,160,127,2024-06-05,2024-08-01,2024-08-04,Monsoon,Net Banking,2593.62,7704.9,13874.83,23106.96,8165.98,20.57,55425.72,3,55425.72,11085.14,18475.24
933,60,104,32,2023-02-20,2023-04-04,2023-04-09,Summer,Cash,47825.9,15678.97,6284.86,16423.54,1211.84,641.81,86783.3,5,86783.3,17356.66,17356.66
934,283,17,97,2023-10-06,2023-11-10,2023-11-12,Autumn,Debit Card,20521.66,2641.63,7518.87,14950.77,5127.86,1436.42,49324.37,2,49324.37,9864.87,24662.18
935,668,285,100,2023-03-29,2023-05-21,2023-05-26,Summer,Debit Card,16328.1,14767.55,8567.33,12307.37,4786.09,1839.99,54916.45,5,54916.45,10983.29,10983.29
936,53,370,34,2023-06-03,2023-07-19,2023-07-23,Monsoon,Net Banking,3439.04,24943.87,8332.66,13127.71,1918.76,62.15,51699.89,4,51699.89,10339.98,12924.97
937,211,491,90,2023-05-04,2023-06-11,2023-06-14,Monsoon,Credit Card,7210.71,3203.7,9380.99,11162.23,5731.97,905.44,35784.16,3,35784.16,7156.83,11928.05
938,536,382,80,2022-12-22,2023-01-25,2023-01-31,Winter,Credit Card,9529.56,9435.53,2871.79,9454.93,870.24,39.3,32122.75,6,32122.75,6424.55,5353.79
939,707,263,182,2024-01-13,2024-01-27,2024-01-30,Winter,Debit Card,5166.72,16364.91,16259.26,21170.83,14246.84,194.77,73013.79,3,73013.79,14602.76,24337.93
940,503,397,169,2023-01-21,2023-02-16,2023-02-19,Winter,Credit Card,3368.34,3513.34,2676.9,8632.91,3648.85,3.52,21836.82,3,21836.82,4367.36,7278.94
941,818,147,16,2024-06-29,2024-07-26,2024-07-31,Monsoon,Cash,34906.65,2736.08,1678.87,2568.93,3538.44,1016.59,44412.38,5,44412.38,8882.48,8882.48
942,787,70,19,2024-02-20,2024-03-06,2024-03-08,Summer,Net Banking,8657.96,2755.24,4157.37,3844.52,2841.11,496.66,21759.54,2,21759.54,4351.91,10879.77
943,361,434,137,2024-05-18,2024-06-22,2024-06-24,Monsoon,Net Banking,48870.9,3402.54,3728.96,3565.07,2029.26,5058.82,56537.91,2,56537.91,11307.58,28268.96
944,252,296,50,2024-08-02,2024-09-23,2024-09-26,Autumn,Credit Card,13396.11,2948.34,3943.2,8387.3,3631.27,1654.66,30651.56,3,30651.56,6130.31,10217.19
945,398,38,128,2022-12-21,2023-01-07,2023-01-11,Winter,Credit Card,4949.84,7875.35,4819.96,6487.78,3183.95,662.87,26654.01,4,26654.01,5330.8,6663.5
946,161,145,132,2023-11-11,2023-12-20,2023-12-23,Winter,Cash,65824.56,2116.29,3167.32,2928.35,730.85,232.87,74534.5,3,74534.5,14906.9,24844.83
947,309,468,83,2023-12-26,2024-02-20,2024-02-22,Winter,Credit Card,10067.54,1949.18,1914.53,1473.6,1789.05,107.62,17086.28,2,17086.28,3417.26,8543.14
948,488,369,40,2024-04-30,2024-05-23,2024-05-28,Summer,Debit Card,59495.25,4233.16,4470.94,6144.64,1654.98,2765.26,73233.71,5,73233.71,14646.74,14646.74
949,93,48,44,2023-01-15,2023-01-27,2023-01-31,Winter,Net Banking,75853.68,4523.67,4074.83,1554.68,2269.48,9197.84,79078.5,4,79078.5,15815.7,19769.62
950,807,218,81,2023-10-07,2023-11-11,2023-11-14,Autumn,Cash,3795.0,6032.64,7955.68,18287.88,1778.17,310.82,37538.55,3,37538.55,7507.71,12512.85
951,79,464,72,2024-04-16,2024-06-11,2024-06-13,Monsoon,Debit Card,1766.32,3405.26,4976.93,11255.74,4546.83,90.44,25860.64,2,25860.64,5172.13,12930.32
952,266,80,104,2023-05-09,2023-06-25,2023-07-01,Monsoon,Net Banking,8834.94,16009.15,14174.67,678.99,5525.01,387.92,44834.84,6,44834.84,8966.97,7472.47
953,777,378,178,2024-11-03,2024-11-25,2024-11-30,Autumn,Net Banking,10874.85,10825.61,2064.08,1163.84,1541.0,751.49,25717.89,5,25717.89,5143.58,5143.58
954,63,424,176,2023-06-13,2023-07-12,2023-07-16,Monsoon,Net Banking,46869.92,9340.83,6416.76,4137.84,5086.85,430.28,71421.92,4,71421.92,14284.38,17855.48
955,101,250,24,2023-05-11,2023-05-17,2023-05-20,Summer,Net Banking,6939.57,5101.71,2324.85,5430.85,6234.06,734.57,25296.47,3,25296.47,5059.29,8432.16
956,688,93,27,2023-06-03,2023-06-19,2023-06-23,Monsoon,UPI,5224.44,6623.47,2577.71,5280.77,3934.43,700.21,22940.61,4,22940.61,4588.12,5735.15
957,191,285,100,2024-05-30,2024-07-02,2024-07-07,Monsoon,Net Banking,16328.1,7884.07,1874.06,11748.65,3276.66,506.68,40604.86,5,40604.86,8120.97,8120.97
958,490,485,188,2022-12-24,2023-01-11,2023-01-18,Winter,Cash,45030.65,27304.8,5207.09,8351.38,1968.54,4078.03,83784.43,7,83784.43,16756.89,11969.2
959,224,458,163,2024-07-12,2024-07-20,2024-07-25,Monsoon,Credit Card,24537.5,8479.98,3068.05,9361.27,3977.77,2176.43,47248.14,5,47248.14,9449.63,9449.63
960,240,91,200,2024-01-28,2024-02-25,2024-02-28,Winter,UPI,12596.7,2748.81,7475.09,12371.47,6844.62,1141.23,40895.46,3,40895.46,8179.09,13631.82
961,149,243,181,2024-03-14,2024-03-24,2024-03-28,Summer,Cash,48950.96,7122.53,2716.26,2573.72,530.92,1408.7,60485.69,4,60485.69,12097.14,15121.42
962,672,378,178,2024-02-10,2024-04-02,2024-04-07,Summer,Cash,10874.85,25075.23,10272.58,25584.48,6137.7,259.01,77685.83,5,77685.83,15537.17,15537.17
963,871,40,165,2023-06-11,2023-08-08,2023-08-14,Monsoon,UPI,13358.52,4324.46,1723.71,2100.58,1908.54,1677.75,21738.06,6,21738.06,4347.61,3623.01
964,467,374,3,2023-05-07,2023-05-23,2023-05-26,Summer,Debit Card,41538.12,7339.31,2851.33,1500.23,4253.52,2311.54,55170.97,3,55170.97,11034.19,18390.32
965,909,251,88,2023-04-05,2023-04-16,2023-04-21,Summer,Debit Card,26886.35,2929.05,2178.11,6167.88,2401.18,459.84,40102.73,5,40102.73,8020.55,8020.55
966,275,429,55,2023-06-04,2023-07-02,2023-07-05,Monsoon,Credit Card,12585.6,5259.96,4821.42,78.64,2545.8,1522.49,23768.93,3,23768.93,4753.79,7922.98
967,192,16,187,2024-09-25,2024-11-19,2024-11-25,Autumn,Credit Card,14927.16,3860.9,4917.19,2661.41,2875.13,601.5,28640.29,6,28640.29,5728.06,4773.38
968,849,40,165,2023-01-19,2023-01-28,2023-02-02,Winter,Net Banking,11132.1,9126.54,4037.89,9215.91,3321.78,134.23,36699.99,5,36699.99,7340.0,7340.0
969,947,100,104,2023-04-24,2023-06-11,2023-06-13,Monsoon,Credit Card,3145.96,1873.62,1793.14,1847.5,3422.96,86.61,11996.57,2,11996.57,2399.31,5998.28
970,939,144,179,2023-03-16,2023-03-28,2023-04-02,Summer,Debit Card,5260.75,24206.44,14868.28,15596.32,4844.99,438.12,64338.66,5,64338.66,12867.73,12867.73
971,553,114,71,2023-10-25,2023-11-24,2023-11-28,Autumn,UPI,7286.8,2365.19,4523.91,6157.82,2644.62,1078.42,21899.92,4,21899.92,4379.98,5474.98
972,333,56,48,2023-06-11,2023-07-24,2023-07-27,Monsoon,Debit Card,2837.04,6442.34,2937.63,13645.99,2035.15,366.48,27531.67,3,27531.67,5506.33,9177.22
973,164,459,97,2024-05-12,2024-06-08,2024-06-15,Monsoon,Credit Card,16455.81,6633.88,4089.62,8171.04,708.25,2049.85,34008.75,7,34008.75,6801.75,4858.39
974,736,215,19,2024-06-12,2024-06-27,2024-07-02,Monsoon,Debit Card,12396.3,6647.24,2214.89,9772.3,2558.39,492.33,33096.79,5,33096.79,6619.36,6619.36
975,767,321,137,2023-05-25,2023-07-15,2023-07-17,Monsoon,Cash,3239.62,7154.97,5478.79,16321.29,3930.87,240.62,35884.92,2,35884.92,7176.98,17942.46
976,373,386,80,2023-08-30,2023-09-06,2023-09-12,Autumn,Credit Card,74683.5,17971.93,9378.93,11300.89,6896.83,1924.12,118307.96,6,118307.96,23661.59,19717.99
977,48,85,152,2023-03-19,2023-05-12,2023-05-16,Summer,Debit Card,40014.6,10292.72,3812.35,9759.85,6657.38,3509.97,67026.93,4,67026.93,13405.39,16756.73
978,178,461,74,2023-01-21,2023-02-08,2023-02-11,Winter,Credit Card,7298.22,11616.64,3957.43,1344.71,2077.75,409.69,25885.06,3,25885.06,5177.01,8628.35
979,668,413,40,2023-02-19,2023-04-04,2023-04-11,Summer,Debit Card,74576.74,24997.97,3842.5,14331.86,5202.59,373.52,122578.14,7,122578.14,24515.63,17511.16
980,876,208,104,2024-04-29,2024-06-23,2024-06-26,Monsoon,Cash,6078.54,2371.38,4103.06,1927.48,1067.7,774.83,14773.33,3,14773.33,2954.67,4924.44
981,404,471,74,2024-01-31,2024-02-05,2024-02-11,Winter,Credit Card,18231.84,12242.75,7972.97,10767.32,5515.77,334.87,54395.78,6,54395.78,10879.16,9065.96
982,852,495,137,2024-06-18,2024-07-03,2024-07-09,Monsoon,Credit Card,105914.52,6998.98,2333.36,5984.44,1595.7,13894.38,108932.62,6,108932.62,21786.52,18155.44
983,616,315,15,2023-03-21,2023-04-04,2023-04-07,Summer,Net Banking,17498.85,3306.7,1301.02,4597.86,2557.99,729.32,28533.1,3,28533.1,5706.62,9511.03
984,68,465,38,2022-11-27,2023-01-20,2023-01-24,Winter,Credit Card,53520.56,9716.66,8292.15,6154.16,7111.7,785.06,84010.17,4,84010.17,16802.03,21002.54
985,136,93,27,2023-06-04,2023-06-23,2023-06-25,Monsoon,Net Banking,2612.22,3810.84,7002.34,2305.96,3568.38,372.55,18927.19,2,18927.19,3785.44,9463.59
986,485,164,188,2023-12-11,2024-01-09,2024-01-11,Winter,Debit Card,22983.6,5586.59,8210.56,7663.02,3725.98,2642.38,45527.37,2,45527.37,9105.47,22763.68
987,28,3,104,2023-05-01,2023-06-22,2023-06-28,Monsoon,UPI,35204.28,5838.65,1549.71,610.84,1081.75,559.19,43726.04,6,43726.04,8745.21,7287.67
988,363,354,69,2024-03-07,2024-03-12,2024-03-16,Summer,Credit Card,13854.8,7250.87,7758.36,2791.48,5073.21,218.35,36510.37,4,36510.37,7302.07,9127.59
989,244,342,194,2024-10-05,2024-11-16,2024-11-21,Autumn,Debit Card,23631.9,4456.96,3421.86,1268.5,2923.48,890.89,34811.81,5,34811.81,6962.36,6962.36
990,135,79,190,2023-10-27,2023-12-23,2023-12-27,Winter,UPI,10562.16,6202.47,3158.8,1094.61,1131.16,1469.73,20679.47,4,20679.47,4135.89,5169.87
991,8,155,47,2024-10-09,2024-10-16,2024-10-21,Autumn,Net Banking,42490.8,13059.64,7772.51,3568.94,2216.51,1494.47,67613.93,5,67613.93,13522.79,13522.79
992,175,302,142,2024-12-01,2024-12-12,2024-12-16,Winter,Cash,18462.52,7656.54,1663.72,4672.7,2400.16,802.67,34052.97,4,34052.97,6810.59,8513.24
993,444,141,82,2023-12-15,2024-01-21,2024-01-25,Winter,Cash,23096.88,10364.86,8636.34,10829.72,7808.62,1110.86,59625.56,4,59625.56,11925.11,14906.39
994,448,364,108,2023-06-19,2023-08-13,2023-08-16,Monsoon,Credit Card,6729.39,4828.45,2064.5,4822.55,2804.62,786.25,20463.26,3,20463.26,4092.65,6821.09
995,372,157,137,2024-10-27,2024-11-24,2024-11-26,Autumn,Cash,25281.0,2175.37,3221.8,1726.14,3543.52,32.7,35915.13,2,35915.13,7183.03,17957.56
996,109,274,158,2024-03-14,2024-05-06,2024-05-10,Summer,Net Banking,51596.32,3032.62,2644.76,5889.82,1381.83,1395.27,63150.08,4,63150.08,12630.02,15787.52
997,14,47,195,2023-11-11,2023-11-26,2023-11-29,Autumn,UPI,43235.64,3784.71,6557.85,3500.06,1080.11,87.19,58071.18,3,58071.18,11614.24,19357.06
998,720,336,179,2023-03-09,2023-04-27,2023-05-02,Summer,Credit Card,17194.8,3507.84,2594.01,2622.76,3408.65,883.88,28444.18,5,28444.18,5688.84,5688.84
999,860,27,82,2024-11-27,2024-12-14,2024-12-17,Winter,Credit Card,3929.43,13130.87,7704.58,1416.17,10836.42,362.21,36655.26,3,36655.26,7331.05,12218.42
1000,52,378,178,2023-09-10,2023-10-08,2023-10-11,Autumn,Cash,6524.91,7715.41,2768.18,5361.82,3821.19,85.0,26106.51,3,26106.51,5221.3,8702.17
1001,607,114,71,2023-06-16,2023-06-23,2023-06-28,Monsoon,Credit Card,9108.5,9488.23,1574.26,4858.54,630.45,546.47,25113.51,5,25113.51,5022.7,5022.7
1002,410,57,22,2024-09-30,2024-11-27,2024-11-29,Autumn,Net Banking,9917.24,7068.33,8066.22,7036.6,2275.85,782.06,33582.18,2,33582.18,6716.44,16791.09
1003,962,182,172,2023-12-05,2024-01-08,2024-01-11,Winter,Debit Card,17648.46,2721.2,1360.53,8261.62,2806.62,2269.74,30528.69,3,30528.69,6105.74,10176.23
1004,690,57,22,2023-04-25,2023-05-26,2023-05-28,Summer,Credit Card,9917.24,2928.74,4170.26,2589.75,2993.93,1435.52,21164.4,2,21164.4,4232.88,10582.2
1005,307,71,108,2023-10-17,2023-11-13,2023-11-17,Autumn,UPI,7971.12,2697.83,3995.46,4597.67,2123.73,787.34,20598.47,4,20598.47,4119.69,5149.62
1006,398,268,144,2024-05-18,2024-05-25,2024-05-30,Summer,Debit Card,23858.7,8425.29,3417.62,1800.61,3911.37,2930.29,38483.3,5,38483.3,7696.66,7696.66
1007,902,220,123,2024-06-13,2024-08-11,2024-08-15,Monsoon,Credit Card,11190.64,10139.16,5531.04,19960.11,6851.25,829.92,52842.28,4,52842.28,10568.46,13210.57
1008,631,290,96,2024-05-07,2024-05-23,2024-05-25,Summer,Debit Card,4574.2,1861.09,1876.77,3076.52,3200.23,53.36,14535.45,2,14535.45,2907.09,7267.72
1009,509,87,138,2024-03-21,2024-05-14,2024-05-18,Summer,Debit Card,6973.4,5005.9,2554.88,2555.28,2495.95,1043.33,18542.08,4,18542.08,3708.42,4635.52
1010,170,184,183,2024-09-05,2024-09-24,2024-09-29,Autumn,Debit Card,108038.3,10143.29,5888.3,5055.73,3845.95,3206.47,129765.1,5,129765.1,25953.02,25953.02
1011,445,376,96,2023-07-16,2023-07-21,2023-07-23,Monsoon,Cash,7158.02,2016.71,3003.44,3372.16,3599.73,517.21,18632.85,2,18632.85,3726.57,9316.42
1012,967,138,24,2024-05-02,2024-05-24,2024-05-27,Summer,UPI,45065.91,10022.07,6827.25,16704.58,1227.51,5279.56,74567.76,3,74567.76,14913.55,24855.92
1013,489,274,158,2024-01-09,2024-02-02,2024-02-07,Winter,Net Banking,64495.4,8027.79,2174.4,4556.11,3846.65,5055.31,78045.04,5,78045.04,15609.01,15609.01
1014,283,109,178,2024-05-26,2024-06-24,2024-06-26,Monsoon,Cash,29024.38,6514.65,8745.93,19260.38,3459.82,1809.54,65195.62,2,65195.62,13039.12,32597.81
1015,918,213,91,2023-10-24,2023-11-22,2023-11-25,Autumn,Net Banking,11045.67,3990.54,4236.54,9646.76,735.0,1092.07,28562.44,3,28562.44,5712.49,9520.81
1016,904,356,176,2023-12-20,2024-01-27,2024-02-03,Winter,Cash,36514.45,9498.16,4753.53,1491.53,2163.82,3810.89,50610.6,7,50610.6,10122.12,7230.09
1017,591,432,100,2024-02-04,2024-02-11,2024-02-18,Winter,Net Banking,15884.96,10323.03,4350.51,3850.59,1515.2,562.78,35361.51,7,35361.51,7072.3,5051.64
1018,422,386,80,2023-12-04,2023-12-11,2023-12-14,Winter,Debit Card,37341.75,3498.93,4659.39,5921.4,1359.76,151.51,52629.72,3,52629.72,10525.94,17543.24
1019,495,331,26,2023-04-05,2023-06-01,2023-06-06,Monsoon,Net Banking,26017.05,7756.32,4550.66,1202.43,3765.56,714.31,42577.71,5,42577.71,8515.54,8515.54
1020,188,216,14,2024-04-03,2024-05-19,2024-05-23,Summer,Credit Card,59693.92,11371.7,8168.78,9042.44,5529.3,3858.39,89947.75,4,89947.75,17989.55,22486.94
1021,224,258,200,2023-11-08,2023-12-13,2023-12-16,Winter,Cash,20209.5,3366.2,2218.72,8132.06,2937.31,2102.59,34761.2,3,34761.2,6952.24,11587.07
1022,890,435,64,2024-07-07,2024-07-13,2024-07-20,Monsoon,UPI,69295.31,21397.7,6391.3,15266.89,6216.21,6619.09,111948.32,7,111948.32,22389.66,15992.62
1023,585,71,108,2023-03-20,2023-04-23,2023-04-25,Summer,UPI,3985.56,2943.74,3244.14,7649.94,3176.95,325.86,20674.47,2,20674.47,4134.89,10337.24
1024,412,350,126,2023-08-15,2023-09-14,2023-09-17,Autumn,Debit Card,9363.21,9495.38,7290.26,7239.94,1926.01,1307.48,34007.32,3,34007.32,6801.46,11335.77
1025,693,459,97,2024-08-12,2024-10-07,2024-10-13,Autumn,Cash,14104.98,16544.89,15652.48,30214.99,2809.16,2105.58,77220.92,6,77220.92,15444.18,12870.15
1026,836,275,135,2024-09-25,2024-11-04,2024-11-07,Autumn,Net Banking,6818.13,16779.33,17507.17,27700.72,11534.95,238.68,80101.62,3,80101.62,16020.32,26700.54
1027,93,235,68,2023-08-17,2023-09-18,2023-09-22,Autumn,Cash,21986.24,3574.49,2620.9,2919.37,605.72,2367.8,29338.92,4,29338.92,5867.78,7334.73
1028,606,275,135,2023-05-16,2023-07-03,2023-07-06,Monsoon,UPI,6818.13,5150.14,8924.88,10827.07,1021.45,288.69,32452.98,3,32452.98,6490.6,10817.66
1029,794,290,96,2024-07-09,2024-07-15,2024-07-20,Monsoon,Cash,11435.5,3847.24,3467.72,8195.26,2037.16,3.42,28979.46,5,28979.46,5795.89,5795.89
1030,265,311,36,2024-04-29,2024-06-08,2024-06-14,Monsoon,UPI,24349.02,17856.4,3962.86,1086.07,2026.89,3183.26,46097.98,6,46097.98,9219.6,7683.0
1031,695,421,87,2024-08-16,2024-09-24,2024-09-26,Autumn,Net Banking,34637.18,4345.97,7992.23,100.45,4894.31,4955.79,47014.35,2,47014.35,9402.87,23507.18
1032,278,340,130,2023-01-24,2023-03-11,2023-03-17,Summer,Cash,78013.68,10773.28,4034.49,9211.39,860.35,7612.08,95281.11,6,95281.11,19056.22,15880.18
1033,259,452,116,2023-06-12,2023-07-28,2023-08-03,Monsoon,Credit Card,24448.86,5957.11,1798.85,4487.68,662.33,1745.48,35609.35,6,35609.35,7121.87,5934.89
1034,960,307,100,2024-11-27,2024-12-21,2024-12-23,Winter,Net Banking,4319.24,3639.51,1814.35,5131.77,2387.97,335.33,16957.51,2,16957.51,3391.5,8478.75
1035,920,444,191,2023-11-30,2023-12-15,2023-12-20,Winter,Debit Card,32597.85,6465.19,3402.55,4146.19,1108.49,4254.6,43465.67,5,43465.67,8693.13,8693.13
1036,304,427,29,2024-07-19,2024-07-25,2024-08-01,Monsoon,Credit Card,16628.08,14949.46,5517.65,11875.88,6985.43,2373.02,53583.48,7,53583.48,10716.7,7654.78
1037,189,329,46,2024-10-25,2024-11-03,2024-11-08,Autumn,Cash,15075.55,2516.37,4748.24,6854.23,3017.31,2000.28,30211.42,5,30211.42,6042.28,6042.28
1038,395,440,139,2024-02-12,2024-03-13,2024-03-16,Summer,Credit Card,53632.56,14431.0,11237.53,30264.19,4825.36,965.76,113424.88,3,113424.88,22684.98,37808.29
1039,59,326,134,2023-09-27,2023-10-14,2023-10-21,Autumn,UPI,133890.96,6446.42,1873.37,8030.69,1835.2,13073.66,139002.98,7,139002.98,27800.6,19857.57
1040,658,130,46,2024-01-22,2024-02-01,2024-02-04,Winter,Credit Card,31585.95,9622.06,4361.88,13238.48,5604.25,1413.11,62999.51,3,62999.51,12599.9,20999.84
1041,674,449,17,2024-05-14,2024-05-20,2024-05-26,Summer,Credit Card,23758.62,20608.36,2924.71,4010.92,3194.66,31.91,54465.36,6,54465.36,10893.07,9077.56
1042,565,466,28,2024-02-16,2024-04-13,2024-04-20,Summer,Credit Card,32818.52,6124.22,2506.89,7610.45,502.69,4520.54,45042.23,7,45042.23,9008.45,6434.6
1043,301,125,133,2023-04-05,2023-05-28,2023-06-04,Summer,UPI,7586.88,7094.34,4354.99,12571.22,3576.96,570.42,34613.97,7,34613.97,6922.79,4944.85
1044,82,359,13,2024-05-29,2024-06-26,2024-06-30,Monsoon,Credit Card,8960.6,7825.38,4494.82,8270.69,1451.92,1179.01,29824.4,4,29824.4,5964.88,7456.1
1045,523,280,131,2024-01-09,2024-02-28,2024-03-05,Winter,Net Banking,33558.78,43137.71,7182.28,13299.79,13632.28,2013.86,108796.98,6,108796.98,21759.4,18132.83
1046,156,102,55,2023-12-07,2023-12-14,2023-12-19,Winter,Net Banking,16755.1,30783.52,12302.19,22497.46,8464.64,713.02,90089.89,5,90089.89,18017.98,18017.98
1047,76,67,101,2024-01-22,2024-03-19,2024-03-24,Summer,Debit Card,21844.55,7023.33,2403.98,5131.45,5233.83,1267.92,40369.22,5,40369.22,8073.84,8073.84
1048,170,493,13,2023-05-03,2023-06-01,2023-06-06,Monsoon,Net Banking,76249.6,5481.06,5066.68,16765.49,4575.46,2023.52,106114.77,5,106114.77,21222.95,21222.95
1049,914,177,101,2023-01-26,2023-03-19,2023-03-25,Summer,Cash,6366.6,10463.07,4564.93,11056.92,4342.21,928.76,35864.97,6,35864.97,7172.99,5977.5
1050,570,264,144,2024-05-02,2024-06-15,2024-06-18,Monsoon,UPI,14090.91,11247.28,5470.63,6022.16,2729.41,1110.06,38450.33,3,38450.33,7690.07,12816.78
1051,51,268,144,2024-10-24,2024-12-20,2024-12-23,Winter,Credit Card,14315.22,2973.17,3412.49,7460.36,3916.17,1287.28,30790.13,3,30790.13,6158.03,10263.38
1052,159,65,153,2023-05-23,2023-06-01,2023-06-05,Monsoon,UPI,96414.96,4136.44,8848.0,12571.11,6758.66,2122.97,126606.2,4,126606.2,25321.24,31651.55
1053,632,371,120,2023-09-02,2023-09-26,2023-10-03,Autumn,Debit Card,12127.71,12455.52,4482.86,7310.89,2474.08,396.08,38454.98,7,38454.98,7691.0,5493.57
1054,122,9,171,2024-04-27,2024-05-11,2024-05-18,Summer,Cash,82623.94,16871.62,2265.38,12257.95,4043.45,4055.49,114006.85,7,114006.85,22801.37,16286.69
1055,688,197,15,2023-05-05,2023-05-10,2023-05-14,Summer,Cash,22688.48,7817.73,3595.86,556.11,1139.28,1146.34,34651.12,4,34651.12,6930.22,8662.78
1056,238,16,187,2024-06-12,2024-07-14,2024-07-20,Monsoon,Credit Card,14927.16,17202.93,4088.15,18114.88,3804.75,2049.59,56088.28,6,56088.28,11217.66,9348.05
1057,583,482,81,2023-10-23,2023-12-21,2023-12-25,Winter,Net Banking,3790.24,5203.69,4517.39,851.75,2806.09,139.86,17029.3,4,17029.3,3405.86,4257.32
1058,958,2,189,2024-06-03,2024-06-14,2024-06-20,Monsoon,Net Banking,28185.6,14664.31,8842.83,2752.83,5716.23,3869.96,56291.84,6,56291.84,11258.37,9381.97
1059,658,494,162,2023-09-20,2023-10-10,2023-10-14,Autumn,Net Banking,44652.6,7091.53,7686.57,6359.75,7750.56,4398.16,69142.85,4,69142.85,13828.57,17285.71
1060,494,339,71,2024-06-29,2024-07-04,2024-07-06,Monsoon,Net Banking,11437.72,8894.07,6428.87,6104.1,8053.75,1665.36,39253.15,2,39253.15,7850.63,19626.58
1061,64,116,76,2023-05-19,2023-06-02,2023-06-09,Monsoon,UPI,11489.17,12249.92,3976.84,5838.29,3027.82,1018.15,35563.89,7,35563.89,7112.78,5080.56
1062,529,248,97,2024-04-15,2024-05-02,2024-05-06,Summer,Debit Card,15345.52,13724.38,8814.27,6210.18,6926.4,659.73,50361.02,4,50361.02,10072.2,12590.26
1063,624,1,50,2024-07-08,2024-07-14,2024-07-19,Monsoon,Cash,61555.95,10115.77,2726.43,4058.87,7114.6,8522.47,77049.15,5,77049.15,15409.83,15409.83
1064,907,3,104,2024-06-19,2024-07-14,2024-07-16,Monsoon,Cash,11734.76,2184.98,5192.76,614.09,6689.18,981.08,25434.69,2,25434.69,5086.94,12717.34
1065,800,500,84,2024-05-03,2024-05-23,2024-05-30,Summer,Debit Card,11939.69,12570.72,3372.36,784.57,1730.86,344.91,30053.29,7,30053.29,6010.66,4293.33
1066,262,19,173,2023-05-24,2023-07-18,2023-07-22,Monsoon,Cash,5779.08,2008.73,2385.27,7419.88,3051.22,700.22,19943.96,4,19943.96,3988.79,4985.99
1067,329,459,97,2024-07-21,2024-09-09,2024-09-15,Autumn,Net Banking,14104.98,16239.05,3591.91,11995.3,6707.5,99.21,52539.53,6,52539.53,10507.91,8756.59
1068,504,421,87,2023-06-05,2023-06-10,2023-06-16,Monsoon,Debit Card,103911.54,11030.35,4204.64,7168.24,1616.27,4859.29,123071.75,6,123071.75,24614.35,20511.96
1069,553,142,40,2023-10-26,2023-12-20,2023-12-27,Winter,Cash,93369.99,5070.92,1325.74,5396.28,2883.4,8243.17,99803.16,7,99803.16,19960.63,14257.59
1070,404,394,83,2023-01-02,2023-02-08,2023-02-12,Winter,Cash,9418.44,10656.2,7475.94,5574.02,7804.71,1050.74,39878.57,4,39878.57,7975.71,9969.64
1071,676,228,114,2023-05-06,2023-06-05,2023-06-09,Monsoon,Debit Card,15590.36,5648.48,2351.78,9708.26,1837.48,1618.39,33517.97,4,33517.97,6703.59,8379.49
1072,727,308,163,2023-02-04,2023-02-24,2023-02-28,Winter,Net Banking,43145.24,2792.91,1221.98,1898.73,3949.09,1941.41,51066.54,4,51066.54,10213.31,12766.64
1073,871,11,52,2023-06-01,2023-07-25,2023-07-30,Monsoon,Net Banking,6789.0,2819.29,3879.34,6051.19,2190.39,986.6,20742.61,5,20742.61,4148.52,4148.52
1074,611,87,138,2022-12-02,2023-01-20,2023-01-26,Winter,Credit Card,10460.1,14161.79,7004.78,12469.6,6480.07,442.69,50133.65,6,50133.65,10026.73,8355.61
1075,228,41,196,2023-02-25,2023-03-26,2023-03-31,Summer,Credit Card,45777.3,3221.86,3148.46,5535.45,2463.07,2354.63,57791.51,5,57791.51,11558.3,11558.3
1076,820,205,170,2023-01-20,2023-03-04,2023-03-11,Summer,Net Banking,12281.36,7679.32,9953.56,15974.41,5705.65,292.79,51301.51,7,51301.51,10260.3,7328.79
1077,19,161,135,2024-05-17,2024-05-22,2024-05-27,Summer,Net Banking,14029.3,19279.59,4906.87,5570.32,4361.73,1469.34,46678.47,5,46678.47,9335.69,9335.69
1078,809,30,95,2023-11-04,2023-11-21,2023-11-23,Autumn,Net Banking,17752.24,3252.15,2157.1,7458.98,3380.06,1523.93,32476.6,2,32476.6,6495.32,16238.3
1079,747,125,133,2024-06-20,2024-07-26,2024-07-31,Monsoon,Net Banking,5419.2,3492.03,2629.78,2481.97,2960.93,468.4,16515.51,5,16515.51,3303.1,3303.1
1080,945,2,189,2023-03-14,2023-05-05,2023-05-10,Summer,Credit Card,23488.0,8048.97,2204.83,1297.4,2201.57,1957.22,35283.55,5,35283.55,7056.71,7056.71
1081,460,4,123,2024-04-17,2024-05-17,2024-05-19,Summer,UPI,6086.28,7568.76,2414.67,4730.08,3773.59,217.92,24355.46,2,24355.46,4871.09,12177.73
1082,850,5,78,2023-04-16,2023-05-24,2023-05-31,Summer,Credit Card,8712.48,20586.57,5431.48,16748.39,5366.91,768.14,56077.69,7,56077.69,11215.54,8011.1
1083,12,441,80,2023-05-07,2023-05-19,2023-05-22,Summer,Credit Card,4593.33,10249.45,3898.06,576.25,3553.86,16.06,22854.89,3,22854.89,4570.98,7618.3
1084,269,174,141,2023-01-22,2023-02-25,2023-03-01,Winter,Cash,43761.24,4804.95,3389.82,2312.65,892.4,4261.91,50899.15,4,50899.15,10179.83,12724.79
1085,192,497,67,2023-05-01,2023-06-20,2023-06-26,Monsoon,Net Banking,71976.9,3386.98,4452.16,4634.69,3710.31,10229.96,77931.08,6,77931.08,15586.22,12988.51
1086,957,152,128,2024-07-04,2024-07-26,2024-08-02,Monsoon,Cash,15707.44,26988.2,2350.76,5716.6,4897.86,1425.39,54235.47,7,54235.47,10847.09,7747.92
1087,711,147,16,2023-12-07,2023-12-17,2023-12-19,Winter,Cash,13962.66,2097.74,6488.48,14367.33,5166.7,728.56,41354.35,2,41354.35,8270.87,20677.18
1088,359,272,11,2024-04-29,2024-05-25,2024-05-30,Summer,Net Banking,12601.35,6618.15,3008.69,14295.64,3237.27,233.15,39527.95,5,39527.95,7905.59,7905.59
1089,632,254,127,2024-01-08,2024-01-13,2024-01-16,Winter,Net Banking,29455.05,1961.47,2680.0,1395.4,2396.16,134.68,37753.4,3,37753.4,7550.68,12584.47
1090,11,152,128,2023-05-25,2023-06-25,2023-06-30,Monsoon,Credit Card,11219.6,6269.6,4343.9,17897.49,3205.63,614.55,42321.67,5,42321.67,8464.33,8464.33
1091,73,192,177,2023-10-01,2023-11-03,2023-11-06,Autumn,Credit Card,17050.02,3404.22,4235.85,3160.33,688.89,1346.68,27192.63,3,27192.63,5438.53,9064.21
1092,586,32,78,2023-04-15,2023-05-09,2023-05-11,Summer,Debit Card,4786.34,1735.88,2305.59,4423.38,1428.72,509.5,14170.41,2,14170.41,2834.08,7085.2
1093,992,136,89,2024-08-27,2024-09-07,2024-09-14,Autumn,UPI,16916.76,38848.19,17820.2,16831.38,2485.62,1833.82,91068.33,7,91068.33,18213.67,13009.76
1094,127,294,119,2023-10-10,2023-11-25,2023-12-01,Autumn,Cash,11651.16,14010.58,4930.04,13384.7,2792.17,1255.71,45512.94,6,45512.94,9102.59,7585.49
1095,595,110,95,2024-04-25,2024-06-04,2024-06-07,Monsoon,Debit Card,38203.8,5464.98,3853.93,4948.96,2695.2,3206.63,51960.24,3,51960.24,10392.05,17320.08
1096,406,281,43,2024-11-18,2024-12-22,2024-12-24,Winter,Debit Card,3412.9,3911.71,4975.28,6940.65,3466.48,410.21,22296.81,2,22296.81,4459.36,11148.4
1097,91,278,158,2023-04-10,2023-05-26,2023-05-28,Summer,Cash,23651.02,5604.57,3967.68,12955.71,7959.75,769.89,53368.84,2,53368.84,10673.77,26684.42
1098,871,419,39,2024-02-12,2024-04-07,2024-04-14,Summer,Debit Card,18289.53,5708.5,4993.17,4048.73,1406.77,510.4,33936.3,7,33936.3,6787.26,4848.04
1099,575,472,158,2023-04-10,2023-04-25,2023-04-30,Summer,Net Banking,8186.3,5320.47,4437.86,6527.41,1404.01,539.43,25336.62,5,25336.62,5067.32,5067.32
1100,941,122,138,2023-10-18,2023-12-08,2023-12-14,Winter,UPI,19444.08,15957.63,2136.49,4289.37,2048.87,1677.73,42198.71,6,42198.71,8439.74,7033.12
1101,258,353,98,2023-10-31,2023-12-14,2023-12-17,Winter,Debit Card,5525.16,8865.28,3061.35,5020.21,1771.29,796.89,23446.4,3,23446.4,4689.28,7815.47
1102,507,338,18,2023-01-15,2023-01-20,2023-01-27,Winter,Net Banking,85829.73,25126.9,8223.58,3027.73,12418.54,8883.94,125742.54,7,125742.54,25148.51,17963.22
1103,130,460,42,2024-04-09,2024-05-11,2024-05-17,Summer,Cash,55174.92,30963.68,6505.05,34538.34,3366.4,31.29,130517.1,6,130517.1,26103.42,21752.85
1104,853,202,3,2023-05-20,2023-07-07,2023-07-10,Monsoon,Debit Card,13213.71,4980.56,2729.98,6254.17,3226.79,1810.83,28594.38,3,28594.38,5718.88,9531.46
1105,505,231,128,2023-05-29,2023-06-07,2023-06-12,Monsoon,Cash,26630.0,7748.83,1135.08,3984.26,3750.03,2916.44,40331.76,5,40331.76,8066.35,8066.35
1106,29,474,107,2023-08-28,2023-10-07,2023-10-11,Autumn,Credit Card,16966.64,3428.24,4190.28,3350.58,1596.17,1587.84,27944.07,4,27944.07,5588.81,6986.02
1107,816,156,136,2024-01-12,2024-03-03,2024-03-05,Summer,Net Banking,11791.84,3373.26,2190.04,536.46,3642.32,478.01,21055.91,2,21055.91,4211.18,10527.96
1108,692,332,42,2024-10-04,2024-11-26,2024-11-30,Autumn,Cash,20869.92,3002.03,2813.77,1377.2,2492.11,7.58,30547.45,4,30547.45,6109.49,7636.86
1109,949,221,194,2023-10-20,2023-10-27,2023-10-30,Autumn,Net Banking,35302.44,4246.37,5460.17,17678.01,4896.04,4203.78,63379.25,3,63379.25,12675.85,21126.42
1110,967,207,77,2024-08-24,2024-10-14,2024-10-16,Autumn,UPI,11197.5,5442.06,4138.13,11900.25,5519.82,350.82,37846.94,2,37846.94,7569.39,18923.47
1111,536,474,107,2024-02-12,2024-03-24,2024-03-30,Summer,UPI,25449.96,10579.02,3392.63,773.87,2595.6,2695.4,40095.68,6,40095.68,8019.14,6682.61
1112,438,18,101,2024-09-02,2024-09-27,2024-09-29,Autumn,UPI,4438.4,5583.29,8403.49,4150.74,6764.82,516.02,28824.72,2,28824.72,5764.94,14412.36
1113,447,152,128,2023-05-05,2023-05-24,2023-05-30,Summer,UPI,13463.52,39739.3,5060.58,3630.39,10854.37,1182.89,71565.27,6,71565.27,14313.05,11927.54
1114,957,451,191,2023-05-23,2023-07-22,2023-07-24,Monsoon,UPI,3780.74,5695.51,6499.08,6788.68,2760.34,2.32,25522.03,2,25522.03,5104.41,12761.02
1115,75,94,23,2024-11-05,2024-12-24,2024-12-27,Winter,Debit Card,8518.53,10067.91,7679.67,17499.04,5330.15,388.68,48706.62,3,48706.62,9741.32,16235.54
1116,510,154,183,2023-04-11,2023-05-11,2023-05-18,Summer,Net Banking,23632.98,11338.49,3784.33,642.14,2296.87,1776.68,39918.13,7,39918.13,7983.63,5702.59
1117,145,466,28,2023-11-07,2023-12-15,2023-12-22,Winter,Cash,32818.52,20627.56,2462.47,13145.29,7807.72,1428.21,75433.35,7,75433.35,15086.67,10776.19
1118,398,268,144,2023-01-07,2023-01-24,2023-01-31,Winter,UPI,33402.18,9543.11,2480.31,3059.47,3116.58,2880.71,48720.94,7,48720.94,9744.19,6960.13
1119,550,498,117,2024-11-07,2024-11-13,2024-11-20,Autumn,UPI,17160.85,8910.8,3746.79,6235.32,2485.79,2051.01,36488.54,7,36488.54,7297.71,5212.65
1120,198,453,100,2023-07-04,2023-09-01,2023-09-07,Autumn,Net Banking,6736.5,8774.98,5159.77,2386.6,6875.87,59.98,29873.74,6,29873.74,5974.75,4978.96
1121,902,73,174,2024-05-31,2024-06-13,2024-06-15,Monsoon,Credit Card,4883.44,4512.17,4850.63,6373.12,4147.33,371.07,24395.62,2,24395.62,4879.12,12197.81
1122,974,143,116,2024-04-16,2024-05-11,2024-05-15,Summer,Net Banking,9446.72,4112.39,4964.79,1721.48,2145.91,389.11,22002.18,4,22002.18,4400.44,5500.54
1123,8,27,82,2024-04-03,2024-05-11,2024-05-16,Summer,Cash,6549.05,16053.79,3896.43,1034.82,1349.13,375.86,28507.36,5,28507.36,5701.47,5701.47
1124,262,167,47,2022-12-11,2023-02-09,2023-02-13,Winter,UPI,4702.08,2412.27,3049.17,6116.22,3765.34,3.48,20041.6,4,20041.6,4008.32,5010.4
1125,821,435,64,2023-09-16,2023-10-17,2023-10-23,Autumn,Net Banking,59395.98,3152.9,4102.13,8364.97,3372.04,7726.79,70661.23,6,70661.23,14132.25,11776.87
1126,748,33,63,2023-05-28,2023-06-14,2023-06-16,Monsoon,Cash,2948.54,1894.9,4746.44,1538.83,1242.56,284.38,12086.89,2,12086.89,2417.38,6043.44
1127,63,89,144,2024-01-16,2024-01-24,2024-01-30,Winter,Cash,11783.88,17321.33,3408.04,17696.15,5794.21,491.35,55512.26,6,55512.26,11102.45,9252.04
1128,71,109,178,2023-02-24,2023-04-19,2023-04-24,Summer,Credit Card,72560.95,8677.54,2902.52,4847.91,3456.22,8938.81,83506.33,5,83506.33,16701.27,16701.27
1129,590,450,110,2024-05-28,2024-06-11,2024-06-17,Monsoon,UPI,29647.98,3985.64,2450.31,6093.93,2343.19,1328.93,43192.12,6,43192.12,8638.42,7198.69
1130,937,22,63,2024-05-02,2024-06-25,2024-06-30,Monsoon,Net Banking,5991.9,4743.66,3037.76,9836.7,2505.63,447.83,25667.82,5,25667.82,5133.56,5133.56
1131,655,489,83,2024-03-16,2024-03-22,2024-03-26,Summer,Cash,16516.4,12546.58,7281.13,812.83,5044.52,1070.75,41130.71,4,41130.71,8226.14,10282.68
1132,173,368,141,2024-06-20,2024-08-05,2024-08-07,Monsoon,Debit Card,33815.42,3908.34,2415.1,5304.46,3912.35,709.68,48645.99,2,48645.99,9729.2,24323.0
1133,534,144,179,2023-09-28,2023-10-15,2023-10-19,Autumn,Debit Card,4208.6,2245.21,1385.48,7441.02,2827.46,297.44,17810.33,4,17810.33,3562.07,4452.58
1134,546,224,88,2024-03-18,2024-05-04,2024-05-08,Summer,Credit Card,8300.8,5080.91,2701.44,2673.05,3681.69,650.8,21787.09,4,21787.09,4357.42,5446.77
1135,163,104,32,2022-12-15,2023-01-27,2023-01-31,Winter,Cash,38260.72,13036.95,6813.59,14507.66,2641.66,3274.46,71986.12,4,71986.12,14397.22,17996.53
1136,163,126,188,2023-10-05,2023-11-06,2023-11-08,Autumn,UPI,16700.22,5701.89,4512.56,11208.79,2663.69,1150.43,39636.72,2,39636.72,7927.34,19818.36
1137,859,247,193,2023-03-06,2023-05-04,2023-05-09,Summer,Debit Card,29402.9,7748.45,2535.8,1817.93,2566.24,2898.55,41172.77,5,41172.77,8234.55,8234.55
1138,658,469,35,2024-05-08,2024-07-03,2024-07-09,Monsoon,Credit Card,81579.24,14437.3,6005.22,5898.02,2026.77,4668.19,105278.36,6,105278.36,21055.67,17546.39
1139,371,421,87,2024-03-31,2024-05-14,2024-05-20,Summer,Cash,103911.54,37885.61,17043.32,33402.64,4768.14,7172.52,189838.73,6,189838.73,37967.75,31639.79
1140,148,113,36,2023-06-01,2023-07-15,2023-07-21,Monsoon,Cash,8385.66,3242.77,1606.02,1712.63,2150.34,1040.9,16056.52,6,16056.52,3211.3,2676.09
1141,58,19,173,2024-05-15,2024-07-11,2024-07-15,Monsoon,Cash,5779.08,5766.12,2792.08,6710.99,2432.66,702.09,22778.84,4,22778.84,4555.77,5694.71
1142,458,298,112,2024-03-19,2024-05-03,2024-05-08,Summer,Net Banking,23591.6,22402.79,8119.79,21360.54,2775.16,2896.61,75353.27,5,75353.27,15070.65,15070.65
1143,886,279,99,2023-06-24,2023-07-27,2023-08-03,Monsoon,Debit Card,14691.74,8359.07,1265.24,5831.86,1621.42,1327.83,30441.5,7,30441.5,6088.3,4348.79
1144,572,298,112,2024-04-06,2024-05-06,2024-05-12,Summer,Debit Card,28309.92,7549.75,3201.98,4432.94,1218.77,97.05,44616.31,6,44616.31,8923.26,7436.05
1145,160,492,19,2024-01-03,2024-01-13,2024-01-16,Winter,Debit Card,11323.77,4171.55,3725.04,1804.07,3774.79,1335.67,23463.55,3,23463.55,4692.71,7821.18
1146,618,15,18,2024-08-14,2024-08-24,2024-08-30,Monsoon,Cash,7728.3,3897.91,4713.59,6470.41,2390.07,746.06,24454.22,6,24454.22,4890.84,4075.7
1147,868,336,179,2023-09-24,2023-11-17,2023-11-20,Autumn,Credit Card,10316.88,8839.7,5907.63,18308.17,3716.17,1176.78,45911.77,3,45911.77,9182.35,15303.92
1148,989,306,195,2022-11-29,2023-01-02,2023-01-08,Winter,Debit Card,20866.44,4975.01,4117.34,5894.8,1003.92,1731.75,35125.76,6,35125.76,7025.15,5854.29
1149,915,119,151,2024-04-28,2024-05-22,2024-05-28,Summer,Net Banking,52062.36,11291.88,1970.44,3161.83,1972.53,2560.72,67898.32,6,67898.32,13579.66,11316.39
1150,524,315,15,2023-05-12,2023-06-07,2023-06-11,Monsoon,Net Banking,23331.8,2079.62,2947.35,2361.26,855.46,597.79,30977.7,4,30977.7,6195.54,7744.42
1151,825,337,71,2023-09-09,2023-10-04,2023-10-08,Autumn,UPI,5957.08,5792.75,3725.38,7676.32,2039.92,808.73,24382.72,4,24382.72,4876.54,6095.68
1152,367,66,82,2024-07-08,2024-08-20,2024-08-27,Monsoon,Debit Card,41097.35,17848.14,7687.27,5603.13,1312.99,2266.38,71282.5,7,71282.5,14256.5,10183.21
1153,522,276,104,2023-05-01,2023-05-10,2023-05-14,Summer,Net Banking,77106.76,13870.52,6490.09,12628.09,5641.02,10828.21,104908.27,4,104908.27,20981.65,26227.07
1154,664,407,130,2023-03-08,2023-04-07,2023-04-13,Summer,Net Banking,35962.38,7244.06,6320.05,7083.79,6786.68,2879.59,60517.37,6,60517.37,12103.47,10086.23
1155,77,381,184,2023-12-26,2024-01-28,2024-02-03,Winter,Net Banking,14164.74,7839.54,4494.84,1421.24,2735.83,642.84,30013.35,6,30013.35,6002.67,5002.22
1156,797,322,199,2024-01-25,2024-02-17,2024-02-21,Winter,Net Banking,6060.64,15715.92,6596.04,5868.89,7404.86,899.71,40746.64,4,40746.64,8149.33,10186.66
1157,840,396,188,2024-02-13,2024-04-10,2024-04-12,Summer,Credit Card,10854.64,2296.02,4750.53,6131.56,2179.18,1234.8,24977.13,2,24977.13,4995.43,12488.56
1158,519,339,71,2023-03-31,2023-05-12,2023-05-17,Summer,UPI,28594.3,5897.55,4667.99,6014.2,2961.55,631.8,47503.79,5,47503.79,9500.76,9500.76
1159,450,120,74,2023-12-26,2024-02-18,2024-02-25,Winter,Debit Card,10640.56,10962.04,1546.82,8298.66,1659.99,587.82,32520.25,7,32520.25,6504.05,4645.75
1160,723,339,71,2023-05-08,2023-05-27,2023-05-30,Summer,Debit Card,17156.58,5130.7,4506.59,17867.97,3248.94,1415.39,46495.39,3,46495.39,9299.08,15498.46
1161,642,379,35,2023-04-17,2023-05-19,2023-05-24,Summer,Credit Card,22354.6,19201.01,9283.06,5997.82,6562.96,2838.67,60560.78,5,60560.78,12112.16,12112.16
1162,727,131,58,2023-01-19,2023-03-12,2023-03-19,Summer,Cash,21595.21,7245.73,2133.74,823.31,2694.89,867.27,33625.61,7,33625.61,6725.12,4803.66
1163,955,473,50,2023-11-05,2023-11-14,2023-11-19,Autumn,Credit Card,93164.15,10050.05,9586.44,17951.2,1538.46,9284.8,123005.5,5,123005.5,24601.1,24601.1
1164,415,290,96,2024-05-16,2024-06-04,2024-06-08,Monsoon,UPI,9148.4,21621.16,9167.1,32016.93,10685.94,350.13,82289.4,4,82289.4,16457.88,20572.35
1165,576,105,34,2024-09-04,2024-09-10,2024-09-17,Autumn,Debit Card,96209.61,17479.19,6976.55,2256.75,3451.93,9588.8,116785.23,7,116785.23,23357.05,16683.6
1166,248,498,117,2023-03-12,2023-03-26,2023-03-31,Summer,UPI,12257.75,19538.67,7992.81,11502.76,5520.67,706.91,56105.75,5,56105.75,11221.15,11221.15
1167,839,96,90,2023-01-16,2023-02-14,2023-02-19,Winter,Net Banking,5431.2,12324.09,14346.07,35638.12,7014.67,776.02,73978.13,5,73978.13,14795.63,14795.63
1168,2,72,28,2024-11-16,2024-12-08,2024-12-11,Winter,Credit Card,3248.34,4209.85,8792.24,2560.12,5760.35,476.94,24093.96,3,24093.96,4818.79,8031.32
1169,276,315,15,2023-06-15,2023-07-03,2023-07-10,Monsoon,Net Banking,40830.65,13705.47,3214.91,8911.03,2208.78,3780.08,65090.76,7,65090.76,13018.15,9298.68
1170,17,49,136,2024-10-11,2024-10-20,2024-10-24,Autumn,Debit Card,56050.92,5813.99,2104.31,4036.05,1460.22,226.18,69239.31,4,69239.31,13847.86,17309.83
1171,169,109,178,2024-01-29,2024-03-03,2024-03-07,Summer,Net Banking,58048.76,7447.79,2737.12,3071.7,3539.94,3281.74,71563.57,4,71563.57,14312.71,17890.89
1172,54,57,22,2023-04-24,2023-06-16,2023-06-19,Monsoon,Net Banking,14875.86,4963.67,6540.89,15645.9,3496.93,2018.5,43504.75,3,43504.75,8700.95,14501.58
1173,391,458,163,2024-08-31,2024-10-12,2024-10-15,Autumn,Debit Card,14722.5,7373.71,5509.37,17016.16,2838.96,204.68,47256.02,3,47256.02,9451.2,15752.01
1174,623,24,198,2023-12-16,2024-01-01,2024-01-08,Winter,UPI,9191.0,12787.9,7045.97,17617.86,6139.98,1077.82,51704.89,7,51704.89,10340.98,7386.41
1175,278,400,169,2024-03-19,2024-04-18,2024-04-23,Summer,Debit Card,15118.75,3854.26,4642.42,2286.94,502.78,1063.2,25341.95,5,25341.95,5068.39,5068.39
1176,247,490,39,2024-04-20,2024-05-12,2024-05-17,Summer,Credit Card,29165.95,5303.44,2928.81,5802.6,1192.91,1564.45,42829.26,5,42829.26,8565.85,8565.85
1177,118,134,75,2024-06-09,2024-07-17,2024-07-22,Monsoon,Cash,6061.95,17358.49,3709.25,2680.26,5817.43,263.25,35364.13,5,35364.13,7072.83,7072.83
1178,598,165,158,2024-03-31,2024-05-16,2024-05-21,Summer,Net Banking,10922.85,11558.48,6398.2,25141.14,11935.33,822.57,65133.43,5,65133.43,13026.69,13026.69
1179,62,52,77,2024-06-28,2024-07-08,2024-07-12,Monsoon,Debit Card,21354.4,5493.78,2298.29,9383.19,1375.6,1387.4,38517.86,4,38517.86,7703.57,9629.46
1180,548,212,186,2023-03-21,2023-03-26,2023-03-31,Summer,Cash,72346.15,6164.24,5648.86,906.75,5699.72,6846.06,83919.66,5,83919.66,16783.93,16783.93
1181,328,217,37,2024-04-21,2024-05-25,2024-05-27,Summer,Net Banking,10231.52,2926.94,3606.79,23.0,3523.04,1261.5,19049.79,2,19049.79,3809.96,9524.9
1182,673,102,55,2023-02-19,2023-03-12,2023-03-15,Summer,Debit Card,10053.06,1555.07,1132.96,1846.86,689.8,1446.04,13831.71,3,13831.71,2766.34,4610.57
1183,443,448,196,2024-05-17,2024-05-23,2024-05-30,Summer,UPI,8248.38,23603.19,2794.36,5189.52,1502.13,357.91,40979.67,7,40979.67,8195.93,5854.24
1184,158,14,1,2024-08-22,2024-09-02,2024-09-06,Autumn,Credit Card,3507.96,6365.82,7117.45,10195.02,1020.29,517.3,27689.24,4,27689.24,5537.85,6922.31
1185,412,218,81,2023-10-07,2023-11-28,2023-12-04,Autumn,Debit Card,7590.0,7485.34,7940.74,5001.76,1098.5,363.77,28752.57,6,28752.57,5750.51,4792.1
1186,890,301,130,2023-01-05,2023-02-02,2023-02-07,Winter,Debit Card,8920.65,13342.7,2488.36,11938.59,4767.88,62.03,41396.15,5,41396.15,8279.23,8279.23
1187,78,59,143,2024-09-24,2024-10-18,2024-10-21,Autumn,Debit Card,2857.05,8182.88,3539.54,12834.85,3545.32,221.57,30738.07,3,30738.07,6147.61,10246.02
1188,979,499,197,2023-01-17,2023-02-06,2023-02-13,Winter,Cash,28222.6,6168.71,4329.62,4117.2,1491.58,534.42,43795.29,7,43795.29,8759.06,6256.47
1189,312,96,90,2024-05-30,2024-07-25,2024-07-29,Monsoon,Cash,4344.96,8381.36,7509.97,3118.73,4576.99,280.28,27651.73,4,27651.73,5530.35,6912.93
1190,198,138,24,2023-03-29,2023-05-24,2023-05-30,Summer,UPI,90131.82,10455.31,8002.83,12733.15,4314.87,12234.19,113403.79,6,113403.79,22680.76,18900.63
1191,841,125,133,2024-02-22,2024-04-06,2024-04-11,Summer,Debit Card,5419.2,9308.85,7810.84,1658.07,5236.65,810.67,28622.94,5,28622.94,5724.59,5724.59
1192,983,207,77,2024-03-21,2024-05-19,2024-05-21,Summer,UPI,11197.5,4927.55,9177.8,19208.82,3588.12,413.67,47686.12,2,47686.12,9537.22,23843.06
1193,655,262,162,2023-12-21,2024-01-14,2024-01-16,Winter,UPI,9715.08,4352.76,8946.86,3945.16,3447.21,847.55,29559.52,2,29559.52,5911.9,14779.76
1194,380,82,148,2024-07-03,2024-07-25,2024-07-30,Monsoon,Net Banking,55891.6,7897.59,3667.69,3380.64,2464.18,5858.07,67443.63,5,67443.63,13488.73,13488.73
1195,717,475,177,2024-06-04,2024-06-24,2024-06-27,Monsoon,UPI,9693.27,2411.47,4643.13,7549.78,1858.9,1343.17,24813.38,3,24813.38,4962.68,8271.13
1196,155,153,165,2024-01-19,2024-02-03,2024-02-10,Winter,Net Banking,79152.78,12565.82,3791.37,4183.48,1187.81,7424.09,93457.17,7,93457.17,18691.43,13351.02
1197,954,115,7,2023-03-30,2023-04-22,2023-04-27,Summer,Cash,35272.3,17870.14,14386.79,8868.64,9079.66,2184.9,83292.63,5,83292.63,16658.53,16658.53
1198,104,202,3,2023-05-30,2023-07-10,2023-07-15,Monsoon,Cash,22022.85,7291.87,3463.64,7520.51,3156.21,2600.88,40854.2,5,40854.2,8170.84,8170.84
1199,80,213,91,2023-01-16,2023-02-22,2023-02-24,Winter,Credit Card,7363.78,2180.95,4126.45,6557.79,2931.23,97.63,23062.57,2,23062.57,4612.51,11531.28
1200,251,12,184,2023-11-03,2023-11-16,2023-11-21,Autumn,Credit Card,7786.6,10865.66,2995.53,14941.76,925.62,111.45,37403.72,5,37403.72,7480.74,7480.74
1201,550,315,15,2024-04-29,2024-06-18,2024-06-20,Monsoon,Cash,11665.9,3688.71,2546.39,2750.98,1228.02,230.66,21649.34,2,21649.34,4329.87,10824.67
1202,126,147,16,2023-03-26,2023-05-19,2023-05-23,Summer,Net Banking,27925.32,7886.09,4127.87,5003.48,1808.14,2421.76,44329.14,4,44329.14,8865.83,11082.28
1203,852,325,154,2023-12-21,2024-02-12,2024-02-17,Winter,Debit Card,34451.05,9378.71,1765.02,1088.85,985.43,4809.79,42859.27,5,42859.27,8571.85,8571.85
1204,882,413,40,2024-07-14,2024-08-01,2024-08-06,Monsoon,Cash,53269.1,4466.98,4385.92,799.24,2837.19,1450.43,64308.0,5,64308.0,12861.6,12861.6
1205,424,360,25,2024-09-15,2024-10-19,2024-10-21,Autumn,Cash,6887.7,8027.98,17849.87,920.69,10392.29,568.96,43509.57,2,43509.57,8701.91,21754.78
1206,224,169,182,2023-01-22,2023-02-02,2023-02-07,Winter,Credit Card,7796.35,3773.56,4141.07,5712.19,897.56,907.58,21413.15,5,21413.15,4282.63,4282.63
1207,253,291,153,2023-06-02,2023-07-25,2023-07-27,Monsoon,Debit Card,6437.52,3022.68,3759.66,4894.14,3900.3,643.0,21371.3,2,21371.3,4274.26,10685.65
1208,854,247,193,2023-06-30,2023-07-22,2023-07-28,Monsoon,Credit Card,35283.48,9959.44,7743.78,9818.92,5255.54,468.98,67592.18,6,67592.18,13518.44,11265.36
1209,64,489,83,2023-12-04,2024-01-16,2024-01-19,Winter,Credit Card,12387.3,1832.61,2004.18,5444.04,863.05,19.36,22511.82,3,22511.82,4502.36,7503.94
1210,290,297,146,2023-07-19,2023-07-25,2023-07-27,Monsoon,UPI,5349.12,5343.25,8443.45,16085.38,1143.51,424.96,35939.75,2,35939.75,7187.95,17969.88
1211,851,452,116,2024-05-05,2024-06-04,2024-06-10,Monsoon,Credit Card,24448.86,17517.43,2320.95,11175.2,1149.2,1070.78,55540.86,6,55540.86,11108.17,9256.81
1212,125,489,83,2023-10-03,2023-11-09,2023-11-16,Autumn,UPI,28903.7,6674.82,2044.53,1559.36,709.7,1384.13,38507.98,7,38507.98,7701.6,5501.14
1213,77,218,81,2023-12-03,2024-01-19,2024-01-21,Winter,Net Banking,2530.0,3512.0,4712.57,996.89,3722.73,145.03,15329.16,2,15329.16,3065.83,7664.58
1214,82,166,33,2023-09-09,2023-10-28,2023-10-30,Autumn,Net Banking,7132.82,1348.02,4507.62,7826.91,842.16,729.52,20928.01,2,20928.01,4185.6,10464.0
1215,949,434,137,2023-07-07,2023-08-10,2023-08-17,Monsoon,Credit Card,171048.15,9353.71,8516.54,10001.62,5027.79,7423.36,196524.45,7,196524.45,39304.89,28074.92
1216,123,68,7,2024-10-14,2024-11-28,2024-12-02,Autumn,UPI,6181.48,5076.55,5288.97,12549.61,5767.42,563.35,34300.68,4,34300.68,6860.14,8575.17
1217,994,224,88,2024-05-18,2024-06-16,2024-06-20,Monsoon,Net Banking,8300.8,6250.27,2573.98,11082.15,7747.89,46.7,35908.39,4,35908.39,7181.68,8977.1
1218,653,256,173,2023-04-23,2023-05-22,2023-05-24,Summer,Cash,3155.12,3996.27,1677.28,6414.15,916.4,134.39,16024.83,2,16024.83,3204.97,8012.42
1219,50,39,190,2023-08-24,2023-09-11,2023-09-15,Autumn,Credit Card,10708.24,4465.79,3653.84,9658.12,1149.41,106.7,29528.7,4,29528.7,5905.74,7382.18
1220,562,130,46,2024-10-12,2024-11-06,2024-11-09,Autumn,Net Banking,31585.95,4828.17,4573.68,20.17,2715.49,1340.8,42382.66,3,42382.66,8476.53,14127.55
1221,738,415,186,2023-12-11,2024-01-19,2024-01-25,Winter,Cash,23718.66,10966.51,6205.69,18196.44,3981.43,2150.72,60918.01,6,60918.01,12183.6,10153.0
1222,519,292,55,2023-11-26,2023-12-02,2023-12-06,Winter,Credit Card,10279.28,5545.08,3514.67,7304.69,2014.4,536.38,28121.74,4,28121.74,5624.35,7030.44
1223,680,470,157,2024-03-19,2024-05-12,2024-05-18,Summer,UPI,148693.32,39523.01,15865.02,6632.33,9840.71,1927.56,218626.83,6,218626.83,43725.37,36437.8
1224,160,200,73,2024-05-16,2024-06-13,2024-06-15,Monsoon,UPI,45029.92,2148.34,1031.98,225.55,649.92,1986.23,47099.48,2,47099.48,9419.9,23549.74
1225,670,472,158,2023-03-05,2023-05-01,2023-05-06,Summer,Cash,8186.3,13251.81,8719.33,15500.63,2542.27,966.95,47233.39,5,47233.39,9446.68,9446.68
1226,525,228,114,2023-06-26,2023-07-01,2023-07-08,Monsoon,Net Banking,27283.13,15592.74,6796.04,13446.32,7917.93,3291.19,67744.97,7,67744.97,13548.99,9677.85
1227,103,249,115,2022-12-28,2023-02-01,2023-02-06,Winter,Debit Card,12052.85,14188.7,13969.66,4381.73,12764.29,1192.51,56164.72,5,56164.72,11232.94,11232.94
1228,144,118,108,2023-03-21,2023-04-06,2023-04-12,Summer,Debit Card,30305.4,5555.18,3144.2,4710.42,3532.15,2391.14,44856.21,6,44856.21,8971.24,7476.04
1229,367,311,36,2024-06-27,2024-07-02,2024-07-06,Monsoon,Credit Card,16232.68,4468.16,8010.47,5359.53,5237.38,282.02,39026.2,4,39026.2,7805.24,9756.55
1230,382,456,140,2023-09-11,2023-10-08,2023-10-15,Autumn,Credit Card,109655.42,12173.45,4782.77,3144.19,1615.4,12825.88,118545.35,7,118545.35,23709.07,16935.05
1231,454,475,177,2023-04-22,2023-04-27,2023-05-02,Summer,UPI,16155.45,3382.45,3800.84,6649.05,3847.76,1348.64,32486.91,5,32486.91,6497.38,6497.38
1232,42,307,100,2023-09-18,2023-10-01,2023-10-07,Autumn,Credit Card,12957.72,19194.09,1970.85,5401.83,4818.98,1768.79,42574.68,6,42574.68,8514.94,7095.78
1233,730,483,56,2024-02-19,2024-04-03,2024-04-07,Summer,Debit Card,5744.68,13439.72,6084.31,18127.8,7508.84,226.31,50679.04,4,50679.04,10135.81,12669.76
1234,481,285,100,2024-03-20,2024-05-10,2024-05-17,Summer,Debit Card,22859.34,16706.39,3062.06,11548.07,5147.05,3176.32,56146.59,7,56146.59,11229.32,8020.94
1235,229,12,184,2024-08-07,2024-09-16,2024-09-23,Autumn,Credit Card,10901.24,10573.73,1909.38,5583.11,3205.88,1091.71,31081.63,7,31081.63,6216.33,4440.23
1236,100,114,71,2024-07-20,2024-08-09,2024-08-16,Monsoon,Net Banking,12751.9,9760.74,1054.96,8143.21,2433.92,1832.11,32312.62,7,32312.62,6462.52,4616.09
1237,937,253,91,2024-08-30,2024-10-23,2024-10-25,Autumn,Cash,20953.82,3278.68,1746.29,8947.93,502.32,1317.27,34111.77,2,34111.77,6822.35,17055.88
1238,988,221,194,2023-06-29,2023-07-23,2023-07-27,Monsoon,Debit Card,47069.92,5118.93,4204.01,4291.51,1820.42,5139.24,57365.55,4,57365.55,11473.11,14341.39
1239,398,170,90,2023-05-06,2023-06-08,2023-06-12,Monsoon,UPI,8770.36,4664.31,1172.93,3990.73,1003.66,545.13,19056.86,4,19056.86,3811.37,4764.22
1240,949,115,7,2023-04-29,2023-06-10,2023-06-16,Monsoon,Credit Card,42326.76,7668.22,3383.65,368.92,2666.22,3040.61,53373.16,6,53373.16,10674.63,8895.53
1241,409,316,185,2024-06-18,2024-07-10,2024-07-14,Monsoon,Net Banking,9641.32,6643.23,2995.59,9093.98,1630.88,1267.5,28737.5,4,28737.5,5747.5,7184.38
1242,10,273,120,2023-02-15,2023-04-08,2023-04-11,Summer,UPI,3183.9,4566.98,4411.85,95.35,1223.37,38.21,13443.24,3,13443.24,2688.65,4481.08
1243,727,65,153,2024-04-21,2024-05-11,2024-05-16,Summer,Cash,120518.7,3310.09,3138.31,3153.25,1486.26,17294.82,114311.79,5,114311.79,22862.36,22862.36
1244,951,15,18,2024-03-24,2024-05-19,2024-05-24,Summer,Credit Card,6440.25,7432.27,3316.34,9043.57,2674.13,736.98,28169.58,5,28169.58,5633.92,5633.92
1245,227,337,71,2024-03-10,2024-04-22,2024-04-26,Summer,UPI,5957.08,5557.86,3400.14,1486.2,4932.23,823.53,20509.98,4,20509.98,4102.0,5127.5
1246,143,269,176,2023-03-03,2023-03-09,2023-03-12,Summer,Cash,6155.58,3457.88,1735.28,8817.46,2660.33,83.7,22742.83,3,22742.83,4548.57,7580.94
1247,162,51,5,2023-11-07,2023-11-20,2023-11-23,Autumn,Credit Card,6236.49,2859.16,2629.08,5415.74,3191.85,846.76,19485.56,3,19485.56,3897.11,6495.19
1248,368,351,135,2023-04-14,2023-05-13,2023-05-19,Summer,Debit Card,5132.16,26184.79,17863.46,178.35,4588.26,97.15,53849.87,6,53849.87,10769.97,8974.98
1249,364,385,51,2022-11-07,2023-01-04,2023-01-07,Winter,Cash,12253.68,3970.82,2125.14,9569.5,6807.01,658.56,34067.59,3,34067.59,6813.52,11355.86
1250,190,78,82,2022-12-11,2023-01-22,2023-01-24,Winter,Credit Card,16767.9,4912.85,6429.51,3809.64,4799.67,1230.95,35488.62,2,35488.62,7097.72,17744.31
1251,499,44,179,2023-07-18,2023-09-02,2023-09-04,Autumn,Debit Card,1963.86,6252.4,7184.25,8605.74,3637.48,54.26,27589.47,2,27589.47,5517.89,13794.74
1252,349,193,80,2024-11-17,2024-12-23,2024-12-25,Winter,Cash,11779.98,5795.79,4348.06,10794.64,915.48,794.26,32839.69,2,32839.69,6567.94,16419.84
1253,637,416,153,2023-09-08,2023-10-01,2023-10-05,Autumn,Debit Card,5794.52,2820.3,1937.33,9623.73,2778.11,407.4,22546.59,4,22546.59,4509.32,5636.65
1254,939,401,4,2023-05-15,2023-06-10,2023-06-15,Monsoon,UPI,71420.2,20909.49,7746.33,8822.26,1961.89,7928.61,102931.56,5,102931.56,20586.31,20586.31
1255,630,152,128,2024-09-20,2024-11-07,2024-11-13,Autumn,Credit Card,13463.52,20303.95,6624.58,17532.63,3595.82,849.66,60670.84,6,60670.84,12134.17,10111.81
1256,439,175,111,2023-01-18,2023-02-22,2023-03-01,Winter,Net Banking,97282.71,7564.34,1990.82,10358.98,4388.78,11985.72,109599.91,7,109599.91,21919.98,15657.13
1257,664,165,158,2023-04-28,2023-06-14,2023-06-16,Monsoon,Cash,4369.14,2123.32,2750.73,1246.45,1617.43,313.57,11793.5,2,11793.5,2358.7,5896.75
1258,561,349,124,2023-10-29,2023-12-13,2023-12-18,Winter,Net Banking,27962.4,14521.44,7143.47,5442.07,10417.84,516.34,64970.88,5,64970.88,12994.18,12994.18
1259,365,300,36,2023-02-15,2023-04-13,2023-04-20,Summer,Cash,86348.15,39833.45,12918.55,13234.83,4580.44,6449.95,150465.47,7,150465.47,30093.09,21495.07
1260,86,147,16,2024-11-01,2024-11-07,2024-11-09,Autumn,Credit Card,13962.66,13740.76,7125.71,29886.41,11538.66,514.51,75739.69,2,75739.69,15147.94,37869.84
1261,771,276,104,2023-06-08,2023-06-28,2023-07-05,Monsoon,Credit Card,134936.83,5675.38,2038.61,3445.8,2805.47,10164.89,138737.2,7,138737.2,27747.44,19819.6
1262,390,195,190,2023-06-24,2023-08-16,2023-08-22,Monsoon,UPI,31704.42,7073.16,6545.6,3630.7,5202.97,1962.83,52194.02,6,52194.02,10438.8,8699.0
1263,584,37,149,2024-09-30,2024-11-07,2024-11-10,Autumn,Credit Card,3400.59,6926.81,14816.78,24022.76,2182.21,197.83,51151.32,3,51151.32,10230.26,17050.44
1264,362,84,91,2024-08-25,2024-09-10,2024-09-15,Autumn,Net Banking,65686.9,17986.98,9014.59,17430.09,3581.6,7936.44,105763.72,5,105763.72,21152.74,21152.74
1265,500,94,23,2024-11-23,2024-12-12,2024-12-15,Winter,Net Banking,8518.53,5775.82,2461.73,3922.52,3756.23,493.1,23941.73,3,23941.73,4788.35,7980.58
1266,481,211,130,2024-03-25,2024-04-17,2024-04-23,Summer,Net Banking,16347.24,7987.83,3806.51,14439.05,2714.27,901.41,44393.49,6,44393.49,8878.7,7398.92
1267,124,12,184,2023-07-06,2023-07-11,2023-07-16,Monsoon,Cash,7786.6,6944.21,6539.86,6539.82,4736.82,389.88,32157.43,5,32157.43,6431.49,6431.49
1268,113,74,57,2023-07-28,2023-08-28,2023-08-31,Monsoon,Net Banking,5360.64,5441.17,3843.85,1793.23,3806.3,594.79,19650.4,3,19650.4,3930.08,6550.13
1269,720,12,184,2023-10-22,2023-12-09,2023-12-13,Winter,Debit Card,6229.28,2437.7,3302.11,3011.62,3540.37,613.66,17907.42,4,17907.42,3581.48,4476.85
1270,923,3,104,2023-04-04,2023-05-10,2023-05-15,Summer,Cash,29336.9,17783.54,6764.93,15382.83,5109.22,3076.11,71301.31,5,71301.31,14260.26,14260.26
1271,294,467,147,2024-04-13,2024-05-24,2024-05-29,Summer,Debit Card,10369.35,9543.33,8020.94,5243.52,5029.27,713.86,37492.55,5,37492.55,7498.51,7498.51
1272,209,118,108,2023-06-10,2023-07-03,2023-07-08,Monsoon,Cash,25254.5,7604.76,4787.34,9850.44,1004.06,920.59,47580.51,5,47580.51,9516.1,9516.1
1273,456,331,26,2023-07-15,2023-07-23,2023-07-29,Monsoon,UPI,31220.46,5849.91,3871.07,3947.08,1900.7,3417.91,43371.31,6,43371.31,8674.26,7228.55
1274,13,203,183,2023-05-09,2023-05-22,2023-05-28,Summer,Net Banking,9122.82,9608.3,2902.59,19768.79,7182.97,1129.55,47455.92,6,47455.92,9491.18,7909.32
1275,28,421,87,2023-11-06,2023-12-24,2023-12-30,Winter,UPI,103911.54,7530.42,2073.69,3876.98,1385.95,15036.36,103742.22,6,103742.22,20748.44,17290.37
1276,557,105,34,2023-01-14,2023-03-14,2023-03-19,Summer,Cash,68721.15,9643.85,8618.38,9171.16,6812.58,7126.43,95840.69,5,95840.69,19168.14,19168.14
1277,620,208,104,2023-06-05,2023-06-23,2023-06-28,Monsoon,Credit Card,10130.9,17777.32,7120.92,5063.89,7421.48,1353.47,46161.04,5,46161.04,9232.21,9232.21
1278,898,469,35,2023-06-20,2023-07-18,2023-07-23,Monsoon,UPI,67982.7,13523.89,8671.55,2274.49,2314.58,2667.14,92100.07,5,92100.07,18420.01,18420.01
1279,379,391,33,2023-11-04,2023-11-12,2023-11-19,Autumn,Credit Card,36079.75,4313.18,4595.69,2917.74,884.04,1867.02,46923.38,7,46923.38,9384.68,6703.34
1280,922,272,11,2023-07-10,2023-07-18,2023-07-21,Monsoon,Cash,7560.81,9603.74,6616.62,15146.64,6147.09,324.18,44750.72,3,44750.72,8950.14,14916.91
1281,654,35,26,2023-01-20,2023-02-09,2023-02-11,Winter,UPI,25232.58,7981.2,16468.2,12237.5,10457.51,3155.23,69221.76,2,69221.76,13844.35,34610.88
1282,196,268,144,2023-07-03,2023-08-09,2023-08-16,Monsoon,Debit Card,33402.18,8511.77,2832.33,3522.64,674.79,210.75,48732.96,7,48732.96,9746.59,6961.85
1283,655,7,177,2024-02-21,2024-03-17,2024-03-22,Summer,UPI,92243.15,10539.61,5306.82,14681.55,4358.16,499.38,126629.91,5,126629.91,25325.98,25325.98
1284,986,475,177,2023-05-21,2023-07-15,2023-07-22,Monsoon,Credit Card,22617.63,7750.38,3425.24,6939.15,2760.43,692.8,42800.03,7,42800.03,8560.01,6114.29
1285,719,53,99,2023-05-05,2023-06-12,2023-06-17,Monsoon,Net Banking,8256.75,17742.86,5524.99,7603.11,1436.68,707.55,39856.84,5,39856.84,7971.37,7971.37
1286,847,426,160,2024-03-28,2024-05-19,2024-05-26,Summer,Cash,79762.55,5620.63,1796.82,4138.23,2167.72,498.73,92987.22,7,92987.22,18597.44,13283.89
1287,329,443,38,2022-12-26,2023-01-12,2023-01-16,Winter,UPI,9184.88,10551.14,2282.21,6260.0,2961.04,972.11,30267.16,4,30267.16,6053.43,7566.79
1288,559,190,89,2023-01-25,2023-03-08,2023-03-15,Summer,Cash,80835.16,11589.87,3036.72,2822.89,1857.64,7996.11,92146.17,7,92146.17,18429.23,13163.74
1289,97,240,186,2024-10-02,2024-11-11,2024-11-13,Autumn,Credit Card,19526.24,5479.13,5683.87,4818.32,3579.53,1605.21,37481.88,2,37481.88,7496.38,18740.94
1290,620,445,196,2023-04-17,2023-05-01,2023-05-07,Summer,UPI,10977.18,9681.15,9207.6,9240.52,4352.93,632.69,42826.69,6,42826.69,8565.34,7137.78
1291,607,287,28,2023-09-14,2023-10-09,2023-10-11,Autumn,UPI,8852.52,3433.02,3840.48,1646.07,940.24,687.65,18024.68,2,18024.68,3604.94,9012.34
1292,967,154,183,2023-04-06,2023-06-01,2023-06-07,Monsoon,Net Banking,20256.84,20727.32,9531.02,153.08,7412.68,2807.17,55273.77,6,55273.77,11054.75,9212.3
1293,129,454,119,2023-06-17,2023-07-21,2023-07-24,Monsoon,Cash,17028.39,19413.47,15762.4,34204.72,11796.31,1198.31,97006.98,3,97006.98,19401.4,32335.66
1294,942,383,15,2023-09-12,2023-11-04,2023-11-10,Autumn,UPI,25036.62,4261.88,1513.09,7324.88,2783.66,3460.84,37459.29,6,37459.29,7491.86,6243.22
1295,204,1,50,2023-05-29,2023-07-01,2023-07-03,Monsoon,Debit Card,24622.38,1219.55,4309.12,7163.28,1475.3,714.52,38075.11,2,38075.11,7615.02,19037.56
1296,692,149,33,2023-04-21,2023-06-12,2023-06-19,Monsoon,Net Banking,70580.79,12412.05,3766.96,4470.35,2143.78,8018.59,85355.34,7,85355.34,17071.07,12193.62
1297,855,476,30,2024-08-17,2024-10-04,2024-10-10,Autumn,Cash,12188.82,8678.07,1433.35,3647.65,2634.7,639.67,27942.92,6,27942.92,5588.58,4657.15
1298,409,207,77,2024-07-03,2024-07-10,2024-07-16,Monsoon,Cash,33592.5,9510.86,2510.51,8546.94,1181.7,3925.18,51417.33,6,51417.33,10283.47,8569.56
1299,17,9,171,2024-11-20,2024-12-05,2024-12-09,Winter,Debit Card,47213.68,7918.48,2519.45,7126.46,1186.97,3249.9,62715.14,4,62715.14,12543.03,15678.78
1300,206,491,90,2023-09-17,2023-09-27,2023-10-03,Autumn,Credit Card,14421.42,19684.3,3951.02,12475.34,1093.0,45.97,51579.11,6,51579.11,10315.82,8596.52
1301,710,146,143,2023-06-06,2023-06-14,2023-06-16,Monsoon,UPI,3170.94,2478.53,3562.16,1142.89,3677.56,156.37,13875.71,2,13875.71,2775.14,6937.86
1302,764,360,25,2023-01-22,2023-03-13,2023-03-16,Summer,Net Banking,10331.55,2772.2,5428.22,2421.91,3096.49,886.17,23164.2,3,23164.2,4632.84,7721.4
1303,214,343,30,2024-02-28,2024-04-11,2024-04-16,Summer,Cash,23538.25,9388.85,1813.23,3186.45,2276.6,2519.99,37683.39,5,37683.39,7536.68,7536.68
1304,367,252,122,2023-09-11,2023-10-04,2023-10-10,Autumn,Net Banking,5963.04,14495.89,2730.32,5042.98,2697.26,801.65,30127.84,6,30127.84,6025.57,5021.31
1305,518,474,107,2024-05-05,2024-05-28,2024-06-04,Summer,Debit Card,29691.62,24058.57,2183.57,4153.37,7596.88,4229.76,63454.25,7,63454.25,12690.85,9064.89
1306,710,72,28,2024-09-16,2024-10-14,2024-10-17,Autumn,Cash,3248.34,2138.94,2571.38,3330.73,3504.09,288.57,14504.91,3,14504.91,2900.98,4834.97
1307,171,369,40,2023-06-05,2023-06-10,2023-06-12,Monsoon,Credit Card,23798.1,11043.43,14178.78,23681.84,2061.97,1396.2,73367.92,2,73367.92,14673.58,36683.96
1308,51,45,159,2024-05-20,2024-05-26,2024-05-30,Summer,Credit Card,5017.8,5535.37,3237.91,3379.2,1229.65,107.81,18292.12,4,18292.12,3658.42,4573.03
1309,899,59,143,2023-05-16,2023-05-24,2023-05-31,Summer,Debit Card,6666.45,13877.7,2281.07,4208.09,2794.09,217.06,29610.34,7,29610.34,5922.07,4230.05
1310,613,365,81,2023-10-21,2023-10-26,2023-10-28,Autumn,Credit Card,8843.08,1170.59,1150.87,524.15,3372.64,780.81,14280.52,2,14280.52,2856.1,7140.26
1311,68,284,14,2023-06-19,2023-06-24,2023-06-28,Monsoon,Cash,9127.08,14045.51,3049.13,11586.55,6874.64,459.9,44223.01,4,44223.01,8844.6,11055.75
1312,975,143,116,2023-01-03,2023-02-20,2023-02-22,Winter,Cash,4723.36,6437.57,2394.95,5250.24,2544.38,314.21,21036.29,2,21036.29,4207.26,10518.14
1313,435,46,118,2024-04-28,2024-05-13,2024-05-19,Summer,Credit Card,7859.76,7606.6,4243.1,1403.31,979.87,748.87,21343.77,6,21343.77,4268.75,3557.3
1314,533,35,26,2024-04-21,2024-05-25,2024-06-01,Summer,UPI,88314.03,11575.59,4387.22,8718.15,3689.76,2918.18,113766.57,7,113766.57,22753.31,16252.37
1315,849,442,145,2023-10-25,2023-12-12,2023-12-18,Winter,Debit Card,63440.4,9069.09,3966.73,83.67,2645.06,4731.33,74473.62,6,74473.62,14894.72,12412.27
1316,208,310,104,2024-05-25,2024-06-05,2024-06-11,Monsoon,Cash,23684.7,11886.92,3987.98,1399.31,1977.67,827.0,42109.58,6,42109.58,8421.92,7018.26
1317,418,376,96,2023-08-05,2023-09-25,2023-09-27,Autumn,Net Banking,7158.02,12372.78,9750.83,24842.85,3038.5,531.74,56631.24,2,56631.24,11326.25,28315.62
1318,408,446,176,2023-11-24,2023-12-14,2023-12-19,Winter,Cash,51397.35,12889.47,7318.41,7150.7,1614.47,5047.79,75322.61,5,75322.61,15064.52,15064.52
1319,901,398,157,2023-09-15,2023-10-15,2023-10-18,Autumn,Cash,7325.58,2215.12,2700.46,4349.81,2301.53,759.44,18133.06,3,18133.06,3626.61,6044.35
1320,12,292,55,2023-07-31,2023-09-15,2023-09-20,Autumn,Credit Card,12849.1,19244.04,9916.08,6497.29,2310.83,1766.96,49050.38,5,49050.38,9810.08,9810.08
1321,617,347,53,2023-10-23,2023-11-15,2023-11-21,Autumn,Cash,32072.04,5176.54,2271.96,5354.61,974.53,1642.4,44207.28,6,44207.28,8841.46,7367.88
1322,489,246,3,2024-04-29,2024-06-11,2024-06-16,Monsoon,Net Banking,11215.2,4722.89,3196.18,1879.61,2449.65,1614.3,21849.23,5,21849.23,4369.85,4369.85
1323,545,13,117,2023-03-31,2023-04-23,2023-04-25,Summer,Net Banking,3887.42,2390.55,8620.02,6975.57,3941.93,339.79,25475.7,2,25475.7,5095.14,12737.85
1324,586,36,106,2023-10-20,2023-12-19,2023-12-23,Winter,Net Banking,82405.16,4105.51,1371.25,5328.77,780.98,1410.99,92580.68,4,92580.68,18516.14,23145.17
1325,316,270,58,2023-03-13,2023-04-28,2023-05-02,Summer,Credit Card,50204.32,2026.18,3413.88,2618.9,2580.28,4809.05,56034.51,4,56034.51,11206.9,14008.63
1326,536,486,174,2024-04-28,2024-06-12,2024-06-17,Monsoon,Credit Card,7904.65,7198.45,3570.24,7739.41,2563.78,21.36,28955.17,5,28955.17,5791.03,5791.03
1327,105,375,194,2024-11-16,2024-11-21,2024-11-23,Autumn,Cash,10383.72,4348.55,7004.51,9868.15,2196.41,1174.77,32626.57,2,32626.57,6525.31,16313.28
1328,24,206,28,2024-07-20,2024-08-05,2024-08-08,Monsoon,Debit Card,13687.14,5329.42,2632.3,2108.21,916.73,1151.35,23522.45,3,23522.45,4704.49,7840.82
1329,394,87,138,2023-11-20,2023-12-26,2024-01-02,Winter,Debit Card,12203.45,3708.04,1544.41,2616.79,1104.66,704.56,20472.79,7,20472.79,4094.56,2924.68
1330,728,217,37,2024-03-23,2024-04-12,2024-04-17,Summer,UPI,25578.8,9956.07,3789.14,3266.32,3594.45,2648.86,43535.92,5,43535.92,8707.18,8707.18
1331,827,329,46,2024-09-27,2024-11-13,2024-11-19,Autumn,UPI,18090.66,11111.62,3713.16,9083.17,1394.99,1954.77,41438.83,6,41438.83,8287.77,6906.47
1332,556,463,151,2023-04-27,2023-06-12,2023-06-16,Monsoon,UPI,6204.76,7638.47,1875.48,3303.06,729.54,354.43,19396.88,4,19396.88,3879.38,4849.22
1333,440,459,97,2024-04-13,2024-06-12,2024-06-18,Monsoon,Debit Card,14104.98,8996.31,4490.32,5066.77,3252.92,1188.13,34723.17,6,34723.17,6944.63,5787.2
1334,877,118,108,2024-06-11,2024-07-21,2024-07-26,Monsoon,Debit Card,25254.5,16038.13,7791.3,3885.02,7065.42,3143.69,56890.68,5,56890.68,11378.14,11378.14
1335,531,161,135,2023-04-11,2023-05-28,2023-06-02,Summer,Net Banking,14029.3,5236.89,2884.0,9243.12,3653.82,611.81,34435.32,5,34435.32,6887.06,6887.06
1336,163,396,188,2024-10-30,2024-12-25,2024-12-31,Winter,Cash,32563.92,8938.78,7769.67,4532.8,2436.29,4764.41,51477.05,6,51477.05,10295.41,8579.51
1337,441,306,195,2023-09-06,2023-09-12,2023-09-19,Autumn,UPI,24344.18,13701.67,2476.59,19890.52,1223.17,638.55,60997.58,7,60997.58,12199.52,8713.94
1338,276,206,28,2023-04-29,2023-06-02,2023-06-05,Monsoon,UPI,13687.14,2274.97,4943.25,6035.08,1186.53,93.78,28033.19,3,28033.19,5606.64,9344.4
1339,479,229,3,2024-03-07,2024-05-05,2024-05-11,Summer,UPI,27899.58,9768.19,7476.98,6216.47,4861.98,2869.3,53353.9,6,53353.9,10670.78,8892.32
1340,248,288,102,2023-12-01,2023-12-14,2023-12-18,Winter,Cash,26252.92,15913.68,2879.51,769.03,1928.59,2745.54,44998.19,4,44998.19,8999.64,11249.55
1341,5,154,183,2023-12-06,2023-12-22,2023-12-28,Winter,Credit Card,20256.84,5804.87,2373.67,8847.18,987.44,1409.86,36860.14,6,36860.14,7372.03,6143.36
1342,272,396,188,2023-11-08,2023-11-27,2023-12-02,Autumn,Cash,27136.6,17877.09,8067.46,3761.81,6582.41,2950.63,60474.74,5,60474.74,12094.95,12094.95
1343,103,58,79,2024-04-13,2024-04-19,2024-04-23,Summer,Debit Card,9635.72,15863.87,6258.97,16585.89,5128.82,796.91,52676.36,4,52676.36,10535.27,13169.09
1344,861,346,192,2023-04-09,2023-05-26,2023-05-30,Summer,Credit Card,8212.36,12302.81,6188.58,9918.2,4699.71,682.46,40639.2,4,40639.2,8127.84,10159.8
1345,694,180,140,2024-04-12,2024-05-03,2024-05-10,Summer,Net Banking,24343.27,13756.39,4192.75,8237.97,2690.33,2134.66,51086.05,7,51086.05,10217.21,7298.01
1346,332,49,136,2023-12-16,2024-02-12,2024-02-16,Winter,UPI,56050.92,6534.79,1879.68,4537.55,609.38,6430.74,63181.58,4,63181.58,12636.32,15795.4
1347,139,243,181,2023-02-08,2023-03-14,2023-03-17,Summer,Debit Card,36713.22,3490.18,2541.08,9976.87,991.39,478.39,53234.35,3,53234.35,10646.87,17744.78
1348,326,426,160,2024-05-04,2024-06-24,2024-07-01,Monsoon,Debit Card,79762.55,11491.03,2029.31,1015.04,3136.4,343.94,97090.39,7,97090.39,19418.08,13870.06
1349,264,270,58,2023-12-29,2024-01-13,2024-01-15,Winter,Cash,25102.16,5728.62,2473.69,11420.4,1586.85,3133.72,43178.0,2,43178.0,8635.6,21589.0
1350,247,11,52,2023-09-07,2023-10-20,2023-10-24,Autumn,Credit Card,5431.2,4614.96,2976.29,593.16,1674.55,580.28,14709.88,4,14709.88,2941.98,3677.47
1351,739,316,185,2023-08-14,2023-08-27,2023-09-03,Monsoon,Net Banking,16872.31,16254.98,7413.59,1999.16,2212.7,1924.93,42827.81,7,42827.81,8565.56,6118.26
1352,288,401,4,2023-04-03,2023-05-10,2023-05-14,Summer,Credit Card,57136.16,11890.85,7201.7,1143.69,3585.08,6992.7,73964.78,4,73964.78,14792.96,18491.2
1353,411,153,165,2023-05-02,2023-05-18,2023-05-25,Summer,Debit Card,79152.78,8323.57,3638.53,8484.85,5732.78,5242.65,100089.86,7,100089.86,20017.97,14298.55
1354,478,95,162,2023-06-15,2023-08-04,2023-08-08,Monsoon,UPI,20557.6,5542.82,3993.95,6287.11,1179.29,262.36,37298.41,4,37298.41,7459.68,9324.6
1355,872,363,21,2024-04-06,2024-05-08,2024-05-14,Summer,UPI,27161.1,5025.21,4182.18,8865.99,2899.87,3486.48,44647.87,6,44647.87,8929.57,7441.31
1356,681,300,36,2023-05-07,2023-06-22,2023-06-24,Monsoon,UPI,24670.9,1047.4,1588.31,5845.47,3820.53,3464.27,33508.34,2,33508.34,6701.67,16754.17
1357,620,65,153,2024-06-17,2024-06-26,2024-07-01,Monsoon,Debit Card,120518.7,17858.5,6073.87,16837.06,1988.78,11106.71,152170.2,5,152170.2,30434.04,30434.04
1358,762,28,58,2024-09-12,2024-11-08,2024-11-14,Autumn,Debit Card,31338.6,4410.58,3374.82,2461.86,2485.2,354.98,43716.08,6,43716.08,8743.22,7286.01
1359,330,227,13,2024-03-21,2024-05-14,2024-05-19,Summer,Credit Card,9555.3,8296.57,2435.94,5648.8,2888.56,698.48,28126.69,5,28126.69,5625.34,5625.34
1360,453,330,102,2023-02-11,2023-04-12,2023-04-15,Summer,Credit Card,6213.84,5288.66,4542.37,207.05,7917.34,5.48,24163.78,3,24163.78,4832.76,8054.59
1361,795,331,26,2023-05-13,2023-06-18,2023-06-24,Monsoon,Cash,31220.46,3307.94,1852.19,9401.32,2732.83,4123.43,44391.31,6,44391.31,8878.26,7398.55
1362,175,305,46,2023-12-24,2024-02-15,2024-02-20,Winter,Credit Card,10255.3,4283.05,4116.45,2722.01,2616.05,1105.77,22887.09,5,22887.09,4577.42,4577.42
1363,211,140,61,2024-05-26,2024-06-22,2024-06-26,Monsoon,Credit Card,22816.68,10437.63,7788.81,4801.87,3967.75,1728.32,48084.42,4,48084.42,9616.88,12021.1
1364,46,39,190,2023-10-30,2023-11-15,2023-11-17,Autumn,Credit Card,5354.12,7228.09,4508.58,4873.69,2965.72,48.27,24881.93,2,24881.93,4976.39,12440.96
1365,559,159,92,2023-01-15,2023-02-04,2023-02-10,Winter,Cash,86853.54,4521.53,4184.38,1738.13,3198.32,9643.77,90852.13,6,90852.13,18170.43,15142.02
1366,702,375,194,2024-01-05,2024-01-17,2024-01-24,Winter,Net Banking,36343.02,11667.54,8728.77,4751.18,4957.38,3639.2,62808.69,7,62808.69,12561.74,8972.67
1367,89,333,112,2024-09-17,2024-11-08,2024-11-13,Autumn,Cash,71521.0,4670.51,7193.42,10665.2,2829.42,5214.87,91664.68,5,91664.68,18332.94,18332.94
1368,494,95,162,2022-12-30,2023-01-12,2023-01-14,Winter,UPI,10278.8,11146.49,5036.01,1812.75,7771.0,13.62,36031.43,2,36031.43,7206.29,18015.72
1369,117,223,77,2024-04-03,2024-05-28,2024-05-30,Summer,Cash,21927.4,3513.85,2282.56,1803.03,2105.72,1740.22,29892.34,2,29892.34,5978.47,14946.17
1370,83,392,188,2022-12-30,2023-01-20,2023-01-27,Winter,UPI,24028.69,13138.15,8530.13,7565.68,3877.45,2223.26,54916.84,7,54916.84,10983.37,7845.26
1371,353,174,141,2023-05-04,2023-05-20,2023-05-25,Summer,Net Banking,54701.55,6238.87,1945.31,4461.47,2895.24,954.51,69287.93,5,69287.93,13857.59,13857.59
1372,774,346,192,2024-07-11,2024-07-25,2024-07-30,Monsoon,Debit Card,10265.45,13769.81,5206.34,2689.44,3812.08,1276.79,34466.33,5,34466.33,6893.27,6893.27
1373,946,398,157,2023-05-04,2023-06-01,2023-06-05,Monsoon,Net Banking,9767.44,3244.84,1393.78,5444.71,3482.25,700.07,22632.95,4,22632.95,4526.59,5658.24
1374,294,422,199,2023-12-11,2023-12-24,2023-12-27,Winter,UPI,4852.71,8104.46,8722.19,5434.67,5860.99,644.74,32330.28,3,32330.28,6466.06,10776.76
1375,181,254,127,2023-05-09,2023-06-01,2023-06-08,Monsoon,Credit Card,68728.45,8503.99,5656.63,15582.71,5789.38,1795.01,102466.15,7,102466.15,20493.23,14638.02
1376,688,53,99,2024-04-28,2024-05-17,2024-05-19,Summer,Cash,3302.7,2190.35,3127.46,4214.98,3605.11,205.92,16234.68,2,16234.68,3246.94,8117.34
1377,491,14,1,2024-11-12,2024-12-11,2024-12-17,Winter,Cash,5261.94,6487.49,3042.06,4830.36,576.47,297.88,19900.44,6,19900.44,3980.09,3316.74
1378,573,400,169,2023-11-09,2023-12-01,2023-12-07,Winter,Debit Card,18142.5,7377.79,3413.41,6406.96,1905.48,617.79,36628.35,6,36628.35,7325.67,6104.72
1379,864,41,196,2023-07-10,2023-07-24,2023-07-31,Monsoon,Cash,64088.22,16894.64,12871.43,17371.95,2526.4,3170.74,110581.9,7,110581.9,22116.38,15797.41
1380,229,144,179,2023-12-04,2024-01-02,2024-01-09,Winter,Debit Card,7365.05,9579.6,1327.82,4516.63,948.99,173.31,23564.78,7,23564.78,4712.96,3366.4
1381,492,64,86,2023-09-25,2023-11-03,2023-11-05,Autumn,Net Banking,18804.46,3089.57,4090.71,9460.0,2782.01,2391.88,35834.87,2,35834.87,7166.97,17917.44
1382,492,172,167,2024-08-17,2024-09-27,2024-10-02,Autumn,UPI,7835.95,6862.26,2795.18,6002.67,1605.03,1092.95,24008.14,5,24008.14,4801.63,4801.63
1383,139,55,8,2023-05-01,2023-06-09,2023-06-14,Monsoon,UPI,8170.15,9908.84,2423.78,7377.69,2435.12,655.09,29660.49,5,29660.49,5932.1,5932.1
1384,105,482,81,2023-11-05,2023-11-14,2023-11-19,Autumn,Debit Card,4737.8,14477.64,7477.69,19151.38,5945.96,288.8,51501.67,5,51501.67,10300.33,10300.33
1385,250,49,136,2023-12-16,2023-12-27,2023-12-30,Winter,Cash,42038.19,3574.49,4820.34,8328.03,2070.21,1122.47,59708.79,3,59708.79,11941.76,19902.93
1386,888,386,80,2024-08-27,2024-09-20,2024-09-26,Autumn,Net Banking,74683.5,4961.27,4655.42,5071.17,810.38,9400.94,80780.8,6,80780.8,16156.16,13463.47
1387,217,270,58,2023-11-05,2023-12-13,2023-12-16,Winter,Credit Card,37653.24,7244.02,6583.41,29638.73,8094.85,2406.15,86808.1,3,86808.1,17361.62,28936.03
1388,506,179,122,2023-04-05,2023-05-04,2023-05-07,Summer,Debit Card,29128.32,6114.89,2667.85,15076.41,1384.35,2682.37,51689.45,3,51689.45,10337.89,17229.82
1389,540,169,182,2022-12-28,2023-02-25,2023-02-27,Winter,UPI,3118.54,3067.74,4339.18,2426.73,2853.94,281.31,15524.82,2,15524.82,3104.96,7762.41
1390,768,152,128,2024-04-28,2024-05-17,2024-05-21,Summer,Net Banking,8975.68,14845.66,8562.63,4688.4,5183.91,788.96,41467.32,4,41467.32,8293.46,10366.83
1391,777,426,160,2024-02-06,2024-02-28,2024-03-06,Winter,Debit Card,79762.55,17711.0,2909.72,16393.97,5796.33,10671.94,111901.63,7,111901.63,22380.33,15985.95
1392,109,225,5,2023-11-14,2023-12-27,2024-01-03,Winter,Debit Card,19913.32,6888.05,4522.34,667.69,3086.69,2931.6,32146.49,7,32146.49,6429.3,4592.36
1393,972,426,160,2024-03-28,2024-04-28,2024-05-01,Summer,Credit Card,34183.95,5185.05,4965.83,7066.68,1920.36,191.38,53130.49,3,53130.49,10626.1,17710.16
1394,713,278,158,2024-05-22,2024-06-12,2024-06-14,Monsoon,Debit Card,23651.02,5705.97,5794.98,5730.1,1491.04,1382.21,40990.9,2,40990.9,8198.18,20495.45
1395,795,27,82,2023-06-30,2023-08-25,2023-08-30,Monsoon,Cash,6549.05,5499.57,3645.91,3376.75,3852.77,45.33,22878.72,5,22878.72,4575.74,4575.74
1396,602,220,123,2024-05-18,2024-07-12,2024-07-18,Monsoon,Cash,16785.96,25859.97,12666.78,32927.99,2204.59,2480.81,87964.48,6,87964.48,17592.9,14660.75
1397,626,310,104,2023-08-11,2023-09-15,2023-09-22,Autumn,Debit Card,27632.15,13901.06,9565.66,18514.59,3929.76,2106.49,71436.73,7,71436.73,14287.35,10205.25
1398,69,450,110,2024-01-06,2024-02-07,2024-02-12,Winter,Credit Card,24706.65,10955.96,2779.82,8618.79,2326.09,1088.58,48298.73,5,48298.73,9659.75,9659.75
1399,12,362,167,2024-10-20,2024-12-05,2024-12-08,Winter,Debit Card,4211.07,9614.78,9560.77,1881.15,5317.11,555.58,30029.3,3,30029.3,6005.86,10009.77
1400,860,370,34,2023-01-25,2023-03-14,2023-03-17,Summer,Debit Card,2579.28,17283.02,9847.86,11107.48,1981.64,344.94,42454.34,3,42454.34,8490.87,14151.45
1401,103,333,112,2024-06-24,2024-07-09,2024-07-13,Monsoon,Cash,57216.8,26048.49,7498.82,24098.47,10218.73,1350.39,123730.92,4,123730.92,24746.18,30932.73
1402,287,126,188,2024-09-13,2024-11-01,2024-11-07,Autumn,UPI,50100.66,13905.93,4808.3,17888.91,1636.03,5022.4,83317.43,6,83317.43,16663.49,13886.24
1403,528,219,126,2024-07-23,2024-08-14,2024-08-16,Monsoon,Cash,2039.98,3408.12,2140.03,3089.29,1730.44,190.02,12217.84,2,12217.84,2443.57,6108.92
1404,635,362,167,2023-01-08,2023-01-15,2023-01-19,Winter,UPI,5614.76,13969.82,3073.88,16775.41,7930.83,576.39,46788.31,4,46788.31,9357.66,11697.08
1405,639,29,143,2023-05-14,2023-07-13,2023-07-15,Monsoon,Credit Card,2466.98,1081.48,1798.54,3833.31,2657.76,67.07,11771.0,2,11771.0,2354.2,5885.5
1406,592,304,170,2023-12-05,2023-12-21,2023-12-24,Winter,Net Banking,14209.95,5796.07,4547.55,10495.55,6800.21,902.53,40946.8,3,40946.8,8189.36,13648.93
1407,178,397,169,2024-02-18,2024-03-08,2024-03-14,Summer,Net Banking,6736.68,7678.87,4000.39,16695.29,5375.79,547.46,39939.56,6,39939.56,7987.91,6656.59
1408,773,99,101,2023-09-13,2023-10-27,2023-10-30,Autumn,UPI,13533.75,7454.43,13013.35,30911.82,5505.11,768.47,69649.99,3,69649.99,13930.0,23216.66
1409,690,91,200,2023-10-09,2023-11-09,2023-11-12,Autumn,Debit Card,12596.7,5126.79,3698.18,5387.98,1305.25,449.95,27664.95,3,27664.95,5532.99,9221.65
1410,214,242,124,2024-03-31,2024-05-14,2024-05-18,Summer,Credit Card,37627.52,5046.38,4104.18,3619.71,1507.9,1604.51,50301.18,4,50301.18,10060.24,12575.3
1411,745,288,102,2023-02-20,2023-03-18,2023-03-22,Summer,Credit Card,26252.92,4698.6,1816.81,8211.92,575.98,3394.38,38161.85,4,38161.85,7632.37,9540.46
1412,168,499,197,2024-09-28,2024-10-20,2024-10-25,Autumn,Credit Card,20159.0,8731.08,5415.36,18086.14,7115.37,1275.91,58231.04,5,58231.04,11646.21,11646.21
1413,335,108,133,2023-02-26,2023-04-27,2023-05-02,Summer,Net Banking,9912.6,17859.71,7324.05,4485.63,8723.04,299.47,48005.56,5,48005.56,9601.11,9601.11
1414,39,391,33,2024-07-27,2024-08-09,2024-08-15,Monsoon,Cash,30925.5,41565.09,6656.64,9891.78,5388.5,3385.07,91042.44,6,91042.44,18208.49,15173.74
1415,661,206,28,2024-08-12,2024-09-14,2024-09-20,Autumn,Cash,27374.28,8501.61,2032.86,164.01,2952.79,1878.87,39146.68,6,39146.68,7829.34,6524.45
1416,874,438,101,2024-10-11,2024-10-19,2024-10-21,Autumn,UPI,3370.44,5154.62,8338.93,1454.28,6969.26,108.64,25178.89,2,25178.89,5035.78,12589.44
1417,537,134,75,2024-07-09,2024-08-04,2024-08-09,Monsoon,Net Banking,6061.95,8719.52,2675.33,7278.96,500.18,307.98,24927.96,5,24927.96,4985.59,4985.59
1418,556,373,124,2023-07-11,2023-07-22,2023-07-27,Monsoon,Net Banking,7755.8,7466.4,2043.04,8868.18,2890.82,237.8,28786.44,5,28786.44,5757.29,5757.29
1419,711,107,110,2024-11-05,2024-12-20,2024-12-25,Winter,Cash,4009.25,12756.84,2149.17,19528.1,7484.46,194.97,45732.85,5,45732.85,9146.57,9146.57
1420,932,9,171,2024-10-16,2024-12-14,2024-12-21,Winter,Cash,82623.94,11805.37,1917.3,3431.56,659.46,10222.53,90215.1,7,90215.1,18043.02,12887.87
1421,768,462,118,2023-04-16,2023-05-26,2023-05-31,Summer,Credit Card,26149.1,12074.43,7624.06,11756.55,7296.56,3143.92,61756.78,5,61756.78,12351.36,12351.36
1422,128,154,183,2023-12-03,2023-12-11,2023-12-18,Winter,Debit Card,23632.98,9158.63,4485.17,9989.92,1997.41,611.25,48652.86,7,48652.86,9730.57,6950.41
1423,386,448,196,2023-07-21,2023-08-21,2023-08-24,Monsoon,Cash,3535.02,4410.71,3291.88,7587.41,1925.21,296.56,20453.67,3,20453.67,4090.73,6817.89
1424,54,344,133,2024-04-20,2024-05-17,2024-05-20,Summer,Credit Card,3666.12,9480.81,2676.64,15395.61,6951.08,77.7,38092.56,3,38092.56,7618.51,12697.52
1425,563,296,50,2024-04-08,2024-06-03,2024-06-09,Monsoon,Debit Card,26792.22,10849.69,7832.82,33143.78,12631.65,592.5,90657.66,6,90657.66,18131.53,15109.61
1426,890,463,151,2024-06-04,2024-07-12,2024-07-17,Monsoon,Net Banking,7755.95,5158.43,3356.89,5895.86,1824.09,1099.82,22891.4,5,22891.4,4578.28,4578.28
1427,766,217,37,2024-04-29,2024-05-22,2024-05-25,Summer,Cash,15347.28,2661.74,3034.68,5977.49,3115.23,1654.58,28481.84,3,28481.84,5696.37,9493.95
1428,239,54,60,2023-06-18,2023-07-07,2023-07-11,Monsoon,Net Banking,50760.24,21879.95,4878.39,25706.32,11159.09,364.08,114019.91,4,114019.91,22803.98,28504.98
1429,904,113,36,2024-08-19,2024-09-10,2024-09-14,Autumn,Net Banking,5590.44,4769.3,2712.03,6752.02,3615.67,325.47,23113.99,4,23113.99,4622.8,5778.5
1430,966,201,166,2024-06-16,2024-06-23,2024-06-29,Monsoon,Cash,27638.1,22231.12,6434.14,17729.49,4418.69,2055.85,76395.69,6,76395.69,15279.14,12732.62
1431,803,254,127,2024-11-28,2024-12-20,2024-12-27,Winter,UPI,68728.45,18586.2,8574.83,15107.59,5391.03,1426.16,114961.94,7,114961.94,22992.39,16423.13
1432,363,435,64,2024-03-05,2024-03-26,2024-03-28,Summer,Debit Card,19798.66,4857.19,5725.85,11151.45,2969.75,787.41,43715.49,2,43715.49,8743.1,21857.74
1433,154,12,184,2024-11-10,2024-12-14,2024-12-18,Winter,Credit Card,6229.28,3848.75,2780.61,1997.21,808.93,296.29,15368.49,4,15368.49,3073.7,3842.12
1434,483,393,181,2023-01-17,2023-03-02,2023-03-08,Summer,Credit Card,28728.9,18178.01,6432.12,837.2,6261.97,3182.34,57255.86,6,57255.86,11451.17,9542.64
1435,816,210,186,2024-04-17,2024-05-24,2024-05-27,Summer,Debit Card,5655.39,4851.89,3889.41,3434.05,2338.67,813.18,19356.23,3,19356.23,3871.25,6452.08
1436,342,336,179,2024-10-13,2024-11-08,2024-11-11,Autumn,Debit Card,10316.88,10784.27,3041.07,8232.36,7886.97,976.95,39284.6,3,39284.6,7856.92,13094.87
1437,938,469,35,2023-07-21,2023-07-28,2023-08-01,Monsoon,Net Banking,54386.16,2173.42,4998.16,7368.63,745.49,6001.07,63670.79,4,63670.79,12734.16,15917.7
1438,835,158,91,2024-07-27,2024-08-27,2024-08-29,Monsoon,Credit Card,13522.0,5600.04,8123.07,10037.28,5140.99,809.5,41613.88,2,41613.88,8322.78,20806.94
1439,322,42,96,2023-02-25,2023-03-22,2023-03-28,Summer,Debit Card,141100.62,9739.88,2791.29,9291.49,1906.28,1619.15,163210.41,6,163210.41,32642.08,27201.74
1440,748,157,137,2024-04-27,2024-06-03,2024-06-10,Monsoon,Net Banking,88483.5,8866.78,3675.72,2806.64,2115.45,7745.19,98202.9,7,98202.9,19640.58,14028.99
1441,410,344,133,2024-08-04,2024-08-18,2024-08-25,Monsoon,Cash,8554.28,6599.05,4484.62,2397.01,3445.93,1254.85,24226.04,7,24226.04,4845.21,3460.86
1442,601,192,177,2022-11-20,2023-01-09,2023-01-12,Winter,Debit Card,17050.02,8302.41,1825.98,3248.65,5337.54,1269.49,34495.11,3,34495.11,6899.02,11498.37
1443,931,147,16,2024-09-12,2024-11-09,2024-11-14,Autumn,Debit Card,34906.65,7173.56,2689.32,9146.26,734.8,286.91,54363.68,5,54363.68,10872.74,10872.74
1444,69,111,37,2024-10-06,2024-10-13,2024-10-17,Autumn,Net Banking,73501.72,6921.31,8046.83,3837.85,4621.92,995.46,95934.17,4,95934.17,19186.83,23983.54
1445,465,376,96,2024-06-15,2024-07-06,2024-07-11,Monsoon,UPI,17895.05,8985.58,4310.46,26.63,1645.6,704.5,32158.82,5,32158.82,6431.76,6431.76
1446,106,9,171,2023-12-05,2023-12-24,2023-12-30,Winter,Net Banking,70820.52,8806.26,4353.21,9921.12,2380.45,7943.08,88338.48,6,88338.48,17667.7,14723.08
1447,717,387,164,2024-07-12,2024-09-10,2024-09-15,Autumn,Net Banking,27273.15,4768.35,1815.15,9693.75,3715.36,312.37,46953.39,5,46953.39,9390.68,9390.68
1448,691,97,69,2023-12-20,2024-01-17,2024-01-20,Winter,UPI,3091.5,5553.16,4881.98,7724.46,2370.79,36.42,23585.47,3,23585.47,4717.09,7861.82
1449,216,487,80,2024-12-06,2024-12-21,2024-12-28,Winter,Credit Card,96031.25,8634.07,3409.27,3437.27,2679.16,8929.13,105261.89,7,105261.89,21052.38,15037.41
1450,829,296,50,2023-04-27,2023-06-06,2023-06-11,Monsoon,UPI,22326.85,10415.09,6150.63,17741.98,7057.46,1261.88,62430.13,5,62430.13,12486.03,12486.03
1451,354,389,149,2023-07-31,2023-08-18,2023-08-20,Monsoon,Cash,2126.98,2989.83,5633.95,17182.69,1477.71,284.44,29126.72,2,29126.72,5825.34,14563.36
1452,784,22,63,2023-09-09,2023-09-18,2023-09-22,Autumn,Net Banking,4793.52,6268.94,3017.08,12134.01,6715.01,224.16,32704.4,4,32704.4,6540.88,8176.1
1453,161,53,99,2024-08-16,2024-09-19,2024-09-26,Autumn,Debit Card,11559.45,13769.79,4387.97,8404.16,3074.27,176.17,41019.47,7,41019.47,8203.89,5859.92
1454,65,264,144,2024-03-15,2024-04-07,2024-04-09,Summer,Credit Card,9393.94,3396.9,4691.36,3539.55,1428.24,1243.74,21206.25,2,21206.25,4241.25,10603.12
1455,365,186,112,2023-04-08,2023-05-03,2023-05-06,Summer,Credit Card,16009.29,8474.91,15241.93,10685.97,7467.23,1279.52,56599.81,3,56599.81,11319.96,18866.6
1456,688,365,81,2022-12-30,2023-02-20,2023-02-25,Winter,UPI,22107.7,7104.34,2212.32,7680.54,1619.18,1348.94,39375.14,5,39375.14,7875.03,7875.03
1457,860,363,21,2024-09-17,2024-10-11,2024-10-13,Autumn,Cash,9053.7,11613.41,6246.17,21276.44,3581.12,1274.89,50495.95,2,50495.95,10099.19,25247.98
1458,879,464,72,2024-06-27,2024-07-05,2024-07-10,Monsoon,UPI,4415.8,7633.27,4739.74,9173.61,3312.92,15.17,29260.17,5,29260.17,5852.03,5852.03
1459,996,54,60,2024-11-22,2024-12-21,2024-12-28,Winter,Cash,88830.42,4479.48,1235.49,7537.55,3440.71,9358.11,96165.54,7,96165.54,19233.11,13737.93
1460,540,326,134,2023-12-11,2024-02-05,2024-02-12,Winter,Credit Card,133890.96,7747.23,1565.58,8242.27,3737.69,3051.61,152132.12,7,152132.12,30426.42,21733.16
1461,86,325,154,2024-09-21,2024-10-21,2024-10-24,Autumn,Net Banking,20670.63,18937.66,11786.12,13732.51,3639.73,1640.46,67126.19,3,67126.19,13425.24,22375.4
1462,647,139,149,2023-06-19,2023-06-24,2023-06-26,Monsoon,UPI,18544.24,2706.11,1556.61,7996.53,2716.73,2606.34,30913.88,2,30913.88,6182.78,15456.94
1463,649,181,68,2023-05-04,2023-06-18,2023-06-23,Monsoon,Credit Card,11232.8,7775.94,1631.6,305.06,3860.57,1113.75,23692.22,5,23692.22,4738.44,4738.44
1464,935,433,99,2024-03-15,2024-04-20,2024-04-27,Summer,Debit Card,41345.15,11102.28,3177.9,8335.45,1669.21,3783.45,61846.54,7,61846.54,12369.31,8835.22
1465,91,152,128,2023-03-24,2023-05-11,2023-05-17,Summer,Credit Card,13463.52,33690.5,5722.85,22743.08,8301.71,32.18,83889.48,6,83889.48,16777.9,13981.58
1466,390,23,36,2023-03-12,2023-05-06,2023-05-09,Summer,UPI,6560.52,2803.63,7438.86,15249.57,6484.38,259.29,38277.67,3,38277.67,7655.53,12759.22
1467,978,412,198,2024-04-13,2024-06-02,2024-06-08,Monsoon,Credit Card,85146.72,10629.16,2667.45,10053.53,6100.74,6450.62,108146.98,6,108146.98,21629.4,18024.5
1468,447,201,166,2024-11-30,2024-12-07,2024-12-09,Winter,Net Banking,9212.7,7155.67,15710.37,15530.95,3495.17,711.44,50393.42,2,50393.42,10078.68,25196.71
1469,504,272,11,2024-05-26,2024-06-24,2024-06-28,Monsoon,Net Banking,10081.08,6183.54,4645.29,6133.42,3403.56,112.0,30334.89,4,30334.89,6066.98,7583.72
1470,399,338,18,2024-12-08,2024-12-21,2024-12-24,Winter,Cash,36784.17,2886.54,2434.93,1758.36,5479.57,1067.82,48275.75,3,48275.75,9655.15,16091.92
1471,392,5,78,2024-10-16,2024-11-27,2024-12-01,Autumn,Net Banking,4978.56,13347.55,2373.42,10393.52,997.17,380.07,31710.15,4,31710.15,6342.03,7927.54
1472,213,169,182,2023-12-21,2024-01-28,2024-02-03,Winter,UPI,9355.62,17223.61,5832.86,17113.29,4488.09,432.29,53581.18,6,53581.18,10716.24,8930.2
1473,604,365,81,2024-08-20,2024-10-15,2024-10-21,Autumn,Credit Card,26529.24,23226.6,3866.87,8810.0,4925.56,2341.96,65016.31,6,65016.31,13003.26,10836.05
1474,904,48,44,2024-10-29,2024-11-16,2024-11-23,Autumn,Credit Card,132743.94,12110.77,2325.52,2210.63,2801.28,7842.04,144350.1,7,144350.1,28870.02,20621.44
1475,9,414,60,2024-06-12,2024-07-27,2024-08-02,Monsoon,Net Banking,25691.7,18922.35,4188.45,12397.8,1840.27,3433.38,59607.19,6,59607.19,11921.44,9934.53
1476,377,397,169,2023-08-13,2023-08-28,2023-09-03,Monsoon,Debit Card,6736.68,34027.69,16575.41,27364.92,3195.87,220.63,87679.94,6,87679.94,17535.99,14613.32
1477,252,192,177,2024-04-10,2024-05-17,2024-05-21,Summer,Net Banking,22733.36,5211.07,2192.1,9421.22,1978.42,3091.67,38444.5,4,38444.5,7688.9,9611.12
1478,655,254,127,2024-06-14,2024-07-09,2024-07-15,Monsoon,Debit Card,58910.1,13170.01,3735.37,5053.08,2950.36,5079.6,78739.32,6,78739.32,15747.86,13123.22
1479,343,76,107,2024-01-04,2024-01-21,2024-01-23,Winter,Net Banking,26626.36,7081.67,8562.43,28342.5,5954.89,2510.23,74057.62,2,74057.62,14811.52,37028.81
1480,946,258,200,2024-10-31,2024-12-09,2024-12-16,Winter,Net Banking,47155.5,13636.36,1347.94,6858.31,2970.14,2059.28,69908.97,7,69908.97,13981.79,9987.0
1481,540,198,130,2023-08-12,2023-09-14,2023-09-18,Autumn,Credit Card,11871.0,7034.18,3607.65,7899.09,2665.87,755.71,32322.08,4,32322.08,6464.42,8080.52
1482,343,115,7,2024-02-17,2024-04-12,2024-04-16,Summer,Credit Card,28217.84,23778.07,14812.56,15689.89,12972.68,2587.76,92883.28,4,92883.28,18576.66,23220.82
1483,452,272,11,2023-07-19,2023-07-24,2023-07-26,Monsoon,Cash,5040.54,13918.46,8653.86,18155.41,4114.44,631.38,49251.33,2,49251.33,9850.27,24625.66
1484,406,402,16,2023-01-09,2023-03-03,2023-03-10,Summer,UPI,37016.77,9543.88,3608.83,1552.34,3726.88,802.8,54645.9,7,54645.9,10929.18,7806.56
1485,537,144,179,2023-09-17,2023-11-10,2023-11-17,Autumn,Cash,7365.05,5257.63,2526.28,5532.97,2487.04,574.36,22594.61,7,22594.61,4518.92,3227.8
1486,261,224,88,2023-09-08,2023-11-03,2023-11-10,Autumn,Cash,14526.4,27387.39,4196.75,15872.68,2375.75,653.71,63705.26,7,63705.26,12741.05,9100.75
1487,6,37,149,2024-11-09,2024-11-28,2024-12-03,Autumn,Debit Card,5667.65,9558.83,8144.24,7184.37,7116.62,413.15,37258.56,5,37258.56,7451.71,7451.71
1488,951,178,170,2024-04-08,2024-04-14,2024-04-18,Summer,Debit Card,3859.52,11029.25,9139.97,818.06,7233.72,280.52,31800.0,4,31800.0,6360.0,7950.0
1489,274,477,50,2024-06-02,2024-07-21,2024-07-24,Monsoon,Net Banking,16993.95,4224.3,7033.01,14987.74,3765.61,1776.12,45228.49,3,45228.49,9045.7,15076.16
1490,813,154,183,2023-05-22,2023-07-04,2023-07-11,Monsoon,Debit Card,23632.98,10961.27,4284.05,3490.24,2055.57,2221.04,42203.07,7,42203.07,8440.61,6029.01
1491,700,79,190,2024-10-17,2024-10-24,2024-10-27,Autumn,Credit Card,7921.62,5457.66,4797.01,9698.5,3029.29,1009.76,29894.32,3,29894.32,5978.86,9964.77
1492,665,430,179,2023-11-22,2023-11-28,2023-12-05,Autumn,Net Banking,16381.89,16533.76,8998.01,10980.45,1625.39,390.01,54129.49,7,54129.49,10825.9,7732.78
1493,187,214,76,2024-03-09,2024-04-13,2024-04-20,Summer,Cash,15502.97,12606.89,7987.11,50.55,4928.25,1806.32,39269.45,7,39269.45,7853.89,5609.92
1494,23,426,160,2024-04-17,2024-06-03,2024-06-09,Monsoon,Cash,68367.9,22886.85,6857.2,1293.48,4382.92,3797.75,99990.6,6,99990.6,19998.12,16665.1
1495,157,294,119,2024-06-29,2024-07-10,2024-07-14,Monsoon,Cash,7767.44,6684.52,2356.21,6721.84,2003.05,321.1,25211.96,4,25211.96,5042.39,6302.99
1496,555,92,94,2023-09-24,2023-11-17,2023-11-24,Autumn,UPI,14644.07,10461.12,2903.47,4399.75,2020.31,833.03,33595.69,7,33595.69,6719.14,4799.38
1497,327,299,92,2024-10-04,2024-11-01,2024-11-05,Autumn,UPI,3940.08,6351.71,2053.3,7937.92,1235.86,493.7,21025.17,4,21025.17,4205.03,5256.29
1498,228,393,181,2024-05-17,2024-06-22,2024-06-24,Monsoon,UPI,9576.3,3579.47,4202.81,1747.21,993.02,3.84,20094.97,2,20094.97,4018.99,10047.48
1499,597,137,27,2023-06-16,2023-07-16,2023-07-23,Monsoon,Debit Card,27776.84,13267.62,2900.43,4210.18,5156.2,1944.19,51367.08,7,51367.08,10273.42,7338.15
1500,53,340,130,2022-11-26,2023-01-11,2023-01-15,Winter,Net Banking,52009.12,17024.85,6893.51,10358.51,13907.86,1875.39,98318.46,4,98318.46,19663.69,24579.62
1501,74,420,193,2024-09-14,2024-10-23,2024-10-28,Autumn,Debit Card,5887.75,3797.12,4770.34,4682.98,2251.69,354.41,21035.47,5,21035.47,4207.09,4207.09
1502,107,115,7,2024-04-29,2024-05-10,2024-05-15,Summer,Cash,35272.3,4965.99,3594.81,4675.93,2668.51,1661.72,49515.82,5,49515.82,9903.16,9903.16
1503,244,441,80,2024-03-16,2024-04-12,2024-04-18,Summer,Credit Card,9186.66,10505.91,3696.6,5820.73,3887.89,474.05,32623.74,6,32623.74,6524.75,5437.29
1504,765,307,100,2024-03-06,2024-04-12,2024-04-14,Summer,Net Banking,4319.24,2207.36,1621.54,8979.26,2358.16,588.98,18896.58,2,18896.58,3779.32,9448.29
1505,644,328,157,2023-01-30,2023-02-14,2023-02-17,Winter,Debit Card,15059.67,8707.47,6517.45,17321.94,2802.3,4.25,50404.58,3,50404.58,10080.92,16801.53
1506,19,239,177,2024-02-13,2024-03-26,2024-03-31,Summer,Credit Card,57442.3,8817.28,9832.58,13388.82,4423.98,6973.7,86931.26,5,86931.26,17386.25,17386.25
1507,841,356,176,2023-12-26,2024-02-04,2024-02-08,Winter,UPI,20865.4,9776.58,8961.8,9327.63,2265.54,2938.36,48258.59,4,48258.59,9651.72,12064.65
1508,382,366,192,2023-08-31,2023-10-04,2023-10-06,Autumn,Debit Card,2168.88,2825.45,2553.22,192.95,2110.41,200.33,9650.58,2,9650.58,1930.12,4825.29
1509,32,338,18,2023-09-24,2023-11-15,2023-11-17,Autumn,Net Banking,24522.78,4284.06,7492.16,4854.79,1110.69,1997.37,40267.11,2,40267.11,8053.42,20133.56
1510,718,306,195,2024-01-23,2024-03-11,2024-03-13,Summer,Net Banking,6955.48,7423.19,3248.77,14985.22,3556.16,845.53,35323.29,2,35323.29,7064.66,17661.64
1511,243,341,138,2024-11-15,2024-12-15,2024-12-22,Winter,Debit Card,83593.44,25941.15,6450.36,15423.71,14398.2,4614.54,141192.32,7,141192.32,28238.46,20170.33
1512,690,408,141,2024-03-27,2024-05-02,2024-05-04,Summer,Net Banking,3001.96,1384.26,3135.91,2143.99,3226.82,435.45,12457.49,2,12457.49,2491.5,6228.74
1513,237,411,35,2023-05-08,2023-05-25,2023-05-31,Summer,Credit Card,7863.42,13210.91,6329.69,21729.64,13275.77,365.52,62043.91,6,62043.91,12408.78,10340.65
1514,505,326,134,2023-03-15,2023-04-14,2023-04-21,Summer,Debit Card,133890.96,6793.31,3849.07,7271.8,1949.16,15436.8,138317.5,7,138317.5,27663.5,19759.64
1515,906,33,63,2024-12-11,2024-12-17,2024-12-20,Winter,Credit Card,4422.81,4488.87,4656.69,6735.44,1299.15,241.62,21361.34,3,21361.34,4272.27,7120.45
1516,644,224,88,2023-10-17,2023-12-13,2023-12-15,Winter,Cash,4150.4,2740.17,7918.57,3266.55,7147.47,258.41,24964.75,2,24964.75,4992.95,12482.38
1517,919,374,3,2024-04-30,2024-06-23,2024-06-25,Monsoon,Debit Card,27692.08,3659.07,4455.93,5230.9,2002.07,2422.81,40617.24,2,40617.24,8123.45,20308.62
1518,91,415,186,2022-12-14,2023-02-07,2023-02-10,Winter,Credit Card,11859.33,9674.44,13070.52,11601.77,3804.24,671.73,49338.57,3,49338.57,9867.71,16446.19
1519,946,56,48,2023-07-01,2023-07-27,2023-08-02,Monsoon,UPI,5674.08,6548.83,4032.89,3184.73,3873.16,535.5,22778.19,6,22778.19,4555.64,3796.36
1520,280,194,199,2023-11-08,2023-12-06,2023-12-13,Winter,UPI,77348.53,23190.2,16913.29,3937.52,3029.2,8962.36,115456.38,7,115456.38,23091.28,16493.77
1521,546,341,138,2024-11-15,2024-12-03,2024-12-08,Winter,Net Banking,59709.6,3906.85,4865.48,6871.49,1005.35,1845.72,74513.05,5,74513.05,14902.61,14902.61
1522,846,332,42,2023-07-12,2023-08-23,2023-08-26,Monsoon,Net Banking,15652.44,9483.76,7000.39,9233.84,5816.03,1260.94,45925.52,3,45925.52,9185.1,15308.51
1523,920,144,179,2023-11-10,2023-12-09,2023-12-16,Winter,Debit Card,7365.05,5241.03,4784.47,2610.35,2327.8,219.1,22109.6,7,22109.6,4421.92,3158.51
1524,332,137,27,2023-11-18,2023-12-04,2023-12-09,Winter,Debit Card,19840.6,6562.77,4645.67,114.18,505.67,1433.53,30235.36,5,30235.36,6047.07,6047.07
1525,797,203,183,2024-11-09,2024-11-16,2024-11-23,Autumn,Cash,10643.29,7221.91,5374.3,13300.24,4048.43,1550.71,39037.46,7,39037.46,7807.49,5576.78
1526,243,398,157,2023-05-12,2023-06-24,2023-06-28,Monsoon,Credit Card,9767.44,17636.75,13020.56,24805.54,2627.57,609.54,67248.32,4,67248.32,13449.66,16812.08
1527,982,49,136,2023-10-02,2023-11-10,2023-11-16,Autumn,Cash,84076.38,13105.53,2394.61,5996.09,4507.03,10264.75,99814.89,6,99814.89,19962.98,16635.81
1528,228,23,36,2023-03-15,2023-05-13,2023-05-17,Summer,UPI,8747.36,6775.07,2026.81,4294.0,1544.79,772.6,22615.43,4,22615.43,4523.09,5653.86
1529,86,206,28,2022-12-03,2023-01-20,2023-01-22,Winter,Net Banking,9124.76,12073.98,7202.49,28713.73,2218.2,772.72,58560.44,2,58560.44,11712.09,29280.22
1530,727,385,51,2023-05-15,2023-06-08,2023-06-11,Monsoon,UPI,12253.68,5164.58,4992.2,7051.68,2586.64,1254.8,30793.98,3,30793.98,6158.8,10264.66
1531,127,283,166,2023-12-08,2024-01-18,2024-01-20,Winter,Debit Card,10475.06,3944.37,5722.77,10432.39,3826.65,16.93,34384.31,2,34384.31,6876.86,17192.16
1532,284,90,43,2024-01-30,2024-02-08,2024-02-14,Winter,Debit Card,77793.18,17477.09,5183.79,2770.94,7122.4,11115.87,99231.53,6,99231.53,19846.31,16538.59
1533,412,408,141,2022-12-03,2023-01-04,2023-01-10,Winter,Credit Card,9005.88,14316.53,5472.32,6603.09,2640.97,14.14,38024.65,6,38024.65,7604.93,6337.44
1534,886,432,100,2023-10-14,2023-12-07,2023-12-11,Winter,Cash,9077.12,3384.74,3013.94,2980.43,2888.55,846.29,20498.49,4,20498.49,4099.7,5124.62
1535,85,3,104,2024-04-13,2024-06-08,2024-06-12,Monsoon,Credit Card,23469.52,4880.11,2352.29,2537.21,2508.69,2715.97,33031.85,4,33031.85,6606.37,8257.96
1536,723,177,101,2023-01-14,2023-01-24,2023-01-28,Winter,Credit Card,4244.4,13399.34,7309.13,2709.75,4321.4,120.58,31863.44,4,31863.44,6372.69,7965.86
1537,586,170,90,2024-04-07,2024-05-19,2024-05-21,Summer,Debit Card,4385.18,2016.62,4033.47,6028.98,849.88,611.04,16703.09,2,16703.09,3340.62,8351.54
1538,84,439,59,2023-05-31,2023-06-07,2023-06-11,Monsoon,Net Banking,14823.44,5001.9,4630.22,8932.52,1562.13,288.1,34662.11,4,34662.11,6932.42,8665.53
1539,932,478,40,2023-09-01,2023-09-11,2023-09-16,Autumn,UPI,11615.4,6556.53,1927.44,6345.92,2443.48,558.86,28329.91,5,28329.91,5665.98,5665.98
1540,245,230,108,2024-04-12,2024-06-04,2024-06-10,Monsoon,Net Banking,73125.96,35552.43,9413.45,16732.38,10207.11,9408.12,135623.21,6,135623.21,27124.64,22603.87
1541,10,199,151,2024-03-26,2024-05-11,2024-05-18,Summer,Cash,15568.07,23779.8,5640.37,12700.45,6894.25,1968.02,62614.92,7,62614.92,12522.98,8944.99
1542,655,391,33,2023-05-14,2023-06-02,2023-06-05,Monsoon,Debit Card,15462.75,4839.99,7496.96,13471.5,5452.14,1046.49,45676.85,3,45676.85,9135.37,15225.62
1543,935,387,164,2024-12-02,2024-12-28,2024-12-30,Winter,Credit Card,10909.26,3431.85,3822.52,9599.93,1172.09,496.6,28439.05,2,28439.05,5687.81,14219.52
1544,895,225,5,2023-12-15,2023-12-27,2024-01-02,Winter,Credit Card,17068.56,21451.4,4586.52,15416.02,6224.29,415.27,64331.52,6,64331.52,12866.3,10721.92
1545,53,233,1,2024-11-15,2024-12-27,2025-01-03,Winter,UPI,155392.65,42943.81,9555.21,4225.21,3154.53,11284.23,203987.18,7,203987.18,40797.44,29141.03
1546,590,243,181,2024-04-19,2024-05-12,2024-05-19,Summer,UPI,85664.18,7892.44,2845.34,5117.36,3265.87,1949.3,102835.89,7,102835.89,20567.18,14690.84
1547,397,350,126,2024-06-21,2024-07-17,2024-07-21,Monsoon,Credit Card,12484.28,13098.54,6639.76,12177.1,2804.75,1283.29,45921.14,4,45921.14,9184.23,11480.28
1548,542,440,139,2024-03-04,2024-05-01,2024-05-06,Summer,Net Banking,89387.6,14268.13,7048.18,3275.93,6352.66,8714.68,111617.82,5,111617.82,22323.56,22323.56
1549,884,209,108,2022-12-21,2023-02-14,2023-02-20,Winter,Net Banking,25992.54,3303.93,4070.12,4428.59,2042.48,1778.73,38058.93,6,38058.93,7611.79,6343.16
1550,611,192,177,2023-05-09,2023-06-19,2023-06-24,Monsoon,Debit Card,28416.7,9579.35,5378.42,10606.67,6439.85,3443.67,56977.32,5,56977.32,11395.46,11395.46
1551,945,228,114,2022-12-31,2023-02-02,2023-02-05,Winter,UPI,11692.77,2054.41,3215.59,4194.43,1156.01,1390.81,20922.4,3,20922.4,4184.48,6974.13
1552,417,277,136,2023-11-23,2023-12-10,2023-12-13,Winter,Debit Card,7376.67,2366.67,4766.56,2418.56,3257.28,238.64,19947.1,3,19947.1,3989.42,6649.03
1553,604,476,30,2024-03-07,2024-03-13,2024-03-18,Summer,Credit Card,10157.35,17517.78,9615.46,7556.92,7894.37,393.99,52347.89,5,52347.89,10469.58,10469.58
1554,233,349,124,2024-11-23,2024-12-20,2024-12-27,Winter,Debit Card,39147.36,5502.66,2750.58,8799.55,1630.92,825.47,57005.6,7,57005.6,11401.12,8143.66
1555,313,47,195,2024-01-04,2024-02-08,2024-02-15,Winter,Credit Card,100883.16,3846.57,2530.16,9402.06,1388.33,13404.06,104646.22,7,104646.22,20929.24,14949.46
1556,570,173,82,2024-03-30,2024-04-25,2024-04-28,Summer,Credit Card,10101.69,4048.03,6629.26,15068.87,6596.9,1186.9,41257.85,3,41257.85,8251.57,13752.62
1557,263,86,37,2024-03-28,2024-05-05,2024-05-07,Summer,UPI,2068.74,1742.74,2776.27,7601.33,1559.39,40.96,15707.51,2,15707.51,3141.5,7853.76
1558,342,410,116,2023-12-11,2024-01-18,2024-01-25,Winter,Net Banking,34336.75,18431.49,2219.3,3608.53,2600.79,3039.27,58157.59,7,58157.59,11631.52,8308.23
1559,134,87,138,2023-03-09,2023-03-16,2023-03-18,Summer,Cash,3486.7,3906.52,4614.27,5601.83,3875.6,482.47,21002.45,2,21002.45,4200.49,10501.22
1560,975,304,170,2023-08-23,2023-10-18,2023-10-23,Autumn,Cash,23683.25,12867.25,5872.29,18393.71,4635.76,721.09,64731.17,5,64731.17,12946.23,12946.23
1561,817,359,13,2023-02-02,2023-02-26,2023-03-04,Winter,UPI,13440.9,10174.83,1694.72,8174.34,2158.61,1343.82,34299.58,6,34299.58,6859.92,5716.6
1562,402,159,92,2024-03-12,2024-04-01,2024-04-04,Summer,Debit Card,43426.77,7089.41,5447.22,8478.13,1022.13,511.88,64951.78,3,64951.78,12990.36,21650.59
1563,43,92,94,2024-10-24,2024-12-11,2024-12-13,Winter,Debit Card,4184.02,6870.58,2859.4,2865.8,5330.84,472.05,21638.59,2,21638.59,4327.72,10819.3
1564,85,371,120,2024-10-13,2024-11-10,2024-11-14,Autumn,Credit Card,6930.12,4390.09,3119.31,6195.14,2804.92,723.69,22715.89,4,22715.89,4543.18,5678.97
1565,57,445,196,2024-10-01,2024-10-14,2024-10-19,Autumn,UPI,9147.65,13278.16,1928.93,1758.15,1978.04,934.36,27156.57,5,27156.57,5431.31,5431.31
1566,585,230,108,2023-05-19,2023-05-27,2023-05-30,Summer,Net Banking,36562.98,1749.31,3138.22,7670.02,1523.24,2977.25,47666.52,3,47666.52,9533.3,15888.84
1567,962,413,40,2023-02-19,2023-03-19,2023-03-25,Summer,Net Banking,63922.92,4275.83,1951.63,5553.91,1892.64,6781.11,70815.82,6,70815.82,14163.16,11802.64
1568,11,219,126,2023-01-07,2023-01-28,2023-02-01,Winter,Net Banking,4079.96,14160.49,2905.41,2422.48,3958.19,163.95,27362.58,4,27362.58,5472.52,6840.64
1569,680,273,120,2023-04-05,2023-05-20,2023-05-25,Summer,Credit Card,5306.5,11582.65,4237.7,3846.87,7246.8,484.99,31735.53,5,31735.53,6347.11,6347.11
1570,868,500,84,2023-04-18,2023-06-01,2023-06-04,Monsoon,UPI,5117.01,3662.53,3045.57,2383.16,4936.46,421.93,18722.8,3,18722.8,3744.56,6240.93
1571,739,181,68,2023-02-09,2023-02-23,2023-03-01,Winter,Net Banking,13479.36,21151.99,8650.73,11506.98,6956.98,1524.42,60221.62,6,60221.62,12044.32,10036.94
1572,600,175,111,2023-05-03,2023-06-11,2023-06-18,Monsoon,UPI,97282.71,23583.78,7635.99,1391.86,6206.6,11704.16,124396.78,7,124396.78,24879.36,17770.97
1573,662,228,114,2022-12-08,2023-02-01,2023-02-06,Winter,UPI,19487.95,8728.67,2837.96,6959.91,887.45,2314.34,36587.6,5,36587.6,7317.52,7317.52
1574,318,469,35,2024-05-07,2024-05-27,2024-06-02,Summer,Net Banking,81579.24,15933.82,5476.12,21646.44,8315.86,6674.16,126277.32,6,126277.32,25255.46,21046.22
1575,710,36,106,2024-02-20,2024-03-24,2024-03-27,Summer,Net Banking,61803.87,4687.26,2844.35,1718.51,3130.24,2753.98,71430.25,3,71430.25,14286.05,23810.08
1576,651,157,137,2024-05-04,2024-05-28,2024-06-03,Summer,Net Banking,75843.0,13806.05,2986.49,17540.75,3271.27,5421.48,108026.08,6,108026.08,21605.22,18004.35
1577,346,463,151,2024-05-01,2024-06-08,2024-06-15,Monsoon,Credit Card,10858.33,12266.64,3453.53,5713.54,3170.15,368.74,35093.45,7,35093.45,7018.69,5013.35
1578,951,274,158,2024-06-12,2024-07-05,2024-07-10,Monsoon,Cash,64495.4,17962.16,9688.07,12529.68,6046.96,5491.37,105230.9,5,105230.9,21046.18,21046.18
1579,10,308,163,2023-12-28,2024-01-16,2024-01-21,Winter,Net Banking,53931.55,6911.67,9031.85,8110.35,5861.66,7839.0,76008.08,5,76008.08,15201.62,15201.62
1580,854,71,108,2024-04-06,2024-04-20,2024-04-22,Summer,Debit Card,3985.56,4027.99,6117.09,954.92,5690.99,429.14,20347.41,2,20347.41,4069.48,10173.7
1581,275,473,50,2023-06-17,2023-08-04,2023-08-08,Monsoon,Debit Card,74531.32,4800.57,1434.93,7107.44,3132.5,2060.94,88945.82,4,88945.82,17789.16,22236.46
1582,187,203,183,2023-04-03,2023-05-09,2023-05-13,Summer,Net Banking,6081.88,10858.93,8303.68,17576.04,5438.94,475.94,47783.53,4,47783.53,9556.71,11945.88
1583,129,471,74,2023-07-12,2023-08-07,2023-08-13,Monsoon,Cash,18231.84,42715.7,7529.72,28840.58,3861.16,1573.07,99605.93,6,99605.93,19921.19,16600.99
1584,653,125,133,2024-10-20,2024-11-20,2024-11-27,Autumn,Net Banking,7586.88,13071.73,2925.2,4766.66,3769.84,1118.62,31001.69,7,31001.69,6200.34,4428.81
1585,256,442,145,2023-07-05,2023-08-06,2023-08-09,Monsoon,UPI,31720.2,7184.76,8234.98,8053.68,1074.18,3424.37,52843.43,3,52843.43,10568.69,17614.48
1586,147,310,104,2023-05-09,2023-06-23,2023-06-25,Monsoon,Net Banking,7894.9,1901.84,2813.13,675.54,3442.49,369.2,16358.7,2,16358.7,3271.74,8179.35
1587,150,232,76,2023-06-05,2023-07-27,2023-08-03,Monsoon,UPI,39490.01,13680.08,7269.27,1049.95,7447.54,1042.75,67894.1,7,67894.1,13578.82,9699.16
1588,255,64,86,2024-09-06,2024-09-20,2024-09-27,Autumn,Credit Card,65815.61,11214.43,2771.5,3636.85,3520.78,9340.12,77619.05,7,77619.05,15523.81,11088.44
1589,231,319,18,2023-02-09,2023-03-22,2023-03-27,Summer,Cash,12171.4,2644.19,2277.86,2120.12,3222.55,1077.1,21359.02,5,21359.02,4271.8,4271.8
1590,188,406,173,2024-10-30,2024-12-06,2024-12-11,Winter,Cash,27656.5,15408.7,4674.99,3962.56,6790.65,3426.62,55066.78,5,55066.78,11013.36,11013.36
1591,101,457,117,2023-02-25,2023-03-16,2023-03-20,Summer,UPI,80849.48,6284.36,8266.65,12225.85,1217.98,11954.73,96889.59,4,96889.59,19377.92,24222.4
1592,434,159,92,2023-01-13,2023-02-05,2023-02-10,Winter,UPI,72377.95,5324.58,6560.46,7486.16,6002.06,4979.27,92771.94,5,92771.94,18554.39,18554.39
1593,57,124,190,2023-03-02,2023-03-11,2023-03-16,Summer,Credit Card,24030.0,6194.43,7714.8,5879.76,6058.78,1757.1,48120.67,5,48120.67,9624.13,9624.13
1594,92,188,180,2024-10-20,2024-12-18,2024-12-23,Winter,Credit Card,4956.4,8529.79,4824.09,2667.73,3991.83,38.9,24930.94,5,24930.94,4986.19,4986.19
1595,156,78,82,2024-10-12,2024-11-11,2024-11-15,Autumn,Credit Card,33535.8,8899.84,12537.36,13368.09,6490.5,440.67,74390.92,4,74390.92,14878.18,18597.73
1596,329,120,74,2023-05-23,2023-07-16,2023-07-22,Monsoon,Credit Card,9120.48,14899.4,7880.26,14801.32,5516.39,1212.01,51005.84,6,51005.84,10201.17,8500.97
1597,926,11,52,2023-04-05,2023-05-24,2023-05-28,Summer,Cash,5431.2,13978.78,8507.52,17533.92,4783.76,712.43,49522.75,4,49522.75,9904.55,12380.69
1598,113,171,106,2024-08-07,2024-09-12,2024-09-14,Autumn,Net Banking,8368.2,2296.73,1922.46,9587.92,2711.31,165.01,24721.61,2,24721.61,4944.32,12360.8
1599,285,210,186,2024-01-12,2024-03-04,2024-03-09,Summer,Debit Card,9425.65,17680.64,2595.47,13392.3,4755.13,515.61,47333.58,5,47333.58,9466.72,9466.72
1600,972,367,170,2024-05-31,2024-06-05,2024-06-07,Monsoon,Net Banking,5684.58,2307.46,1292.63,415.36,1038.45,268.08,10470.4,2,10470.4,2094.08,5235.2
1601,576,338,18,2024-04-06,2024-05-22,2024-05-27,Summer,Cash,61306.95,10512.8,8116.3,5509.29,5220.78,6370.38,84295.74,5,84295.74,16859.15,16859.15
1602,433,13,117,2023-10-02,2023-11-24,2023-11-30,Autumn,Credit Card,11662.26,3983.74,1314.59,2845.3,3140.09,1281.8,21664.18,6,21664.18,4332.84,3610.7
1603,870,26,174,2023-07-20,2023-09-16,2023-09-22,Autumn,Cash,35334.96,13513.55,2506.78,10690.14,1141.07,4236.21,58950.29,6,58950.29,11790.06,9825.05
1604,918,201,166,2024-06-29,2024-08-08,2024-08-14,Monsoon,Credit Card,27638.1,6668.69,3033.02,7077.22,3068.51,367.29,47118.25,6,47118.25,9423.65,7853.04
1605,837,351,135,2024-05-13,2024-05-20,2024-05-24,Summer,Credit Card,3421.44,5965.03,2527.24,9932.61,3155.61,275.24,24726.69,4,24726.69,4945.34,6181.67
1606,165,195,190,2023-04-27,2023-06-01,2023-06-04,Monsoon,Net Banking,15852.21,2204.67,1007.11,6383.19,2438.92,1600.83,26285.27,3,26285.27,5257.05,8761.76
1607,967,443,38,2023-04-04,2023-04-21,2023-04-26,Summer,Debit Card,11481.1,10275.57,4261.74,9322.2,2562.93,1247.59,36655.95,5,36655.95,7331.19,7331.19
1608,800,15,18,2023-10-09,2023-12-02,2023-12-07,Winter,Cash,6440.25,5825.83,4537.23,7602.35,2543.96,955.07,25994.55,5,25994.55,5198.91,5198.91
1609,381,53,99,2024-06-28,2024-08-10,2024-08-16,Monsoon,Debit Card,9908.1,13409.81,9133.59,5204.25,4365.64,838.67,41182.72,6,41182.72,8236.54,6863.79
1610,967,223,77,2024-05-18,2024-06-15,2024-06-17,Monsoon,Cash,21927.4,4025.76,5931.39,2019.53,3974.91,1165.41,36713.58,2,36713.58,7342.72,18356.79
1611,47,180,140,2024-08-28,2024-09-27,2024-09-30,Autumn,UPI,10432.83,2620.25,4001.98,5037.81,3706.37,1026.31,24772.93,3,24772.93,4954.59,8257.64
1612,215,302,142,2023-12-17,2023-12-24,2023-12-27,Winter,UPI,13846.89,13973.95,17443.08,15426.8,11356.11,444.34,71602.49,3,71602.49,14320.5,23867.5
1613,790,241,174,2024-09-06,2024-09-26,2024-09-28,Autumn,Debit Card,10233.32,1298.26,2980.52,5572.1,878.93,1201.54,19761.59,2,19761.59,3952.32,9880.8
1614,860,213,91,2024-01-14,2024-02-18,2024-02-25,Winter,Debit Card,25773.23,13076.86,5090.35,9454.36,2525.47,3687.9,52232.37,7,52232.37,10446.47,7461.77
1615,979,419,39,2024-03-15,2024-05-01,2024-05-03,Summer,UPI,5225.58,1887.36,4970.21,5072.81,3105.32,28.59,20232.69,2,20232.69,4046.54,10116.34
1616,578,301,130,2023-10-21,2023-12-19,2023-12-24,Winter,Net Banking,8920.65,26039.63,7011.38,18360.07,3502.32,505.14,63328.91,5,63328.91,12665.78,12665.78
1617,402,110,95,2023-12-01,2024-01-08,2024-01-11,Winter,Credit Card,38203.8,2922.73,5977.89,5238.89,2871.09,3524.8,51689.6,3,51689.6,10337.92,17229.87
1618,634,480,91,2023-01-26,2023-03-16,2023-03-23,Summer,UPI,156047.99,4616.74,4966.36,5663.94,2753.36,7352.01,166696.38,7,166696.38,33339.28,23813.77
1619,278,212,186,2023-09-03,2023-10-17,2023-10-22,Autumn,Debit Card,72346.15,5194.2,3087.48,7984.47,1048.67,3655.19,86005.78,5,86005.78,17201.16,17201.16
1620,464,399,46,2024-01-28,2024-02-02,2024-02-05,Winter,Debit Card,29561.1,5248.31,3037.11,17932.79,3008.79,1650.75,57137.35,3,57137.35,11427.47,19045.78
1621,762,240,186,2023-05-09,2023-06-06,2023-06-08,Monsoon,UPI,19526.24,2555.97,3946.32,8260.66,858.01,1513.04,33634.16,2,33634.16,6726.83,16817.08
1622,645,85,152,2023-07-02,2023-07-11,2023-07-16,Monsoon,Net Banking,50018.25,5735.17,3838.55,8010.38,3474.3,1631.92,69444.73,5,69444.73,13888.95,13888.95
1623,131,250,24,2024-06-03,2024-06-25,2024-06-30,Monsoon,Cash,11565.95,2752.34,3227.5,7996.57,1956.99,566.24,26933.11,5,26933.11,5386.62,5386.62
1624,486,201,166,2024-07-17,2024-08-10,2024-08-13,Monsoon,Credit Card,13819.05,7744.91,15109.12,9342.78,8797.05,520.42,54292.49,3,54292.49,10858.5,18097.5
1625,558,429,55,2023-03-09,2023-05-08,2023-05-13,Summer,Debit Card,20976.0,5965.18,2200.81,415.52,3800.58,2635.42,30722.67,5,30722.67,6144.53,6144.53
1626,893,57,22,2023-10-09,2023-10-23,2023-10-28,Autumn,Net Banking,24793.1,14469.48,8497.39,18401.73,6515.9,2247.31,70430.29,5,70430.29,14086.06,14086.06
1627,255,343,30,2023-07-03,2023-07-13,2023-07-15,Monsoon,UPI,9415.3,2362.6,4130.05,925.15,2254.76,1176.88,17910.98,2,17910.98,3582.2,8955.49
1628,128,426,160,2023-01-30,2023-02-24,2023-03-01,Winter,Cash,56973.25,3572.61,2215.1,4862.02,2460.7,5717.96,64365.72,5,64365.72,12873.14,12873.14
1629,217,149,33,2022-12-18,2023-01-08,2023-01-10,Winter,UPI,20165.94,4606.95,14480.91,18564.07,3196.89,2594.95,58419.81,2,58419.81,11683.96,29209.9
1630,876,288,102,2024-07-06,2024-08-01,2024-08-03,Monsoon,Debit Card,13126.46,1469.72,3544.72,4449.34,2555.36,4.38,25141.22,2,25141.22,5028.24,12570.61
1631,320,231,128,2024-01-09,2024-01-14,2024-01-20,Winter,UPI,31956.0,36473.27,15216.08,32498.46,7510.77,1418.43,122236.15,6,122236.15,24447.23,20372.69
1632,838,258,200,2023-09-27,2023-10-03,2023-10-06,Autumn,Credit Card,20209.5,4827.68,7612.13,13732.69,3355.27,954.0,48783.27,3,48783.27,9756.65,16261.09
1633,129,485,188,2024-09-25,2024-11-11,2024-11-16,Autumn,Cash,32164.75,16257.42,4387.0,26123.18,2144.25,1036.32,80040.28,5,80040.28,16008.06,16008.06
1634,960,231,128,2024-03-19,2024-05-01,2024-05-04,Summer,Debit Card,15978.0,4238.06,3832.08,3931.84,3893.85,1473.66,30400.17,3,30400.17,6080.03,10133.39
1635,92,96,90,2024-10-01,2024-10-10,2024-10-12,Autumn,Net Banking,2172.48,1050.76,1671.32,7590.78,2078.22,76.17,14487.39,2,14487.39,2897.48,7243.7
1636,67,360,25,2023-06-06,2023-07-12,2023-07-17,Monsoon,Debit Card,17219.25,3156.92,4346.06,812.14,3987.58,1556.35,27965.6,5,27965.6,5593.12,5593.12
1637,660,171,106,2023-03-12,2023-04-06,2023-04-09,Summer,Net Banking,12552.3,6006.72,17006.7,767.46,5339.33,547.14,41125.37,3,41125.37,8225.07,13708.46
1638,534,205,170,2024-05-20,2024-06-18,2024-06-25,Monsoon,Cash,12281.36,12071.24,3363.77,5087.66,2308.68,860.86,34251.85,7,34251.85,6850.37,4893.12
1639,920,333,112,2023-04-23,2023-05-01,2023-05-06,Summer,Net Banking,71521.0,2529.47,1287.26,4862.87,3845.14,9243.62,74802.12,5,74802.12,14960.42,14960.42
1640,670,247,193,2024-05-03,2024-05-20,2024-05-23,Summer,Credit Card,17641.74,6297.62,2543.5,16768.39,1365.47,282.14,44334.58,3,44334.58,8866.92,14778.19
1641,721,389,149,2023-05-11,2023-06-02,2023-06-08,Monsoon,Credit Card,6380.94,9063.98,2742.6,5732.28,1602.92,930.09,24592.63,6,24592.63,4918.53,4098.77
1642,366,172,167,2024-10-24,2024-11-15,2024-11-18,Autumn,Debit Card,4701.57,5099.64,7295.84,6060.76,4952.51,287.14,27823.18,3,27823.18,5564.64,9274.39
1643,719,474,107,2023-03-28,2023-05-08,2023-05-10,Summer,Net Banking,8483.32,5991.24,1990.9,3800.09,2375.07,310.24,22330.38,2,22330.38,4466.08,11165.19
1644,2,449,17,2023-09-27,2023-11-10,2023-11-17,Autumn,Cash,27718.39,19255.75,5077.81,8084.37,3435.89,2990.85,60581.36,7,60581.36,12116.27,8654.48
1645,735,58,79,2024-09-24,2024-11-21,2024-11-26,Autumn,Debit Card,12044.65,5900.84,5071.9,17307.52,6375.04,1379.14,45320.81,5,45320.81,9064.16,9064.16
1646,712,468,83,2024-01-03,2024-02-23,2024-02-26,Winter,Debit Card,15101.31,9121.52,7644.87,14808.3,6228.52,851.98,52052.54,3,52052.54,10410.51,17350.85
1647,338,497,67,2023-06-23,2023-07-28,2023-08-04,Monsoon,Net Banking,83973.05,9310.79,3655.13,2607.74,773.84,11656.15,88664.4,7,88664.4,17732.88,12666.34
1648,248,141,82,2023-06-20,2023-07-25,2023-07-31,Monsoon,Net Banking,34645.32,13925.73,2267.03,117.27,3546.86,3331.58,51170.63,6,51170.63,10234.13,8528.44
1649,490,447,96,2024-04-02,2024-05-15,2024-05-18,Summer,Credit Card,11686.17,10927.53,2971.48,2724.95,1171.48,1222.64,28258.97,3,28258.97,5651.79,9419.66
1650,602,286,165,2024-08-04,2024-08-25,2024-08-30,Monsoon,UPI,4386.9,19817.39,15402.39,19264.13,9309.22,10.25,68169.78,5,68169.78,13633.96,13633.96
1651,962,152,128,2024-06-06,2024-07-12,2024-07-14,Monsoon,Debit Card,4487.84,2797.9,1949.35,6614.12,2164.03,565.42,17447.82,2,17447.82,3489.56,8723.91
1652,102,371,120,2024-05-22,2024-07-13,2024-07-19,Monsoon,Debit Card,10395.18,22532.55,5416.46,30015.04,9970.43,513.42,77816.24,6,77816.24,15563.25,12969.37
1653,637,474,107,2023-02-21,2023-03-01,2023-03-08,Summer,Credit Card,29691.62,11729.6,4185.09,1110.86,3197.51,246.66,49668.02,7,49668.02,9933.6,7095.43
1654,838,168,85,2024-04-05,2024-06-03,2024-06-09,Monsoon,Net Banking,14820.3,8518.93,3657.05,4542.81,5759.29,1386.04,35912.34,6,35912.34,7182.47,5985.39
1655,527,42,96,2023-04-09,2023-04-28,2023-04-30,Summer,Credit Card,47033.54,3017.76,3224.16,1399.32,3173.24,3745.2,54102.82,2,54102.82,10820.56,27051.41
1656,311,341,138,2023-11-07,2023-12-25,2024-01-01,Winter,Cash,83593.44,12453.32,2912.29,1966.42,3762.59,922.58,103765.48,7,103765.48,20753.1,14823.64
1657,271,341,138,2023-04-29,2023-06-16,2023-06-21,Monsoon,Debit Card,59709.6,25959.5,9542.76,32437.61,6371.29,2839.28,131181.48,5,131181.48,26236.3,26236.3
1658,430,36,106,2023-06-10,2023-08-03,2023-08-09,Monsoon,Cash,123607.74,8451.83,3117.67,8213.21,6254.57,9757.64,139887.38,6,139887.38,27977.48,23314.56
1659,408,421,87,2024-04-04,2024-04-13,2024-04-20,Summer,Debit Card,121230.13,24397.87,3244.33,8269.2,6352.04,12552.37,150941.2,7,150941.2,30188.24,21563.03
1660,447,312,93,2023-01-25,2023-03-11,2023-03-17,Summer,Cash,11543.34,12942.21,15805.68,15643.63,1988.38,422.17,57501.07,6,57501.07,11500.21,9583.51
1661,231,401,4,2023-05-13,2023-06-23,2023-06-30,Monsoon,Debit Card,99988.28,10415.19,4910.04,1399.12,3648.95,2237.51,118124.07,7,118124.07,23624.81,16874.87
1662,909,326,134,2024-09-18,2024-10-04,2024-10-09,Autumn,Cash,95636.4,4303.0,3332.69,6050.13,2686.16,4603.15,107405.23,5,107405.23,21481.05,21481.05
1663,881,85,152,2024-09-23,2024-11-06,2024-11-11,Autumn,UPI,50018.25,8872.07,7470.35,5568.42,7730.04,6012.96,73646.17,5,73646.17,14729.23,14729.23
1664,765,323,59,2024-06-05,2024-06-17,2024-06-19,Monsoon,Credit Card,17010.36,1927.33,4884.37,2207.86,1991.3,62.02,27959.2,2,27959.2,5591.84,13979.6
1665,725,267,92,2024-01-06,2024-01-16,2024-01-20,Winter,UPI,54721.4,6214.88,3375.33,6599.26,2929.88,6327.9,67512.85,4,67512.85,13502.57,16878.21
1666,932,199,151,2023-06-20,2023-07-25,2023-07-31,Monsoon,Net Banking,13344.06,11361.64,1208.52,9222.94,2519.95,1377.3,36279.81,6,36279.81,7255.96,6046.63
1667,17,366,192,2024-08-05,2024-09-08,2024-09-11,Autumn,Credit Card,3253.32,3356.05,4545.3,9666.26,1883.44,10.97,22693.4,3,22693.4,4538.68,7564.47
1668,150,98,71,2024-03-25,2024-05-03,2024-05-05,Summer,Debit Card,14993.54,5734.93,4757.6,12384.57,4974.42,1101.36,41743.7,2,41743.7,8348.74,20871.85
1669,789,117,19,2023-07-24,2023-09-20,2023-09-24,Autumn,Net Banking,9550.68,7116.29,2263.39,3462.57,2475.14,921.88,23946.19,4,23946.19,4789.24,5986.55
1670,150,131,58,2024-11-12,2024-11-22,2024-11-24,Autumn,Credit Card,6170.06,4876.91,3732.57,7830.27,7456.92,10.97,30055.76,2,30055.76,6011.15,15027.88
1671,728,271,76,2024-04-28,2024-06-13,2024-06-18,Monsoon,Net Banking,13739.55,3280.55,1641.25,9480.75,1520.82,1752.13,27910.79,5,27910.79,5582.16,5582.16
1672,211,107,110,2023-01-11,2023-01-18,2023-01-22,Winter,Net Banking,3207.4,15474.89,2256.59,18954.66,5895.98,278.1,45511.42,4,45511.42,9102.28,11377.86
1673,171,322,199,2023-01-14,2023-02-17,2023-02-20,Winter,Debit Card,4545.48,18349.81,4166.14,16981.32,10823.07,357.8,54508.02,3,54508.02,10901.6,18169.34
1674,86,88,116,2023-06-21,2023-07-23,2023-07-27,Monsoon,UPI,9672.52,18967.0,5750.58,96.1,3485.05,92.93,37878.32,4,37878.32,7575.66,9469.58
1675,460,433,99,2023-11-27,2024-01-05,2024-01-10,Winter,UPI,29532.25,17444.07,2554.84,13637.57,2121.16,2715.81,62574.08,5,62574.08,12514.82,12514.82
1676,441,391,33,2024-11-02,2024-11-11,2024-11-14,Autumn,Cash,15462.75,9582.32,4617.9,6640.34,5791.02,45.19,42049.14,3,42049.14,8409.83,14016.38
1677,980,187,23,2023-12-05,2023-12-17,2023-12-23,Winter,UPI,19827.06,9197.72,4074.33,7100.05,950.87,2608.59,38541.44,6,38541.44,7708.29,6423.57
1678,213,354,69,2023-01-09,2023-01-14,2023-01-19,Winter,Debit Card,17318.5,6241.53,4120.12,2763.73,5021.42,599.86,34865.44,5,34865.44,6973.09,6973.09
1679,723,464,72,2024-05-08,2024-05-22,2024-05-29,Summer,UPI,6182.12,10032.59,5089.66,14523.81,4518.19,909.34,39437.03,7,39437.03,7887.41,5633.86
1680,786,294,119,2023-03-16,2023-04-28,2023-04-30,Summer,Net Banking,3883.72,5631.11,3392.02,7596.48,6569.07,248.33,26824.07,2,26824.07,5364.81,13412.04
1681,395,429,55,2024-06-11,2024-07-01,2024-07-04,Monsoon,Credit Card,12585.6,9518.67,7609.65,9097.95,13680.13,735.38,51756.62,3,51756.62,10351.32,17252.21
1682,447,201,166,2024-03-26,2024-04-01,2024-04-08,Summer,Cash,32244.45,23463.5,14958.42,11926.36,2146.11,1592.22,83146.62,7,83146.62,16629.32,11878.09
1683,672,49,136,2024-09-24,2024-11-05,2024-11-10,Autumn,Debit Card,70063.65,22924.56,12043.42,10645.85,3299.59,63.81,118913.26,5,118913.26,23782.65,23782.65
1684,838,10,115,2024-07-10,2024-08-20,2024-08-27,Monsoon,Net Banking,16515.24,8165.72,6975.63,3512.56,2978.35,402.38,37745.12,7,37745.12,7549.02,5392.16
1685,340,191,71,2023-04-08,2023-04-23,2023-04-26,Summer,Cash,14169.75,10277.13,4135.52,15074.16,2116.57,969.27,44803.86,3,44803.86,8960.77,14934.62
1686,456,326,134,2024-02-17,2024-04-09,2024-04-11,Summer,UPI,38254.56,2490.83,2618.37,9384.2,3111.53,3881.09,51978.4,2,51978.4,10395.68,25989.2
1687,611,187,23,2022-12-22,2023-01-03,2023-01-07,Winter,Debit Card,13218.04,12424.37,4099.26,12344.82,6159.39,918.01,47327.87,4,47327.87,9465.57,11831.97
1688,722,279,99,2023-07-06,2023-07-13,2023-07-16,Monsoon,Credit Card,6296.46,10663.71,3789.79,10576.1,7007.03,18.77,38314.32,3,38314.32,7662.86,12771.44
1689,931,494,162,2023-03-31,2023-05-23,2023-05-29,Summer,Net Banking,66978.9,4059.6,3174.27,674.07,3610.96,8473.45,70024.35,6,70024.35,14004.87,11670.72
1690,847,462,118,2023-02-22,2023-04-12,2023-04-16,Summer,UPI,20919.28,5964.51,2457.86,8792.82,658.18,2310.91,36481.74,4,36481.74,7296.35,9120.44
1691,362,289,76,2024-04-09,2024-05-15,2024-05-21,Summer,Cash,11708.34,23685.98,2706.11,13612.39,6496.78,1737.7,56471.9,6,56471.9,11294.38,9411.98
1692,817,281,43,2024-02-28,2024-03-25,2024-03-30,Summer,Net Banking,8532.25,9786.74,2768.61,2501.14,3184.69,873.91,25899.52,5,25899.52,5179.9,5179.9
1693,90,200,73,2023-12-07,2024-01-17,2024-01-22,Winter,Credit Card,112574.8,15272.89,2585.01,6275.35,6748.71,2834.97,140621.79,5,140621.79,28124.36,28124.36
1694,120,398,157,2024-02-14,2024-03-23,2024-03-29,Summer,Net Banking,14651.16,12769.53,16781.95,7047.27,7577.18,1496.09,57331.0,6,57331.0,11466.2,9555.17
1695,73,67,101,2023-09-14,2023-11-01,2023-11-06,Autumn,UPI,21844.55,5428.12,1423.31,1168.32,1362.46,2742.92,28483.84,5,28483.84,5696.77,5696.77
1696,619,387,164,2023-07-04,2023-07-15,2023-07-22,Monsoon,UPI,38182.41,10807.28,4740.17,9123.65,3497.05,1261.89,65088.67,7,65088.67,13017.73,9298.38
1697,534,347,53,2024-06-13,2024-06-27,2024-07-03,Monsoon,UPI,32072.04,9604.92,4852.94,5608.21,2651.69,1907.79,52882.01,6,52882.01,10576.4,8813.67
1698,668,54,60,2024-07-05,2024-07-25,2024-07-31,Monsoon,Net Banking,76140.36,11814.0,3547.53,12811.76,6548.23,97.68,110764.2,6,110764.2,22152.84,18460.7
1699,5,241,174,2024-02-07,2024-03-20,2024-03-26,Summer,UPI,30699.96,10036.5,2250.53,6839.91,2749.0,1163.46,51412.44,6,51412.44,10282.49,8568.74
1700,820,159,92,2023-03-16,2023-04-15,2023-04-21,Summer,Debit Card,86853.54,19388.71,3083.5,12804.99,7483.76,3710.5,125904.0,6,125904.0,25180.8,20984.0
1701,238,153,165,2024-10-08,2024-10-19,2024-10-26,Autumn,Net Banking,79152.78,7650.84,8402.66,5182.31,3386.18,7744.22,96030.55,7,96030.55,19206.11,13718.65
1702,528,108,133,2024-11-06,2024-12-21,2024-12-28,Winter,Cash,13877.64,11278.11,2848.24,6059.7,3239.86,2011.13,35292.42,7,35292.42,7058.48,5041.77
1703,373,260,196,2024-07-26,2024-09-17,2024-09-20,Autumn,Net Banking,17645.91,5968.79,7327.95,15947.36,1504.3,1262.44,47131.87,3,47131.87,9426.37,15710.62
1704,317,422,199,2024-02-15,2024-02-22,2024-02-27,Winter,Debit Card,8087.85,2925.92,2771.43,6699.24,3322.3,1019.31,22787.43,5,22787.43,4557.49,4557.49
1705,477,491,90,2023-03-25,2023-05-11,2023-05-13,Summer,Credit Card,4807.14,2475.79,3138.41,3879.04,1048.53,137.54,15211.37,2,15211.37,3042.27,7605.68
1706,733,365,81,2024-06-11,2024-07-01,2024-07-04,Monsoon,Net Banking,13264.62,4117.39,3416.06,1298.96,2440.14,1357.21,23179.96,3,23179.96,4635.99,7726.65
1707,45,373,124,2023-03-12,2023-03-25,2023-04-01,Summer,Net Banking,10858.12,24509.31,5884.16,8564.14,10548.88,1157.91,59206.7,7,59206.7,11841.34,8458.1
1708,829,61,147,2024-03-15,2024-04-05,2024-04-11,Summer,Credit Card,6528.9,9390.74,9748.63,4913.34,4374.5,73.29,34882.82,6,34882.82,6976.56,5813.8
1709,435,406,173,2023-06-29,2023-07-19,2023-07-26,Monsoon,UPI,38719.1,6796.61,2378.71,4514.85,3960.21,5304.02,51065.46,7,51065.46,10213.09,7295.07
1710,153,19,173,2022-12-26,2023-01-16,2023-01-18,Winter,Debit Card,2889.54,4508.58,4473.34,18740.36,6550.77,244.28,36918.31,2,36918.31,7383.66,18459.16
1711,819,241,174,2023-10-10,2023-10-25,2023-10-27,Autumn,Cash,10233.32,5382.31,9417.37,11941.31,7695.86,226.37,44443.8,2,44443.8,8888.76,22221.9
1712,694,375,194,2023-09-26,2023-10-27,2023-10-31,Autumn,Credit Card,20767.44,4625.6,2620.88,9061.27,1091.01,465.48,37700.72,4,37700.72,7540.14,9425.18
1713,555,333,112,2023-04-13,2023-05-12,2023-05-16,Summer,UPI,57216.8,4515.48,3779.9,2483.32,515.3,2202.87,66307.93,4,66307.93,13261.59,16576.98
1714,379,166,33,2024-09-23,2024-10-19,2024-10-21,Autumn,Debit Card,7132.82,3908.58,1848.98,3328.3,523.16,533.27,16208.57,2,16208.57,3241.71,8104.28
1715,787,276,104,2024-07-08,2024-07-26,2024-07-29,Monsoon,Debit Card,57830.07,3696.71,4431.3,1916.86,3031.11,535.36,70370.69,3,70370.69,14074.14,23456.9
1716,695,422,199,2023-04-01,2023-04-17,2023-04-24,Summer,Debit Card,11322.99,13865.81,4514.61,11892.41,6063.59,241.38,47418.03,7,47418.03,9483.61,6774.0
1717,983,218,81,2023-09-19,2023-11-06,2023-11-09,Autumn,Debit Card,3795.0,3558.62,5552.98,18977.95,5735.74,227.93,37392.36,3,37392.36,7478.47,12464.12
1718,469,396,188,2024-08-18,2024-09-21,2024-09-23,Autumn,Credit Card,10854.64,13926.81,13366.3,6215.16,2503.29,950.9,45915.3,2,45915.3,9183.06,22957.65
1719,214,130,46,2023-01-14,2023-02-15,2023-02-21,Winter,Net Banking,63171.9,11046.42,4649.46,3823.93,3048.41,5223.37,80516.75,6,80516.75,16103.35,13419.46
1720,199,352,118,2023-03-28,2023-05-19,2023-05-26,Summer,Credit Card,11074.84,20297.96,2934.37,16557.57,5834.14,1012.35,55686.53,7,55686.53,11137.31,7955.22
1721,116,2,189,2023-09-27,2023-11-01,2023-11-03,Autumn,Debit Card,9395.2,1520.01,2671.61,8658.92,3642.0,177.46,25710.28,2,25710.28,5142.06,12855.14
1722,149,262,162,2024-01-23,2024-03-15,2024-03-19,Summer,Debit Card,19430.16,4724.18,1216.56,2860.72,2458.81,1431.02,29259.41,4,29259.41,5851.88,7314.85
1723,555,275,135,2023-10-04,2023-10-18,2023-10-20,Autumn,Net Banking,4545.42,1580.55,1635.12,6602.34,3407.08,509.51,17261.0,2,17261.0,3452.2,8630.5
1724,27,492,19,2022-12-04,2023-01-14,2023-01-20,Winter,Credit Card,22647.54,20004.9,3662.54,12666.39,3203.75,1968.94,60216.18,6,60216.18,12043.24,10036.03
1725,141,380,83,2024-11-09,2024-11-14,2024-11-20,Autumn,Net Banking,50257.38,18659.27,7717.79,11641.18,6482.53,7167.77,87590.38,6,87590.38,17518.08,14598.4
1726,451,80,104,2024-07-01,2024-07-27,2024-07-30,Monsoon,UPI,4417.47,12868.72,10123.9,16767.95,4957.67,327.88,48807.83,3,48807.83,9761.57,16269.28
1727,928,275,135,2024-03-06,2024-05-01,2024-05-08,Summer,Cash,15908.97,6362.14,2272.32,4681.03,3214.03,126.14,32312.35,7,32312.35,6462.47,4616.05
1728,445,45,159,2024-02-26,2024-04-05,2024-04-09,Summer,Debit Card,5017.8,4393.31,1245.19,5987.39,2294.27,744.32,18193.64,4,18193.64,3638.73,4548.41
1729,916,206,28,2023-08-08,2023-09-23,2023-09-28,Autumn,UPI,22811.9,6113.61,1993.29,6148.8,6353.83,255.03,43166.4,5,43166.4,8633.28,8633.28
1730,529,483,56,2024-04-23,2024-06-13,2024-06-20,Monsoon,Net Banking,10053.19,18397.72,2084.6,4025.3,5829.82,1453.23,38937.4,7,38937.4,7787.48,5562.49
1731,412,194,199,2024-01-18,2024-02-28,2024-03-03,Winter,Credit Card,44199.16,5158.93,5994.96,3436.35,1676.23,1154.93,59310.7,4,59310.7,11862.14,14827.68
1732,781,135,188,2023-12-11,2024-01-08,2024-01-15,Winter,UPI,45539.62,4373.66,2595.64,180.06,2518.8,584.73,54623.05,7,54623.05,10924.61,7803.29
1733,632,285,100,2023-08-15,2023-09-17,2023-09-19,Autumn,Credit Card,6531.24,2413.84,3768.56,7794.44,2898.04,476.03,22930.09,2,22930.09,4586.02,11465.04
1734,920,53,99,2023-04-12,2023-05-16,2023-05-23,Summer,Credit Card,11559.45,11107.58,1219.26,8270.1,703.75,392.02,32468.12,7,32468.12,6493.62,4638.3
1735,435,500,84,2024-06-21,2024-07-24,2024-07-30,Monsoon,Net Banking,10234.02,7077.11,1606.66,9120.12,1942.99,1028.04,28952.86,6,28952.86,5790.57,4825.48
1736,336,499,197,2022-12-17,2023-01-27,2023-01-29,Winter,Credit Card,8063.6,3028.86,1203.99,1061.35,2443.44,438.0,15363.24,2,15363.24,3072.65,7681.62
1737,744,91,200,2022-12-09,2023-01-05,2023-01-12,Winter,UPI,29392.3,16985.04,2977.0,13726.82,4848.32,3100.87,64828.61,7,64828.61,12965.72,9261.23
1738,633,90,43,2023-01-06,2023-01-22,2023-01-28,Winter,Net Banking,77793.18,6280.27,3497.48,6030.46,1441.61,5376.04,89666.96,6,89666.96,17933.39,14944.49
1739,710,335,113,2024-08-02,2024-08-21,2024-08-27,Monsoon,Net Banking,77172.66,5891.62,4468.27,9877.64,3118.58,2944.97,97583.8,6,97583.8,19516.76,16263.97
1740,779,86,37,2024-04-04,2024-05-22,2024-05-29,Summer,Cash,7240.59,11517.29,2031.66,6484.46,696.55,90.56,27879.99,7,27879.99,5576.0,3982.86
1741,292,58,79,2023-04-22,2023-05-15,2023-05-17,Summer,UPI,4817.86,1278.75,4592.29,1876.54,2105.05,564.4,14106.09,2,14106.09,2821.22,7053.04
1742,628,393,181,2024-02-23,2024-03-26,2024-03-31,Summer,Cash,23940.75,8285.85,3746.91,4472.89,2367.51,2670.14,40143.77,5,40143.77,8028.75,8028.75
1743,923,193,80,2023-11-19,2023-12-27,2023-12-31,Winter,UPI,23559.96,8961.17,2436.51,14322.87,2797.43,2322.89,49755.05,4,49755.05,9951.01,12438.76
1744,820,186,112,2024-05-11,2024-06-17,2024-06-19,Monsoon,UPI,10672.86,3637.22,6898.2,10310.16,2480.07,1311.94,32686.57,2,32686.57,6537.31,16343.28
1745,346,258,200,2024-09-17,2024-09-24,2024-10-01,Autumn,UPI,47155.5,8164.19,2062.13,268.09,2660.21,3945.79,56364.33,7,56364.33,11272.87,8052.05
1746,215,94,23,2023-05-28,2023-06-11,2023-06-16,Monsoon,Cash,14197.55,11950.57,16579.62,3259.05,13931.25,1940.19,57977.85,5,57977.85,11595.57,11595.57
1747,531,191,71,2023-07-28,2023-08-18,2023-08-23,Monsoon,Net Banking,23616.25,9228.01,3438.75,6683.12,3044.14,2112.9,43897.37,5,43897.37,8779.47,8779.47
1748,839,85,152,2024-01-17,2024-02-27,2024-03-03,Winter,Credit Card,50018.25,22502.16,6618.88,29474.43,7519.89,5210.25,110923.36,5,110923.36,22184.67,22184.67
1749,667,141,82,2023-09-18,2023-09-25,2023-09-28,Autumn,Debit Card,17322.66,8909.77,5348.73,3097.27,5313.4,2463.99,37527.84,3,37527.84,7505.57,12509.28
1750,679,478,40,2024-02-02,2024-02-28,2024-03-03,Winter,Cash,9292.32,13914.81,8581.09,10340.83,7190.6,675.0,48644.65,4,48644.65,9728.93,12161.16
1751,811,281,43,2023-09-05,2023-11-03,2023-11-07,Autumn,Net Banking,6825.8,28189.64,7277.54,26238.38,5328.51,312.33,73547.54,4,73547.54,14709.51,18386.88
1752,6,151,48,2023-05-04,2023-05-15,2023-05-20,Summer,Cash,10693.0,16904.49,6711.79,17760.0,6441.35,129.28,58381.35,5,58381.35,11676.27,11676.27
1753,441,41,196,2024-05-03,2024-06-11,2024-06-13,Monsoon,UPI,18310.92,4064.82,3152.45,16643.6,2266.5,1225.04,43213.25,2,43213.25,8642.65,21606.62
1754,966,430,179,2024-03-11,2024-04-19,2024-04-25,Summer,Net Banking,14041.62,22932.75,4645.14,5575.61,4589.05,1860.82,49923.35,6,49923.35,9984.67,8320.56
1755,777,151,48,2023-12-04,2023-12-09,2023-12-11,Winter,Cash,4277.2,6801.5,2780.59,16841.16,7144.09,631.14,37213.4,2,37213.4,7442.68,18606.7
1756,426,456,140,2024-11-18,2024-12-20,2024-12-23,Winter,Net Banking,46995.18,2997.92,4964.19,9878.71,2534.99,1770.55,65600.44,3,65600.44,13120.09,21866.81
1757,918,128,43,2023-06-20,2023-07-04,2023-07-08,Monsoon,Cash,22308.28,3718.06,2178.42,6040.43,1976.76,2637.92,33584.03,4,33584.03,6716.81,8396.01
1758,358,209,108,2023-02-09,2023-03-12,2023-03-18,Summer,Net Banking,25992.54,15209.74,5505.31,33177.45,12734.42,242.13,92377.33,6,92377.33,18475.47,15396.22
1759,965,416,153,2024-04-28,2024-06-11,2024-06-15,Monsoon,Cash,5794.52,2181.54,2264.29,2320.66,1825.69,114.14,14272.56,4,14272.56,2854.51,3568.14
1760,134,231,128,2024-06-18,2024-07-08,2024-07-10,Monsoon,Debit Card,10652.0,3510.99,4840.89,1762.61,3597.33,1039.48,23324.34,2,23324.34,4664.87,11662.17
1761,769,466,28,2024-05-06,2024-06-21,2024-06-24,Monsoon,UPI,14065.08,2842.13,4488.82,3521.44,1158.19,132.13,25943.53,3,25943.53,5188.71,8647.84
1762,826,54,60,2022-12-30,2023-02-07,2023-02-14,Winter,Credit Card,88830.42,15590.16,7901.54,10036.81,3976.1,10103.96,116231.07,7,116231.07,23246.21,16604.44
1763,49,464,72,2023-04-23,2023-06-11,2023-06-15,Monsoon,UPI,3532.64,10323.9,5476.73,9244.79,3273.27,187.39,31663.94,4,31663.94,6332.79,7915.98
1764,334,363,21,2023-12-11,2023-12-17,2023-12-20,Winter,Cash,13580.55,8213.36,3067.35,2511.18,6810.29,1863.67,32319.06,3,32319.06,6463.81,10773.02
1765,536,361,89,2024-07-12,2024-07-19,2024-07-23,Monsoon,Cash,90981.08,3635.05,3357.33,7147.51,2340.9,4232.83,103229.04,4,103229.04,20645.81,25807.26
1766,550,257,2,2024-12-08,2024-12-15,2024-12-19,Winter,Debit Card,9560.08,2266.74,1316.97,2202.19,2860.79,1167.99,17038.78,4,17038.78,3407.76,4259.7
1767,554,285,100,2024-09-09,2024-11-03,2024-11-10,Autumn,Debit Card,22859.34,5700.89,1637.37,167.71,3536.11,3239.09,30662.33,7,30662.33,6132.47,4380.33
1768,536,224,88,2023-11-23,2023-12-26,2024-01-02,Winter,Net Banking,14526.4,9223.97,1544.74,9447.41,2958.48,1694.79,36006.21,7,36006.21,7201.24,5143.74
1769,191,242,124,2024-01-26,2024-02-24,2024-02-26,Winter,Debit Card,18813.76,2607.53,5441.9,16429.83,3727.67,639.19,46381.5,2,46381.5,9276.3,23190.75
1770,276,225,5,2023-11-28,2023-12-14,2023-12-21,Winter,Cash,19913.32,5889.34,1887.46,6377.27,1714.36,2598.95,33182.8,7,33182.8,6636.56,4740.4
1771,775,490,39,2024-06-26,2024-07-16,2024-07-20,Monsoon,Net Banking,23332.76,3040.91,4816.16,1290.65,3314.77,2937.19,32858.06,4,32858.06,6571.61,8214.52
1772,512,330,102,2023-08-12,2023-09-02,2023-09-06,Autumn,Debit Card,8285.12,7268.29,4366.46,10512.2,2275.44,1170.09,31537.42,4,31537.42,6307.48,7884.36
1773,795,237,170,2023-01-25,2023-03-06,2023-03-10,Summer,Net Banking,9282.8,7536.69,1090.58,7091.86,3260.31,58.15,28204.09,4,28204.09,5640.82,7051.02
1774,745,498,117,2024-01-19,2024-02-11,2024-02-16,Winter,Cash,12257.75,7027.23,4158.99,6839.33,3933.86,1463.14,32754.02,5,32754.02,6550.8,6550.8
1775,914,469,35,2023-11-29,2023-12-10,2023-12-12,Winter,Net Banking,27193.08,4860.06,6463.34,17076.18,1484.05,3217.14,53859.57,2,53859.57,10771.91,26929.78
1776,432,327,28,2024-08-14,2024-10-13,2024-10-20,Autumn,Net Banking,21101.71,5944.89,2563.9,7867.71,3558.14,1203.16,39833.19,7,39833.19,7966.64,5690.46
1777,11,153,165,2024-10-31,2024-12-17,2024-12-21,Winter,Net Banking,45230.16,8994.18,3443.5,3373.42,2023.39,5754.23,57310.42,4,57310.42,11462.08,14327.6
1778,988,354,69,2024-01-04,2024-02-12,2024-02-17,Winter,Net Banking,17318.5,2717.56,3636.94,4232.41,1065.88,1759.71,27211.58,5,27211.58,5442.32,5442.32
1779,269,482,81,2024-03-06,2024-04-06,2024-04-10,Summer,Credit Card,3790.24,4929.14,1096.12,5551.59,1630.61,33.63,16964.07,4,16964.07,3392.81,4241.02
1780,132,484,114,2023-07-08,2023-07-28,2023-08-03,Monsoon,Cash,14030.52,5868.76,2644.76,12984.13,4078.69,191.76,39415.1,6,39415.1,7883.02,6569.18
1781,778,193,80,2023-03-12,2023-04-08,2023-04-13,Summer,Cash,29449.95,7184.16,2281.87,8876.15,3212.71,334.39,50670.45,5,50670.45,10134.09,10134.09
1782,554,345,20,2022-11-16,2023-01-12,2023-01-15,Winter,Debit Card,4000.74,3556.65,4350.82,1977.27,1912.95,12.71,15785.72,3,15785.72,3157.14,5261.91
1783,652,336,179,2023-03-24,2023-05-17,2023-05-22,Summer,Credit Card,17194.8,17972.79,8467.22,6584.66,3618.41,1601.68,52236.2,5,52236.2,10447.24,10447.24
1784,474,357,38,2024-10-07,2024-11-12,2024-11-16,Autumn,Cash,38919.48,7307.2,5904.31,17572.73,1060.13,2000.09,68763.76,4,68763.76,13752.75,17190.94
1785,919,333,112,2024-03-25,2024-05-05,2024-05-12,Summer,Credit Card,100129.4,8152.66,2201.45,3645.5,3615.32,12613.92,105130.41,7,105130.41,21026.08,15018.63
1786,920,39,190,2024-05-18,2024-07-06,2024-07-10,Monsoon,Debit Card,10708.24,6434.41,3651.22,3669.73,3331.52,99.11,27696.01,4,27696.01,5539.2,6924.0
1787,465,458,163,2023-10-03,2023-11-25,2023-11-27,Autumn,Net Banking,9815.0,2950.33,1385.12,671.01,2702.03,272.33,17251.16,2,17251.16,3450.23,8625.58
1788,307,427,29,2024-10-21,2024-12-10,2024-12-14,Winter,UPI,9501.76,2893.63,4215.32,403.6,3323.92,193.13,20145.1,4,20145.1,4029.02,5036.27
1789,646,198,130,2024-09-28,2024-10-15,2024-10-17,Autumn,Cash,5935.5,6383.91,6375.4,6003.71,1396.78,732.32,25362.98,2,25362.98,5072.6,12681.49
1790,372,350,126,2023-11-14,2023-11-24,2023-11-27,Autumn,UPI,9363.21,5451.24,2142.92,7367.85,1105.05,281.28,25148.99,3,25148.99,5029.8,8383.0
1791,792,224,88,2023-01-29,2023-02-19,2023-02-21,Winter,Debit Card,4150.4,3391.65,1354.19,5516.77,635.75,447.27,14601.49,2,14601.49,2920.3,7300.74
1792,676,85,152,2024-04-08,2024-05-19,2024-05-21,Summer,Credit Card,20007.3,1846.94,4269.2,6077.82,1385.08,409.04,33177.3,2,33177.3,6635.46,16588.65
1793,933,336,179,2023-01-18,2023-02-11,2023-02-16,Winter,Credit Card,17194.8,6295.16,9200.36,1739.21,7765.75,293.65,41901.63,5,41901.63,8380.33,8380.33
1794,820,155,47,2023-07-15,2023-09-09,2023-09-15,Autumn,UPI,50988.96,14513.85,3617.03,12016.53,5799.33,3307.18,83628.52,6,83628.52,16725.7,13938.09
1795,181,457,117,2024-05-18,2024-06-03,2024-06-08,Monsoon,Debit Card,101061.85,9355.31,3027.38,15360.07,2055.16,11722.25,119137.52,5,119137.52,23827.5,23827.5
1796,635,45,159,2023-10-07,2023-10-17,2023-10-20,Autumn,Credit Card,3763.35,3830.4,6736.5,6106.31,1240.59,348.9,21328.25,3,21328.25,4265.65,7109.42
1797,974,309,94,2023-01-21,2023-02-19,2023-02-26,Winter,Net Banking,11748.31,6671.2,2441.85,1882.56,3385.76,189.78,25939.9,7,25939.9,5187.98,3705.7
1798,590,445,196,2023-05-17,2023-07-03,2023-07-06,Monsoon,Debit Card,5488.59,2944.2,4856.9,7270.6,2936.67,77.47,23419.49,3,23419.49,4683.9,7806.5
1799,983,78,82,2024-02-12,2024-03-28,2024-04-02,Summer,Net Banking,41919.75,5807.52,4403.14,18515.4,7159.97,6228.3,71577.48,5,71577.48,14315.5,14315.5
1800,934,248,97,2023-02-11,2023-03-23,2023-03-29,Summer,Credit Card,23018.28,8565.43,4551.43,7931.83,2176.97,123.49,46120.45,6,46120.45,9224.09,7686.74
1801,833,444,191,2023-01-06,2023-01-24,2023-01-27,Winter,Credit Card,19558.71,4935.49,4944.41,2724.31,3296.55,1738.09,33721.38,3,33721.38,6744.28,11240.46
1802,441,15,18,2023-11-01,2023-12-09,2023-12-14,Winter,Net Banking,6440.25,10174.14,8611.01,9918.63,3427.27,679.47,37891.83,5,37891.83,7578.37,7578.37
1803,367,363,21,2024-11-16,2024-12-05,2024-12-07,Winter,Net Banking,9053.7,6535.42,3671.74,7887.48,6846.74,899.22,33095.86,2,33095.86,6619.17,16547.93
1804,983,329,46,2023-05-18,2023-07-03,2023-07-10,Monsoon,Credit Card,21105.77,13624.6,9110.5,15100.86,7835.88,3074.2,63703.41,7,63703.41,12740.68,9100.49
1805,978,97,69,2024-09-04,2024-10-28,2024-10-31,Autumn,Credit Card,3091.5,6820.73,8957.17,454.2,3417.59,281.73,22459.46,3,22459.46,4491.89,7486.49
1806,413,468,83,2024-06-26,2024-08-13,2024-08-19,Monsoon,Debit Card,30202.62,21503.34,3095.4,15317.36,2527.4,2089.47,70556.65,6,70556.65,14111.33,11759.44
1807,30,253,91,2023-12-22,2024-02-17,2024-02-19,Winter,Credit Card,20953.82,2739.99,4466.59,657.01,2795.88,1758.34,29854.95,2,29854.95,5970.99,14927.48
1808,203,128,43,2024-01-08,2024-03-07,2024-03-09,Summer,Net Banking,11154.14,3623.28,5648.52,8836.56,2697.48,1164.23,30795.75,2,30795.75,6159.15,15397.88
1809,711,270,58,2023-07-05,2023-08-08,2023-08-12,Monsoon,Cash,50204.32,12786.5,8725.84,9857.75,1994.98,6407.96,77161.43,4,77161.43,15432.29,19290.36
1810,333,468,83,2023-06-24,2023-07-22,2023-07-28,Monsoon,UPI,30202.62,17431.65,4363.71,17980.85,1609.19,2809.78,68778.24,6,68778.24,13755.65,11463.04
1811,118,458,163,2024-09-20,2024-09-26,2024-09-29,Autumn,UPI,14722.5,7674.42,3320.75,15019.82,3998.56,1198.4,43537.65,3,43537.65,8707.53,14512.55
1812,931,106,65,2024-06-07,2024-07-07,2024-07-13,Monsoon,Debit Card,53282.28,4308.33,1962.08,169.94,1403.34,1881.28,59244.69,6,59244.69,11848.94,9874.12
1813,262,225,5,2024-07-14,2024-08-14,2024-08-18,Monsoon,Cash,11379.04,4584.37,2918.43,7117.11,843.93,394.09,26448.79,4,26448.79,5289.76,6612.2
1814,786,46,118,2024-03-28,2024-04-08,2024-04-13,Summer,UPI,6549.8,9160.3,3014.33,7960.77,3417.71,119.69,29983.22,5,29983.22,5996.64,5996.64
1815,367,263,182,2022-12-14,2023-02-04,2023-02-08,Winter,UPI,6888.96,13591.04,4958.97,3565.25,1789.18,322.0,30471.4,4,30471.4,6094.28,7617.85
1816,220,360,25,2023-05-03,2023-06-03,2023-06-09,Monsoon,Net Banking,20663.1,8128.73,4455.33,18348.66,7018.23,2719.63,55894.42,6,55894.42,11178.88,9315.74
1817,78,46,118,2023-04-22,2023-06-13,2023-06-20,Monsoon,Credit Card,9169.72,23436.58,4733.56,14185.55,2887.29,1336.05,53076.65,7,53076.65,10615.33,7582.38
1818,932,133,120,2024-02-26,2024-03-17,2024-03-22,Summer,Cash,41365.05,8147.95,4699.6,9430.85,3898.35,6153.06,61388.74,5,61388.74,12277.75,12277.75
1819,512,232,76,2024-02-20,2024-02-26,2024-02-29,Winter,UPI,16924.29,9806.01,6671.94,11373.9,2882.99,2518.03,45141.1,3,45141.1,9028.22,15047.03
1820,868,291,153,2024-04-24,2024-05-26,2024-05-28,Summer,Credit Card,6437.52,3385.2,2055.56,1724.66,5206.82,399.44,18410.32,2,18410.32,3682.06,9205.16
1821,141,78,82,2023-05-01,2023-06-08,2023-06-13,Monsoon,Cash,41919.75,10866.28,3722.8,2262.74,1523.6,5390.3,54904.87,5,54904.87,10980.97,10980.97
1822,990,393,181,2023-04-18,2023-06-13,2023-06-19,Monsoon,Debit Card,28728.9,7815.71,3632.48,8747.54,3798.05,1399.86,51322.82,6,51322.82,10264.56,8553.8
1823,696,324,148,2023-10-03,2023-10-09,2023-10-16,Autumn,Cash,112779.8,9522.66,2625.55,9187.22,1762.49,9195.99,126681.73,7,126681.73,25336.35,18097.39
1824,72,97,69,2024-04-05,2024-05-28,2024-05-30,Summer,Debit Card,2061.0,1825.28,3110.76,2518.78,1452.04,269.46,10698.4,2,10698.4,2139.68,5349.2
1825,985,243,181,2023-08-13,2023-10-01,2023-10-06,Autumn,Debit Card,61188.7,15441.36,8481.26,5952.95,5062.83,3078.26,93048.84,5,93048.84,18609.77,18609.77
1826,727,64,86,2023-06-23,2023-07-20,2023-07-24,Monsoon,UPI,37608.92,5678.34,2548.79,5760.78,1527.89,4712.25,48412.47,4,48412.47,9682.49,12103.12
1827,760,385,51,2024-06-26,2024-07-28,2024-07-31,Monsoon,Net Banking,12253.68,5476.64,5403.53,17410.12,1607.15,1777.11,40374.01,3,40374.01,8074.8,13458.0
1828,761,456,140,2023-11-18,2023-12-21,2023-12-24,Winter,UPI,46995.18,5178.87,5975.7,14096.81,5291.84,2248.19,75290.21,3,75290.21,15058.04,25096.74
1829,189,120,74,2023-03-27,2023-04-27,2023-05-04,Summer,Debit Card,10640.56,9283.43,4293.25,4225.63,3683.06,821.0,31304.93,7,31304.93,6260.99,4472.13
1830,499,368,141,2023-01-23,2023-02-02,2023-02-07,Winter,Credit Card,84538.55,11976.85,9727.65,2068.8,5781.62,7899.65,106193.82,5,106193.82,21238.76,21238.76
1831,652,336,179,2023-12-13,2024-02-03,2024-02-10,Winter,Debit Card,24072.72,7074.03,3748.21,17983.32,6862.86,2044.78,57696.36,7,57696.36,11539.27,8242.34
1832,573,145,132,2023-12-23,2024-02-06,2024-02-13,Winter,Debit Card,153590.64,6790.48,2402.42,1497.52,3987.6,18743.58,149525.08,7,149525.08,29905.02,21360.73
1833,555,104,32,2024-05-19,2024-07-06,2024-07-12,Monsoon,Net Banking,57391.08,9416.48,4437.78,6584.35,2508.22,4776.04,75561.87,6,75561.87,15112.37,12593.64
1834,676,107,110,2022-12-20,2023-01-14,2023-01-19,Winter,UPI,4009.25,7279.1,4802.34,4723.53,3397.79,205.46,24006.55,5,24006.55,4801.31,4801.31
1835,574,67,101,2023-11-19,2023-12-27,2024-01-01,Winter,Credit Card,21844.55,7563.52,3086.96,5945.18,755.45,2364.23,36831.43,5,36831.43,7366.29,7366.29
1836,3,250,24,2023-06-03,2023-07-04,2023-07-06,Monsoon,Credit Card,4626.38,3423.76,4689.57,4582.41,5389.15,56.71,22654.56,2,22654.56,4530.91,11327.28
1837,106,299,92,2023-09-10,2023-11-02,2023-11-08,Autumn,Net Banking,5910.12,6269.17,2213.72,7314.54,1556.91,814.1,22450.36,6,22450.36,4490.07,3741.73
1838,218,492,19,2024-09-07,2024-09-23,2024-09-26,Autumn,Net Banking,11323.77,10799.91,6617.56,17468.79,4425.28,1424.73,49210.58,3,49210.58,9842.12,16403.53
1839,746,254,127,2023-05-07,2023-06-16,2023-06-22,Monsoon,Credit Card,58910.1,8692.71,2362.55,1725.82,3759.98,1385.78,74065.38,6,74065.38,14813.08,12344.23
1840,769,333,112,2023-07-03,2023-07-18,2023-07-21,Monsoon,Net Banking,42912.6,3673.82,4886.36,604.03,1931.85,2612.52,51396.14,3,51396.14,10279.23,17132.05
1841,746,10,115,2023-12-23,2024-02-12,2024-02-15,Winter,Cash,7077.96,5967.38,4315.78,6465.87,1763.52,67.07,25523.44,3,25523.44,5104.69,8507.81
1842,315,207,77,2023-05-11,2023-07-04,2023-07-11,Monsoon,Credit Card,39191.25,21970.15,3160.17,17874.44,3876.04,4890.87,81181.18,7,81181.18,16236.24,11597.31
1843,768,304,170,2023-11-08,2023-11-15,2023-11-18,Autumn,Net Banking,14209.95,7681.68,2486.17,12630.27,6262.7,888.65,42382.12,3,42382.12,8476.42,14127.37
1844,731,361,89,2023-09-29,2023-10-06,2023-10-11,Autumn,Credit Card,113726.35,12203.63,8202.97,9267.29,2619.66,4628.43,141391.47,5,141391.47,28278.29,28278.29
1845,159,345,20,2024-05-26,2024-07-16,2024-07-20,Monsoon,Cash,5334.32,8354.79,4747.44,12314.06,4778.85,278.14,35251.32,4,35251.32,7050.26,8812.83
1846,873,244,133,2024-09-30,2024-10-26,2024-10-31,Autumn,UPI,4809.55,10462.16,4874.91,7113.01,5164.98,64.79,32359.82,5,32359.82,6471.96,6471.96
1847,613,262,162,2023-01-04,2023-02-15,2023-02-19,Winter,Net Banking,19430.16,4859.77,2400.1,8591.05,3322.63,564.93,38038.78,4,38038.78,7607.76,9509.7
1848,342,392,188,2022-12-17,2023-01-02,2023-01-07,Winter,Debit Card,17163.35,10958.03,9933.56,4515.36,2516.95,2175.86,42911.39,5,42911.39,8582.28,8582.28
1849,399,340,130,2024-11-27,2024-12-12,2024-12-16,Winter,Net Banking,52009.12,6004.95,1872.79,16389.37,5681.3,7794.31,74163.22,4,74163.22,14832.64,18540.8
1850,473,386,80,2024-11-02,2024-12-25,2024-12-27,Winter,Net Banking,24894.5,1681.3,1346.17,5149.4,1013.23,554.47,33530.13,2,33530.13,6706.03,16765.06
1851,477,205,170,2024-08-22,2024-09-04,2024-09-08,Autumn,Cash,7017.92,3200.63,4040.23,5747.56,3942.06,65.11,23883.29,4,23883.29,4776.66,5970.82
1852,818,184,183,2023-07-24,2023-09-13,2023-09-18,Autumn,Cash,108038.3,9480.28,1776.49,4925.67,1306.92,16090.84,109436.82,5,109436.82,21887.36,21887.36
1853,133,77,117,2024-06-23,2024-07-23,2024-07-26,Monsoon,Cash,4176.33,2538.95,1559.25,7865.23,3492.02,137.27,19494.51,3,19494.51,3898.9,6498.17
1854,691,91,200,2023-03-28,2023-04-04,2023-04-07,Summer,Debit Card,12596.7,4728.57,4298.21,7333.49,3000.33,100.53,31856.77,3,31856.77,6371.35,10618.92
1855,557,355,193,2023-07-03,2023-07-21,2023-07-25,Monsoon,Credit Card,12474.08,5807.67,5009.55,4807.76,2103.85,1659.47,28543.44,4,28543.44,5708.69,7135.86
1856,202,350,126,2023-01-27,2023-02-18,2023-02-22,Winter,Net Banking,12484.28,10453.87,8771.52,2301.89,4967.72,1668.25,37311.03,4,37311.03,7462.21,9327.76
1857,641,473,50,2023-12-06,2024-01-08,2024-01-10,Winter,Cash,37265.66,2571.29,3843.46,6262.99,3134.59,3840.69,49237.3,2,49237.3,9847.46,24618.65
1858,117,245,170,2024-12-12,2024-12-18,2024-12-25,Winter,Net Banking,15584.52,6605.82,4376.6,3565.42,1558.58,1944.95,29745.99,7,29745.99,5949.2,4249.43
1859,148,50,12,2023-07-02,2023-08-15,2023-08-22,Monsoon,Debit Card,97951.84,8068.3,1120.47,2062.59,1009.14,12105.49,98106.85,7,98106.85,19621.37,14015.26
1860,203,332,42,2024-11-09,2024-12-17,2024-12-21,Winter,Cash,20869.92,5805.12,7025.96,2390.16,7149.88,668.0,42573.04,4,42573.04,8514.61,10643.26
1861,823,293,50,2023-12-08,2024-01-20,2024-01-25,Winter,Cash,112441.35,17937.63,7421.76,1606.05,3606.06,4014.54,138998.31,5,138998.31,27799.66,27799.66
1862,97,305,46,2024-05-17,2024-07-12,2024-07-16,Monsoon,Credit Card,8204.24,10954.1,7037.89,2299.8,973.6,536.45,28933.18,4,28933.18,5786.64,7233.3
1863,898,467,147,2024-08-05,2024-09-21,2024-09-23,Autumn,Net Banking,4147.74,5877.39,3785.23,5953.29,3922.86,58.25,23628.26,2,23628.26,4725.65,11814.13
1864,305,425,89,2024-06-24,2024-07-08,2024-07-14,Monsoon,Cash,6526.38,12450.75,6925.1,17811.55,1006.79,516.63,44203.94,6,44203.94,8840.79,7367.32
1865,190,159,92,2024-01-29,2024-02-13,2024-02-16,Winter,Credit Card,43426.77,5334.56,5875.05,7207.94,6617.53,2877.67,65584.18,3,65584.18,13116.84,21861.39
1866,211,294,119,2024-05-26,2024-07-08,2024-07-14,Monsoon,UPI,11651.16,17071.56,9335.63,5780.61,2407.44,983.73,45262.67,6,45262.67,9052.53,7543.78
1867,329,404,25,2024-06-10,2024-07-12,2024-07-19,Monsoon,UPI,101854.41,10049.5,5183.5,9243.86,2268.36,818.53,127781.1,7,127781.1,25556.22,18254.44
1868,757,437,161,2022-12-30,2023-02-24,2023-03-01,Winter,Debit Card,28882.75,9632.29,4507.51,12292.13,7029.73,1520.35,60824.06,5,60824.06,12164.81,12164.81
1869,400,337,71,2023-07-05,2023-08-24,2023-08-27,Monsoon,Debit Card,4467.81,5761.83,1818.02,9181.24,2082.06,378.16,22932.8,3,22932.8,4586.56,7644.27
1870,613,34,98,2024-04-06,2024-06-01,2024-06-03,Monsoon,Cash,6467.38,1371.53,3412.83,3023.64,2317.89,384.48,16208.79,2,16208.79,3241.76,8104.4
1871,994,373,124,2023-11-09,2024-01-07,2024-01-14,Winter,Debit Card,10858.12,15680.36,4433.65,15109.1,6414.85,908.21,51587.87,7,51587.87,10317.57,7369.7
1872,585,322,199,2024-10-21,2024-11-17,2024-11-23,Autumn,UPI,9090.96,8670.91,2117.57,4843.44,2007.61,79.47,26651.02,6,26651.02,5330.2,4441.84
1873,836,316,185,2023-07-05,2023-07-16,2023-07-21,Monsoon,UPI,12051.65,33712.87,14704.76,23649.58,6408.41,1716.61,88810.66,5,88810.66,17762.13,17762.13
1874,111,8,117,2024-04-07,2024-04-27,2024-05-04,Summer,UPI,10548.58,14209.02,8721.84,15037.05,2506.13,781.27,50241.35,7,50241.35,10048.27,7177.34
1875,219,353,98,2023-11-15,2023-12-18,2023-12-24,Winter,Credit Card,11050.32,34912.09,14923.86,34011.34,5902.33,830.72,99969.22,6,99969.22,19993.84,16661.54
1876,587,16,187,2024-07-18,2024-08-14,2024-08-16,Monsoon,Cash,4975.72,1574.15,3169.28,8939.29,3090.53,330.3,21418.67,2,21418.67,4283.73,10709.34
1877,608,271,76,2023-11-23,2023-12-15,2023-12-18,Winter,UPI,8243.73,11147.12,12329.71,14517.96,5818.28,265.02,51791.78,3,51791.78,10358.36,17263.93
1878,42,203,183,2024-03-19,2024-04-02,2024-04-05,Summer,Credit Card,4561.41,6843.18,5908.67,10650.47,5140.32,191.87,32912.18,3,32912.18,6582.44,10970.73
1879,822,312,93,2023-11-20,2023-12-09,2023-12-13,Winter,Debit Card,7695.56,14939.86,11208.81,21415.13,4027.73,129.4,59157.69,4,59157.69,11831.54,14789.42
1880,840,53,99,2024-07-07,2024-09-02,2024-09-05,Autumn,Cash,4954.05,3533.43,1020.44,5459.02,1233.52,644.85,15555.61,3,15555.61,3111.12,5185.2
1881,430,319,18,2024-03-08,2024-04-01,2024-04-07,Summer,Credit Card,14605.68,9814.88,5218.89,8825.92,4216.89,1609.52,41072.74,6,41072.74,8214.55,6845.46
1882,597,63,185,2023-07-04,2023-07-14,2023-07-17,Monsoon,Debit Card,3397.29,4042.13,4704.23,19700.26,2664.18,292.79,34215.3,3,34215.3,6843.06,11405.1
1883,697,208,104,2024-05-24,2024-07-18,2024-07-23,Monsoon,Cash,10130.9,28195.84,13707.5,22985.05,13177.05,67.49,88128.85,5,88128.85,17625.77,17625.77
1884,807,425,89,2024-03-05,2024-04-17,2024-04-20,Summer,Debit Card,3263.19,4950.08,3048.18,10876.16,6002.54,323.79,27816.36,3,27816.36,5563.27,9272.12
1885,2,52,77,2024-06-20,2024-08-11,2024-08-13,Monsoon,Credit Card,10677.2,3004.1,4709.89,17091.67,2351.16,830.67,37003.35,2,37003.35,7400.67,18501.68
1886,109,449,17,2023-08-08,2023-10-06,2023-10-10,Autumn,UPI,15839.08,7136.9,1378.71,5419.77,3689.27,1327.96,32135.77,4,32135.77,6427.15,8033.94
1887,395,383,15,2023-09-27,2023-10-20,2023-10-26,Autumn,Cash,25036.62,35771.5,5269.48,32880.5,9680.95,2719.06,105919.99,6,105919.99,21184.0,17653.33
1888,38,450,110,2023-02-08,2023-02-19,2023-02-26,Winter,Cash,34589.31,5837.42,4714.81,4117.84,2033.08,2602.84,48689.62,7,48689.62,9737.92,6955.66
1889,815,339,71,2024-04-23,2024-06-01,2024-06-03,Monsoon,UPI,11437.72,2830.96,1590.41,8506.9,2974.97,1288.83,26052.13,2,26052.13,5210.43,13026.06
1890,971,491,90,2024-09-26,2024-11-01,2024-11-08,Autumn,Credit Card,16824.99,9801.71,1334.92,9628.39,1270.01,2051.25,36808.77,7,36808.77,7361.75,5258.4
1891,77,391,33,2024-02-22,2024-03-06,2024-03-08,Summer,Cash,10308.5,3614.6,4438.42,8083.69,644.72,80.66,27009.27,2,27009.27,5401.85,13504.64
1892,847,110,95,2023-05-11,2023-06-16,2023-06-20,Monsoon,Cash,50938.4,5334.03,2541.43,7163.48,1392.1,52.76,67316.68,4,67316.68,13463.34,16829.17
1893,410,55,8,2022-12-21,2023-02-14,2023-02-21,Winter,Debit Card,11438.21,19923.4,6477.6,16503.3,7166.47,1015.56,60493.42,7,60493.42,12098.68,8641.92
1894,851,190,89,2024-11-05,2024-12-11,2024-12-18,Winter,Credit Card,80835.16,9475.55,2648.73,7769.19,6138.21,769.62,106097.22,7,106097.22,21219.44,15156.75
1895,84,461,74,2023-01-12,2023-02-28,2023-03-07,Winter,Debit Card,17029.18,12685.42,3458.32,6087.01,1275.78,151.44,40384.27,7,40384.27,8076.85,5769.18
1896,333,183,134,2024-06-29,2024-08-19,2024-08-22,Monsoon,Credit Card,12872.58,6176.45,2884.63,2070.4,2692.28,1279.7,25416.64,3,25416.64,5083.33,8472.21
1897,615,221,194,2023-07-22,2023-07-28,2023-08-03,Monsoon,Net Banking,70604.88,17398.79,6565.76,8091.23,4833.01,10240.04,97253.63,6,97253.63,19450.73,16208.94
1898,368,16,187,2023-04-19,2023-05-03,2023-05-05,Summer,Debit Card,4975.72,12160.15,3684.76,4408.17,11703.89,579.15,36353.54,2,36353.54,7270.71,18176.77
1899,965,353,98,2023-10-19,2023-11-09,2023-11-16,Autumn,Net Banking,12892.04,12318.27,4505.77,7014.69,2921.27,966.06,38685.98,7,38685.98,7737.2,5526.57
1900,105,132,173,2022-12-08,2023-01-09,2023-01-15,Winter,UPI,78260.28,10745.02,6528.31,7047.94,6741.59,135.64,109187.5,6,109187.5,21837.5,18197.92
1901,697,416,153,2024-08-21,2024-09-27,2024-09-29,Autumn,Net Banking,2897.26,12539.11,13569.28,16442.41,6090.05,187.83,51350.28,2,51350.28,10270.06,25675.14
1902,571,113,36,2024-06-03,2024-07-19,2024-07-21,Monsoon,Net Banking,2795.22,6385.23,12360.8,9870.47,5643.62,278.89,36776.45,2,36776.45,7355.29,18388.22
1903,674,9,171,2024-05-16,2024-07-15,2024-07-22,Monsoon,Net Banking,82623.94,23455.55,3089.82,15263.5,5149.24,7772.03,121810.02,7,121810.02,24362.0,17401.43
1904,295,233,1,2024-09-10,2024-09-20,2024-09-26,Autumn,UPI,133193.7,8563.07,2489.23,16886.79,6993.31,9897.01,158229.09,6,158229.09,31645.82,26371.52
1905,538,323,59,2024-04-23,2024-06-10,2024-06-17,Monsoon,Net Banking,59536.26,12846.44,2280.68,9066.37,971.63,6986.44,77714.94,7,77714.94,15542.99,11102.13
1906,703,199,151,2024-04-03,2024-04-13,2024-04-15,Summer,Net Banking,4448.02,2160.84,4074.91,5401.43,2023.85,512.41,17596.64,2,17596.64,3519.33,8798.32
1907,316,306,195,2024-06-26,2024-07-26,2024-08-01,Monsoon,Cash,20866.44,11257.41,4991.69,6751.23,2190.91,143.89,45913.79,6,45913.79,9182.76,7652.3
1908,406,190,89,2024-04-18,2024-05-24,2024-05-31,Summer,UPI,80835.16,3970.45,1251.62,3639.23,3771.65,11541.39,81926.72,7,81926.72,16385.34,11703.82
1909,212,45,159,2023-06-27,2023-07-11,2023-07-15,Monsoon,Debit Card,5017.8,7766.14,2360.81,3415.71,3099.7,625.58,21034.58,4,21034.58,4206.92,5258.64
1910,1,267,92,2024-03-22,2024-04-20,2024-04-22,Summer,Net Banking,27360.7,3078.52,4895.72,16984.5,3376.35,616.43,55079.36,2,55079.36,11015.87,27539.68
1911,641,185,194,2023-10-25,2023-11-11,2023-11-13,Autumn,Debit Card,10467.68,3156.98,3060.14,3714.67,1947.98,517.19,21830.26,2,21830.26,4366.05,10915.13
1912,984,425,89,2024-08-08,2024-08-22,2024-08-25,Monsoon,Debit Card,3263.19,3727.69,6968.36,2224.43,4708.55,432.3,20459.92,3,20459.92,4091.98,6819.97
1913,944,450,110,2024-09-05,2024-09-24,2024-10-01,Autumn,Credit Card,34589.31,21284.49,3795.58,12570.29,5932.33,1458.13,76713.87,7,76713.87,15342.77,10959.12
1914,32,414,60,2024-10-29,2024-11-17,2024-11-21,Autumn,Debit Card,17127.8,10953.87,6373.26,15767.12,3934.79,1957.86,52198.98,4,52198.98,10439.8,13049.74
1915,155,353,98,2023-11-11,2023-11-25,2023-11-27,Autumn,Credit Card,3683.44,2281.25,3123.61,2280.86,1259.54,344.06,12284.64,2,12284.64,2456.93,6142.32
1916,580,444,191,2023-09-06,2023-09-17,2023-09-24,Autumn,Credit Card,45636.99,24446.16,7588.93,10203.52,1848.8,2127.13,87597.27,7,87597.27,17519.45,12513.9
1917,997,210,186,2024-03-24,2024-05-17,2024-05-23,Summer,Net Banking,11310.78,10296.92,3717.13,3616.22,2157.15,1649.8,29448.4,6,29448.4,5889.68,4908.07
1918,795,484,114,2023-08-27,2023-09-14,2023-09-21,Autumn,UPI,16368.94,8773.82,4801.4,1437.06,3121.45,2436.04,32066.63,7,32066.63,6413.33,4580.95
1919,844,321,137,2024-02-18,2024-04-10,2024-04-13,Summer,Debit Card,4859.43,4377.28,1810.4,1167.55,3646.63,707.05,15154.24,3,15154.24,3030.85,5051.41
1920,696,286,165,2023-10-04,2023-10-11,2023-10-14,Autumn,UPI,2632.14,3013.84,1921.61,7362.17,1153.41,379.89,15703.28,3,15703.28,3140.66,5234.43
1921,163,4,123,2024-11-08,2024-12-13,2024-12-18,Winter,Net Banking,15215.7,16853.6,6901.86,9580.98,4304.11,2213.59,50642.66,5,50642.66,10128.53,10128.53
1922,307,165,158,2024-05-13,2024-07-03,2024-07-10,Monsoon,Debit Card,15291.99,4083.96,2890.55,2076.07,2894.05,1884.47,25352.15,7,25352.15,5070.43,3621.74
1923,734,467,147,2024-05-03,2024-05-20,2024-05-22,Summer,UPI,4147.74,3331.41,3837.39,3961.32,833.49,407.42,15703.93,2,15703.93,3140.79,7851.96
1924,493,431,73,2023-03-15,2023-05-09,2023-05-13,Summer,Debit Card,12340.52,2022.76,4276.15,152.25,1856.91,513.42,20135.17,4,20135.17,4027.03,5033.79
1925,294,183,134,2024-01-14,2024-02-10,2024-02-17,Winter,Net Banking,30036.02,12194.69,8507.33,3843.6,4649.5,2758.79,56472.35,7,56472.35,11294.47,8067.48
1926,491,50,12,2024-11-19,2024-12-08,2024-12-11,Winter,UPI,41979.36,5034.71,4731.35,1646.28,2012.48,3874.26,51529.92,3,51529.92,10305.98,17176.64
1927,30,48,44,2023-01-06,2023-01-24,2023-01-31,Winter,UPI,132743.94,5876.01,2206.11,5996.5,1775.04,14165.89,134431.71,7,134431.71,26886.34,19204.53
1928,718,183,134,2024-10-12,2024-10-21,2024-10-28,Autumn,Cash,30036.02,17993.35,2738.56,18651.83,4582.15,241.88,73760.03,7,73760.03,14752.01,10537.15
1929,728,477,50,2023-07-07,2023-08-04,2023-08-10,Monsoon,Cash,33987.9,4381.02,3428.02,2173.5,2029.87,4681.72,41318.59,6,41318.59,8263.72,6886.43
1930,528,66,82,2024-04-20,2024-06-19,2024-06-21,Monsoon,Debit Card,11742.1,1643.16,1640.71,1862.17,3548.3,566.25,19870.19,2,19870.19,3974.04,9935.09
1931,571,21,62,2024-11-08,2024-12-01,2024-12-06,Winter,Debit Card,10671.55,27515.58,17720.07,26346.09,12867.57,1405.27,93715.59,5,93715.59,18743.12,18743.12
1932,538,112,161,2024-11-06,2024-12-10,2024-12-15,Winter,Net Banking,9835.8,4418.79,2836.17,2211.8,1847.49,1268.27,19881.78,5,19881.78,3976.36,3976.36
1933,781,181,68,2023-04-19,2023-05-22,2023-05-27,Summer,Debit Card,11232.8,3715.41,4969.88,8525.0,920.51,1629.41,27734.19,5,27734.19,5546.84,5546.84
1934,807,352,118,2023-05-23,2023-07-04,2023-07-07,Monsoon,Cash,4746.36,6738.04,9667.09,3300.66,4889.18,186.24,29155.09,3,29155.09,5831.02,9718.36
1935,451,69,173,2023-06-02,2023-06-20,2023-06-23,Monsoon,Credit Card,8904.24,20082.23,13995.68,12965.51,9186.49,1119.97,64014.18,3,64014.18,12802.84,21338.06
1936,584,86,37,2023-06-13,2023-07-13,2023-07-20,Monsoon,Net Banking,7240.59,13827.05,7533.56,12683.32,4718.32,197.35,45805.49,7,45805.49,9161.1,6543.64
1937,259,335,113,2023-10-04,2023-11-11,2023-11-18,Autumn,UPI,90034.77,9571.92,4998.66,915.72,3883.05,8884.05,100520.07,7,100520.07,20104.01,14360.01
1938,881,409,156,2023-05-15,2023-06-05,2023-06-08,Monsoon,Credit Card,10500.75,3261.8,5110.39,4700.78,4901.31,139.16,28335.87,3,28335.87,5667.17,9445.29
1939,776,363,21,2022-12-28,2023-01-26,2023-01-30,Winter,Cash,18107.4,5138.17,7514.38,14532.23,5055.69,2514.35,47833.52,4,47833.52,9566.7,11958.38
1940,756,420,193,2024-05-29,2024-06-19,2024-06-22,Monsoon,Credit Card,3532.65,8603.98,5997.13,15094.11,7449.77,110.52,40567.12,3,40567.12,8113.42,13522.37
1941,874,210,186,2024-01-30,2024-03-11,2024-03-16,Summer,Debit Card,9425.65,11099.63,5120.76,9354.0,3900.32,517.62,38382.74,5,38382.74,7676.55,7676.55
1942,215,185,194,2024-09-15,2024-10-03,2024-10-07,Autumn,Credit Card,20935.36,17687.37,17977.24,2627.05,6160.18,2431.94,62955.26,4,62955.26,12591.05,15738.82
1943,569,13,117,2024-11-04,2024-12-06,2024-12-11,Winter,Debit Card,9718.55,3939.91,3431.22,129.86,3339.94,1238.42,19321.06,5,19321.06,3864.21,3864.21
1944,118,187,23,2023-11-25,2023-12-04,2023-12-06,Winter,Debit Card,6609.02,5658.74,4674.5,10513.8,1001.56,280.61,28177.01,2,28177.01,5635.4,14088.5
1945,768,102,55,2024-04-02,2024-05-16,2024-05-19,Summer,Credit Card,10053.06,5353.94,6680.21,255.33,1017.75,1094.96,22265.33,3,22265.33,4453.07,7421.78
1946,974,202,3,2024-01-28,2024-03-25,2024-03-29,Summer,Net Banking,17618.28,6224.21,1074.19,8392.46,3932.7,1740.7,35501.14,4,35501.14,7100.23,8875.28
1947,585,490,39,2024-01-30,2024-03-08,2024-03-15,Summer,Credit Card,40832.33,7504.91,3452.39,5722.96,2116.26,1415.86,58212.99,7,58212.99,11642.6,8316.14
1948,463,93,27,2024-11-27,2024-12-04,2024-12-07,Winter,Debit Card,3918.33,3561.31,2729.39,2237.21,1107.08,213.84,13339.48,3,13339.48,2667.9,4446.49
1949,818,199,151,2024-05-15,2024-06-06,2024-06-10,Monsoon,Cash,8896.04,7905.07,1414.23,8442.5,2759.61,482.94,28934.51,4,28934.51,5786.9,7233.63
1950,699,228,114,2023-06-19,2023-07-25,2023-07-30,Monsoon,Credit Card,19487.95,12200.71,13410.58,11097.16,9594.06,2436.59,63353.87,5,63353.87,12670.77,12670.77
1951,478,347,53,2023-04-27,2023-06-24,2023-06-29,Monsoon,Credit Card,26726.7,8628.67,3344.95,5079.76,1922.05,2212.27,43489.86,5,43489.86,8697.97,8697.97
1952,549,445,196,2024-07-16,2024-07-25,2024-07-27,Monsoon,Cash,3659.06,2029.07,3419.8,2004.67,1713.69,207.74,12618.55,2,12618.55,2523.71,6309.28
1953,992,246,3,2024-09-09,2024-09-27,2024-10-04,Autumn,Debit Card,15701.28,50130.08,9514.4,9775.51,8051.92,396.18,92777.01,7,92777.01,18555.4,13253.86
1954,206,77,117,2024-05-21,2024-06-22,2024-06-26,Monsoon,Cash,5568.44,8724.5,8975.02,5276.76,3343.45,371.23,31516.94,4,31516.94,6303.39,7879.24
1955,760,199,151,2024-05-16,2024-06-27,2024-07-04,Monsoon,UPI,15568.07,24679.25,7160.99,6279.67,6204.34,1889.53,58002.79,7,58002.79,11600.56,8286.11
1956,245,141,82,2024-11-03,2024-11-28,2024-12-05,Autumn,Credit Card,40419.54,39698.86,5467.8,846.64,6393.27,2683.96,90142.15,7,90142.15,18028.43,12877.45
1957,174,308,163,2024-09-25,2024-11-22,2024-11-29,Autumn,Cash,75504.17,17850.57,4066.71,4085.83,4829.58,3768.78,102568.08,7,102568.08,20513.62,14652.58
1958,28,122,138,2024-08-30,2024-10-09,2024-10-11,Autumn,Net Banking,6481.36,2574.93,2498.39,5320.96,1195.53,518.84,17552.33,2,17552.33,3510.47,8776.17
1959,948,207,77,2023-05-12,2023-06-24,2023-06-26,Monsoon,Debit Card,11197.5,2221.25,2519.1,9760.18,2337.02,1170.07,26864.98,2,26864.98,5373.0,13432.49
1960,284,416,153,2024-06-04,2024-07-08,2024-07-11,Monsoon,Credit Card,4345.89,11708.31,9003.79,1747.22,1009.16,573.6,27240.77,3,27240.77,5448.15,9080.26
1961,224,91,200,2024-12-21,2024-12-27,2024-12-31,Winter,Credit Card,16795.6,2275.34,3952.38,1411.52,1763.37,580.61,25617.6,4,25617.6,5123.52,6404.4
1962,546,232,76,2024-07-21,2024-08-07,2024-08-11,Monsoon,Net Banking,22565.72,4803.67,3590.88,2664.78,3942.07,2669.58,34897.54,4,34897.54,6979.51,8724.38
1963,923,202,3,2023-08-21,2023-09-08,2023-09-11,Autumn,Net Banking,13213.71,4292.18,7443.29,11147.96,2566.07,665.33,37997.88,3,37997.88,7599.58,12665.96
1964,151,401,4,2024-01-01,2024-02-27,2024-02-29,Winter,Credit Card,28568.08,3631.38,1084.59,6282.85,2026.74,2069.49,39524.15,2,39524.15,7904.83,19762.08
1965,547,57,22,2024-06-04,2024-07-04,2024-07-08,Monsoon,Cash,19834.48,12867.21,16288.59,17127.96,9786.48,601.53,75303.19,4,75303.19,15060.64,18825.8
1966,202,121,158,2023-09-04,2023-09-14,2023-09-18,Autumn,UPI,9264.36,5921.6,4114.31,15519.8,3238.59,980.84,37077.82,4,37077.82,7415.56,9269.46
1967,485,271,76,2024-06-06,2024-08-01,2024-08-05,Monsoon,Debit Card,10991.64,8026.86,3137.25,8412.16,5475.05,1419.1,34623.86,4,34623.86,6924.77,8655.96
1968,482,172,167,2024-04-28,2024-06-02,2024-06-04,Monsoon,Cash,3134.38,3040.6,1479.0,1599.21,1138.17,415.17,9976.19,2,9976.19,1995.24,4988.1
1969,409,473,50,2023-03-07,2023-03-19,2023-03-22,Summer,Debit Card,55898.49,3713.93,2014.21,5982.22,2558.87,8094.6,62073.12,3,62073.12,12414.62,20691.04
1970,983,345,20,2023-01-31,2023-03-08,2023-03-13,Summer,Cash,6667.9,11688.41,4675.73,13868.47,6449.51,11.71,43338.31,5,43338.31,8667.66,8667.66
1971,593,34,98,2024-09-12,2024-10-28,2024-11-01,Autumn,Credit Card,12934.76,26347.27,15388.85,9623.81,8049.07,1873.51,70470.25,4,70470.25,14094.05,17617.56
1972,541,105,34,2024-09-07,2024-10-15,2024-10-22,Autumn,UPI,96209.61,8879.05,1785.11,106.3,1390.07,12142.98,96227.16,7,96227.16,19245.43,13746.74
1973,360,237,170,2024-02-28,2024-03-22,2024-03-29,Summer,Credit Card,16244.9,22704.76,8119.01,11163.44,3919.02,1252.66,60898.47,7,60898.47,12179.69,8699.78
1974,630,6,31,2024-02-18,2024-04-18,2024-04-24,Summer,Debit Card,28465.74,18228.14,7458.3,14464.6,2514.87,3156.95,67974.7,6,67974.7,13594.94,11329.12
1975,85,220,123,2024-05-11,2024-06-24,2024-06-30,Monsoon,UPI,16785.96,11533.49,4975.39,8887.57,2427.89,1659.26,42951.04,6,42951.04,8590.21,7158.51
1976,923,162,16,2023-11-14,2023-12-01,2023-12-04,Winter,Credit Card,63492.69,6435.46,8189.75,7842.85,6221.87,7855.78,84326.84,3,84326.84,16865.37,28108.95
1977,159,217,37,2023-05-13,2023-07-04,2023-07-08,Monsoon,Debit Card,20463.04,5832.6,8366.98,679.75,1721.07,2908.56,34154.88,4,34154.88,6830.98,8538.72
1978,675,319,18,2023-05-02,2023-05-08,2023-05-14,Summer,Debit Card,14605.68,22384.58,4865.73,19286.54,3468.37,2123.05,62487.85,6,62487.85,12497.57,10414.64
1979,251,16,187,2023-05-30,2023-06-26,2023-06-30,Monsoon,Credit Card,9951.44,12286.55,6714.84,3752.65,1929.12,175.36,34459.24,4,34459.24,6891.85,8614.81
1980,888,500,84,2024-07-28,2024-08-07,2024-08-13,Monsoon,UPI,10234.02,3039.41,2168.82,2004.78,2825.05,816.21,19455.87,6,19455.87,3891.17,3242.64
1981,717,20,71,2024-07-04,2024-07-17,2024-07-19,Monsoon,UPI,4257.74,2585.04,1497.78,6931.18,2483.15,581.21,17173.68,2,17173.68,3434.74,8586.84
1982,58,466,28,2024-11-24,2024-12-17,2024-12-24,Winter,Net Banking,32818.52,5783.9,3064.82,4434.65,3385.94,2953.68,46534.15,7,46534.15,9306.83,6647.74
1983,907,105,34,2023-06-12,2023-08-09,2023-08-16,Monsoon,UPI,96209.61,18359.8,4157.4,9472.8,1561.36,12382.48,117378.49,7,117378.49,23475.7,16768.36
1984,549,81,152,2023-05-19,2023-06-25,2023-06-28,Monsoon,Net Banking,8469.42,5693.09,4407.81,5868.82,3538.26,125.09,27852.31,3,27852.31,5570.46,9284.1
1985,352,95,162,2024-10-18,2024-11-21,2024-11-28,Autumn,Net Banking,35975.8,11627.05,4133.77,6613.83,777.43,4885.14,54242.74,7,54242.74,10848.55,7748.96
1986,606,22,63,2023-02-15,2023-03-19,2023-03-26,Summer,Cash,8388.66,12505.72,3983.99,13351.34,3756.94,130.0,41856.65,7,41856.65,8371.33,5979.52
1987,819,174,141,2023-12-08,2024-01-17,2024-01-21,Winter,Cash,43761.24,12873.41,9078.2,16906.13,6159.66,3350.5,85428.14,4,85428.14,17085.63,21357.04
1988,140,336,179,2024-01-31,2024-02-23,2024-02-25,Winter,Debit Card,6877.92,3752.35,1107.05,9327.77,1945.41,959.76,22050.74,2,22050.74,4410.15,11025.37
1989,355,402,16,2023-03-13,2023-05-12,2023-05-16,Summer,Cash,21152.44,5064.68,4435.21,5077.9,2991.32,2106.93,36614.62,4,36614.62,7322.92,9153.66
1990,458,225,5,2024-10-22,2024-12-15,2024-12-20,Winter,Net Banking,14223.8,34211.84,7509.74,20679.26,4066.99,605.66,80085.97,5,80085.97,16017.19,16017.19
1991,726,61,147,2023-12-08,2024-02-05,2024-02-09,Winter,Cash,4352.6,6873.4,1993.28,5961.35,2654.93,11.12,21824.44,4,21824.44,4364.89,5456.11
1992,64,364,108,2024-03-30,2024-05-12,2024-05-16,Summer,Cash,8972.52,6992.77,3276.76,7372.12,2116.46,356.86,28373.77,4,28373.77,5674.75,7093.44
1993,737,433,99,2024-11-01,2024-11-14,2024-11-17,Autumn,Cash,17719.35,6068.27,5374.19,16909.09,1821.89,876.82,47015.97,3,47015.97,9403.19,15671.99
1994,601,114,71,2023-03-13,2023-05-06,2023-05-11,Summer,Net Banking,9108.5,10531.15,6293.27,14242.23,3266.31,169.32,43272.14,5,43272.14,8654.43,8654.43
1995,159,467,147,2023-10-02,2023-10-16,2023-10-23,Autumn,Net Banking,14517.09,13808.99,3220.88,1129.57,2683.07,800.95,34558.65,7,34558.65,6911.73,4936.95
1996,116,356,176,2024-08-29,2024-10-04,2024-10-11,Autumn,Credit Card,36514.45,4086.76,2131.67,3645.37,2444.9,4328.64,44494.51,7,44494.51,8898.9,6356.36
1997,362,183,134,2024-07-30,2024-08-27,2024-09-01,Monsoon,Debit Card,21454.3,19373.29,5391.7,11164.87,7789.03,690.9,64482.29,5,64482.29,12896.46,12896.46
1998,382,407,130,2024-10-24,2024-12-23,2024-12-28,Winter,Net Banking,29968.65,6317.31,3241.96,7823.19,1746.42,34.97,49062.56,5,49062.56,9812.51,9812.51
1999,823,381,184,2023-11-16,2023-12-17,2023-12-24,Winter,Credit Card,16525.53,13167.77,2635.66,1775.89,7375.02,1686.82,39793.05,7,39793.05,7958.61,5684.72
2000,573,165,158,2023-06-01,2023-07-21,2023-07-27,Monsoon,Net Banking,13107.42,8247.64,1892.27,5559.88,3605.08,1530.49,30881.8,6,30881.8,6176.36,5146.97
2001,631,350,126,2023-11-04,2023-12-22,2023-12-27,Winter,Credit Card,15605.35,6426.34,4822.66,8833.53,3941.63,1278.83,38350.68,5,38350.68,7670.14,7670.14
2002,662,348,21,2022-12-05,2023-01-02,2023-01-06,Winter,Cash,7374.04,3181.42,1313.12,1080.27,3444.27,191.59,16201.53,4,16201.53,3240.31,4050.38
2003,166,208,104,2023-03-31,2023-05-20,2023-05-23,Summer,Debit Card,6078.54,8431.68,8571.1,7801.72,4048.58,38.81,34892.81,3,34892.81,6978.56,11630.94
2004,932,2,189,2023-07-09,2023-08-18,2023-08-25,Monsoon,Net Banking,32883.2,8946.98,4774.55,9942.83,719.74,2625.54,54641.76,7,54641.76,10928.35,7805.97
2005,217,271,76,2024-04-06,2024-04-17,2024-04-22,Summer,Net Banking,13739.55,20671.48,7177.91,31750.93,12896.54,1657.78,84578.63,5,84578.63,16915.73,16915.73
2006,757,5,78,2024-04-29,2024-06-17,2024-06-19,Monsoon,Debit Card,2489.28,3387.31,7148.58,7285.64,2740.24,103.84,22947.21,2,22947.21,4589.44,11473.6
2007,746,418,155,2024-04-22,2024-04-28,2024-05-02,Summer,Net Banking,22165.12,5889.46,1776.5,6842.24,1082.59,1645.44,36110.47,4,36110.47,7222.09,9027.62
2008,841,223,77,2024-04-26,2024-06-20,2024-06-27,Monsoon,UPI,76745.9,16095.55,6718.32,9893.99,3694.85,9839.64,103308.97,7,103308.97,20661.79,14758.42
2009,280,313,124,2024-06-05,2024-07-13,2024-07-18,Monsoon,Credit Card,9021.7,17260.8,17278.17,13824.8,9484.24,1329.92,65539.79,5,65539.79,13107.96,13107.96
2010,583,316,185,2023-05-08,2023-07-03,2023-07-07,Monsoon,UPI,9641.32,6848.52,2613.5,6535.94,1185.94,403.7,26421.52,4,26421.52,5284.3,6605.38
2011,965,79,190,2023-07-19,2023-08-28,2023-09-03,Monsoon,Net Banking,15843.24,5414.42,4820.6,3886.01,1964.05,2366.98,29561.34,6,29561.34,5912.27,4926.89
2012,532,33,63,2023-11-13,2023-12-22,2023-12-25,Winter,Debit Card,4422.81,4094.42,4162.68,2429.93,3202.39,418.05,17894.18,3,17894.18,3578.84,5964.73
2013,903,331,26,2024-03-13,2024-04-18,2024-04-21,Summer,Debit Card,15610.23,10016.86,3431.21,3740.2,3961.61,1306.57,35453.54,3,35453.54,7090.71,11817.85
2014,277,28,58,2023-10-31,2023-12-07,2023-12-12,Winter,Net Banking,26115.5,16918.89,6889.28,17808.46,6971.07,1942.1,72761.1,5,72761.1,14552.22,14552.22
2015,251,27,82,2024-10-30,2024-12-11,2024-12-16,Winter,UPI,6549.05,13623.02,5035.36,7189.1,6062.51,899.89,37559.15,5,37559.15,7511.83,7511.83
2016,381,423,51,2024-07-01,2024-08-18,2024-08-20,Monsoon,Credit Card,2437.24,7320.15,4698.59,16994.59,1922.35,144.63,33228.29,2,33228.29,6645.66,16614.14
2017,767,246,3,2024-06-30,2024-07-21,2024-07-27,Monsoon,UPI,13458.24,9867.04,5313.85,4483.83,4268.25,742.18,36649.03,6,36649.03,7329.81,6108.17
2018,110,131,58,2024-11-16,2024-12-07,2024-12-11,Winter,Debit Card,12340.12,4507.73,4334.71,1755.6,5794.98,798.33,27934.81,4,27934.81,5586.96,6983.7
2019,257,234,200,2024-11-27,2024-12-05,2024-12-08,Winter,UPI,7014.36,1872.7,3297.76,5716.49,2346.88,705.65,19542.54,3,19542.54,3908.51,6514.18
2020,674,12,184,2024-10-28,2024-12-12,2024-12-14,Winter,Debit Card,3114.64,3008.51,8129.69,9851.94,1212.87,40.92,25276.73,2,25276.73,5055.35,12638.36
2021,270,97,69,2023-10-13,2023-11-23,2023-11-29,Autumn,Net Banking,6183.0,11091.39,2643.03,9951.03,1151.58,454.42,30565.61,6,30565.61,6113.12,5094.27
2022,606,355,193,2024-06-17,2024-07-05,2024-07-08,Monsoon,Cash,9355.56,3475.89,4695.92,16561.67,5587.1,709.25,38966.89,3,38966.89,7793.38,12988.96
2023,994,40,165,2024-08-26,2024-09-02,2024-09-06,Autumn,Debit Card,8905.68,5522.92,2652.17,5345.43,4213.9,1120.24,25519.86,4,25519.86,5103.97,6379.96
2024,798,427,29,2024-10-29,2024-12-12,2024-12-18,Winter,Credit Card,14252.64,6003.77,1530.82,189.46,1130.67,1317.84,21789.52,6,21789.52,4357.9,3631.59
2025,440,49,136,2024-11-12,2024-12-07,2024-12-13,Winter,Debit Card,84076.38,3402.72,4768.71,62.39,2193.93,9226.2,85277.93,6,85277.93,17055.59,14212.99
2026,760,369,40,2023-03-31,2023-05-02,2023-05-04,Summer,Credit Card,23798.1,5014.83,2902.63,16010.01,1781.58,1433.07,48074.08,2,48074.08,9614.82,24037.04
2027,602,234,200,2023-06-23,2023-07-27,2023-07-29,Monsoon,UPI,4676.24,14382.1,7044.58,30037.42,2350.96,172.43,58318.87,2,58318.87,11663.77,29159.44
2028,625,65,153,2023-06-16,2023-06-26,2023-06-29,Monsoon,Net Banking,72311.22,3412.43,2405.56,8558.94,1114.37,2182.86,85619.66,3,85619.66,17123.93,28539.89
2029,89,464,72,2024-05-05,2024-06-11,2024-06-13,Monsoon,Net Banking,1766.32,5919.31,3603.94,5865.54,3031.74,111.54,20075.31,2,20075.31,4015.06,10037.66
2030,963,72,28,2023-09-29,2023-11-13,2023-11-18,Autumn,Credit Card,5413.9,3579.8,3896.09,1127.35,526.96,779.74,13764.36,5,13764.36,2752.87,2752.87
2031,926,384,98,2024-10-13,2024-11-18,2024-11-20,Autumn,Net Banking,17695.96,4926.86,4098.29,17224.79,5767.39,2578.67,47134.62,2,47134.62,9426.92,23567.31
2032,86,358,162,2024-05-16,2024-07-15,2024-07-22,Monsoon,Cash,14945.49,20258.64,6195.29,8673.41,11872.92,420.62,61525.13,7,61525.13,12305.03,8789.3
2033,823,118,108,2023-05-17,2023-07-01,2023-07-05,Monsoon,UPI,20203.6,10356.7,7872.61,14017.26,7778.22,2639.21,57589.18,4,57589.18,11517.84,14397.3
2034,429,170,90,2023-05-04,2023-06-15,2023-06-19,Monsoon,Debit Card,8770.36,5169.03,2579.57,9504.23,1102.02,357.05,26768.16,4,26768.16,5353.63,6692.04
2035,406,350,126,2024-03-04,2024-04-21,2024-04-25,Summer,Credit Card,12484.28,5441.22,1570.74,345.21,740.88,1450.95,19131.38,4,19131.38,3826.28,4782.84
2036,928,34,98,2024-03-12,2024-04-18,2024-04-20,Summer,UPI,6467.38,1295.58,3427.17,1903.61,1869.73,354.11,14609.36,2,14609.36,2921.87,7304.68
2037,254,115,7,2023-12-05,2023-12-25,2023-12-27,Winter,UPI,14108.92,2445.98,4088.98,6999.03,1177.28,1482.62,27337.57,2,27337.57,5467.51,13668.78
2038,55,2,189,2024-06-04,2024-07-04,2024-07-08,Monsoon,Debit Card,18790.4,16938.08,10065.22,23032.35,3648.7,2216.2,70258.55,4,70258.55,14051.71,17564.64
2039,11,425,89,2024-12-07,2024-12-15,2024-12-17,Winter,Debit Card,2175.46,3641.45,6840.51,11203.18,4376.34,221.88,28015.06,2,28015.06,5603.01,14007.53
2040,825,115,7,2024-10-01,2024-11-03,2024-11-10,Autumn,Cash,49381.22,7428.18,3116.74,4540.13,2617.96,2777.51,64306.72,7,64306.72,12861.34,9186.67
2041,364,310,104,2023-01-28,2023-03-23,2023-03-29,Summer,Debit Card,23684.7,5894.53,6850.4,17658.57,5219.48,2561.89,56745.79,6,56745.79,11349.16,9457.63
2042,914,423,51,2024-05-27,2024-07-20,2024-07-26,Monsoon,Debit Card,7311.72,10452.28,7203.68,9762.52,2483.18,975.42,36237.96,6,36237.96,7247.59,6039.66
2043,295,330,102,2024-05-31,2024-06-24,2024-06-26,Monsoon,Net Banking,4142.56,3692.08,6965.1,11330.65,6746.88,540.67,32336.6,2,32336.6,6467.32,16168.3
2044,848,77,117,2024-12-02,2024-12-19,2024-12-23,Winter,Net Banking,5568.44,3831.71,5381.73,16928.95,3307.84,307.94,34710.73,4,34710.73,6942.15,8677.68
2045,591,134,75,2023-05-08,2023-06-16,2023-06-23,Monsoon,UPI,8486.73,7966.48,3610.21,7212.38,2075.58,739.58,28611.8,7,28611.8,5722.36,4087.4
2046,839,82,148,2023-08-13,2023-09-27,2023-10-04,Autumn,Net Banking,78248.24,42372.64,15394.79,2334.78,8870.02,6015.72,141204.75,7,141204.75,28240.95,20172.11
2047,886,11,52,2023-07-27,2023-09-20,2023-09-23,Autumn,Net Banking,4073.4,5272.97,3350.54,680.03,1474.18,349.36,14501.76,3,14501.76,2900.35,4833.92
2048,835,285,100,2023-12-25,2024-01-02,2024-01-05,Winter,Debit Card,9796.86,7496.35,5249.73,3361.77,1168.86,1365.29,25708.28,3,25708.28,5141.66,8569.43
2049,822,343,30,2024-07-20,2024-09-15,2024-09-20,Autumn,Net Banking,23538.25,30192.16,4818.63,24156.88,7648.24,2463.26,87890.9,5,87890.9,17578.18,17578.18
2050,519,67,101,2023-10-24,2023-12-04,2023-12-08,Winter,Net Banking,17475.64,5884.88,4091.63,5998.98,1904.31,1137.7,34217.74,4,34217.74,6843.55,8554.44
2051,988,252,122,2024-05-23,2024-06-20,2024-06-25,Monsoon,Cash,4969.2,7643.85,4961.96,8174.35,1022.54,263.94,26507.96,5,26507.96,5301.59,5301.59
2052,836,462,118,2023-08-13,2023-09-12,2023-09-15,Autumn,Cash,15689.46,20526.76,13145.7,28694.9,11005.65,1841.4,87221.07,3,87221.07,17444.21,29073.69
2053,625,90,43,2023-04-19,2023-05-16,2023-05-18,Summer,Net Banking,25931.06,2400.93,2062.74,8104.74,2337.29,2485.34,38351.42,2,38351.42,7670.28,19175.71
2054,194,186,112,2023-06-12,2023-06-24,2023-06-29,Monsoon,Net Banking,26682.15,4466.05,2797.1,9803.78,2246.94,2430.26,43565.76,5,43565.76,8713.15,8713.15
2055,383,443,38,2024-11-11,2024-12-21,2024-12-25,Winter,Debit Card,9184.88,10444.56,4982.75,12088.21,5131.78,1035.68,40796.5,4,40796.5,8159.3,10199.12
2056,182,180,140,2023-02-17,2023-02-27,2023-03-05,Winter,Debit Card,20865.66,3554.24,2519.86,2541.73,2741.44,385.25,31837.68,6,31837.68,6367.54,5306.28
2057,391,415,186,2023-05-19,2023-06-19,2023-06-25,Monsoon,Cash,23718.66,9404.68,4956.49,13564.88,2490.21,271.47,53863.45,6,53863.45,10772.69,8977.24
2058,784,285,100,2023-05-08,2023-06-02,2023-06-09,Monsoon,Net Banking,22859.34,18137.76,6124.8,14760.87,6480.49,1282.1,67081.16,7,67081.16,13416.23,9583.02
2059,242,169,182,2023-10-26,2023-12-14,2023-12-17,Winter,Credit Card,4677.81,2110.88,3702.15,7755.52,3846.37,177.93,21914.8,3,21914.8,4382.96,7304.93
2060,517,64,86,2023-01-30,2023-03-13,2023-03-20,Summer,Cash,65815.61,5568.16,3984.03,1222.21,1307.65,9611.26,68286.4,7,68286.4,13657.28,9755.2
2061,820,66,82,2023-01-01,2023-02-03,2023-02-10,Winter,Net Banking,41097.35,17724.35,4685.18,18654.04,6552.51,3499.39,85214.04,7,85214.04,17042.81,12173.43
2062,284,352,118,2024-05-15,2024-07-12,2024-07-19,Monsoon,Credit Card,11074.84,13641.58,9723.49,13854.46,4464.64,801.57,51957.44,7,51957.44,10391.49,7422.49
2063,866,289,76,2023-12-29,2024-01-07,2024-01-10,Winter,UPI,5854.17,2452.57,3562.96,2063.96,1366.72,812.26,14488.12,3,14488.12,2897.62,4829.37
2064,79,36,106,2024-09-05,2024-09-12,2024-09-18,Autumn,Debit Card,123607.74,22198.77,5675.42,1003.28,2901.72,642.26,154744.67,6,154744.67,30948.93,25790.78
2065,807,97,69,2024-03-30,2024-05-15,2024-05-19,Summer,Net Banking,4122.0,6237.44,6894.49,3941.58,5036.33,251.61,25980.23,4,25980.23,5196.05,6495.06
2066,387,456,140,2024-08-06,2024-10-01,2024-10-07,Autumn,Cash,93990.36,11677.62,2132.58,11452.6,2905.93,10912.43,111246.66,6,111246.66,22249.33,18541.11
2067,594,330,102,2024-11-15,2024-11-26,2024-11-28,Autumn,Credit Card,4142.56,3768.93,5701.06,17524.24,11233.28,294.5,42075.57,2,42075.57,8415.11,21037.78
2068,638,99,101,2023-01-30,2023-02-04,2023-02-06,Winter,Cash,9022.5,3399.09,3019.72,8772.91,2652.33,827.31,26039.24,2,26039.24,5207.85,13019.62
2069,961,319,18,2023-06-13,2023-08-05,2023-08-12,Monsoon,Cash,17039.96,6076.91,2793.19,9532.43,1235.48,783.89,35894.08,7,35894.08,7178.82,5127.73
2070,515,455,166,2023-07-09,2023-08-03,2023-08-10,Monsoon,Net Banking,17168.83,7789.26,3509.22,9161.11,3769.35,1656.0,39741.77,7,39741.77,7948.35,5677.4
2071,892,429,55,2023-04-27,2023-05-13,2023-05-17,Summer,UPI,16780.8,13412.79,3843.59,17804.57,920.45,447.72,52314.48,4,52314.48,10462.9,13078.62
2072,127,426,160,2024-02-26,2024-03-26,2024-04-01,Summer,Debit Card,68367.9,7734.19,3599.7,5120.83,3988.21,8820.45,79990.38,6,79990.38,15998.08,13331.73
2073,769,228,114,2024-04-16,2024-05-08,2024-05-13,Summer,Net Banking,19487.95,9348.02,4673.31,8014.38,3740.71,2435.6,42828.77,5,42828.77,8565.75,8565.75
2074,266,242,124,2023-09-06,2023-09-14,2023-09-17,Autumn,Cash,28220.64,13912.93,17788.07,1852.97,9083.93,3275.53,67583.01,3,67583.01,13516.6,22527.67
2075,111,201,166,2023-02-10,2023-03-03,2023-03-10,Summer,Credit Card,32244.45,20290.02,1803.28,3068.23,2733.71,516.04,59623.65,7,59623.65,11924.73,8517.66
2076,347,205,170,2022-12-25,2023-01-20,2023-01-25,Winter,UPI,8772.4,7483.43,1343.58,7319.32,3675.72,355.04,28239.41,5,28239.41,5647.88,5647.88
2077,197,112,161,2024-11-15,2024-12-13,2024-12-20,Winter,Credit Card,13770.12,8955.04,4251.92,16926.72,5940.78,139.09,49705.49,7,49705.49,9941.1,7100.78
2078,927,221,194,2024-09-06,2024-09-18,2024-09-23,Autumn,Cash,58837.4,6483.56,4985.68,9468.88,2193.05,525.52,81443.05,5,81443.05,16288.61,16288.61
2079,338,91,200,2024-12-03,2024-12-19,2024-12-22,Winter,Credit Card,12596.7,5164.98,4451.15,6431.25,859.25,535.0,28968.33,3,28968.33,5793.67,9656.11
2080,585,299,92,2024-11-05,2024-11-17,2024-11-21,Autumn,Credit Card,3940.08,3705.46,4004.32,2163.99,2296.3,213.84,15896.31,4,15896.31,3179.26,3974.08
2081,721,204,56,2023-11-07,2023-11-19,2023-11-23,Autumn,Debit Card,21188.96,8946.26,3230.69,18115.29,6801.94,2608.76,55674.38,4,55674.38,11134.88,13918.6
2082,32,56,48,2023-05-28,2023-06-05,2023-06-11,Monsoon,Cash,5674.08,15874.95,6853.25,7845.12,7072.06,437.04,42882.42,6,42882.42,8576.48,7147.07
2083,534,201,166,2024-05-09,2024-05-18,2024-05-25,Summer,Cash,32244.45,5042.19,1746.47,7992.9,936.18,3202.23,44759.96,7,44759.96,8951.99,6394.28
2084,469,455,166,2023-08-21,2023-09-14,2023-09-18,Autumn,Cash,9810.76,9873.09,16687.56,11280.77,11828.3,1058.57,58421.91,4,58421.91,11684.38,14605.48
2085,574,336,179,2022-12-18,2023-01-04,2023-01-06,Winter,Cash,6877.92,1943.94,1549.58,1023.41,1909.25,905.64,12398.46,2,12398.46,2479.69,6199.23
2086,786,88,116,2023-09-24,2023-10-10,2023-10-16,Autumn,UPI,14508.78,20532.2,8804.49,13090.79,1829.57,1581.15,57184.68,6,57184.68,11436.94,9530.78
2087,753,472,158,2023-04-08,2023-05-13,2023-05-15,Summer,Debit Card,3274.52,3997.22,1632.39,9949.91,1595.97,460.38,19989.63,2,19989.63,3997.93,9994.82
2088,991,388,112,2023-08-30,2023-10-08,2023-10-13,Autumn,Net Banking,21693.95,8498.81,4254.17,4740.87,603.73,2514.63,37276.9,5,37276.9,7455.38,7455.38
2089,634,471,74,2024-08-02,2024-09-21,2024-09-26,Autumn,Net Banking,15193.2,9324.66,2209.54,9713.41,2952.8,2041.26,37352.35,5,37352.35,7470.47,7470.47
2090,512,250,24,2023-07-31,2023-09-02,2023-09-09,Autumn,UPI,16192.33,9673.24,3903.21,12386.69,1028.92,2022.16,41162.23,7,41162.23,8232.45,5880.32
2091,716,19,173,2024-10-19,2024-10-28,2024-10-30,Autumn,Cash,2889.54,3144.05,2972.19,9172.26,1492.8,200.22,19470.62,2,19470.62,3894.12,9735.31
2092,999,71,108,2023-04-17,2023-05-14,2023-05-18,Summer,Credit Card,7971.12,4621.21,4243.29,9887.88,2574.14,247.94,29049.7,4,29049.7,5809.94,7262.42
2093,183,249,115,2024-11-04,2024-12-25,2025-01-01,Winter,Debit Card,16873.99,9599.77,2276.25,1852.8,2444.43,261.71,32785.53,7,32785.53,6557.11,4683.65
2094,565,87,138,2023-10-28,2023-12-13,2023-12-16,Winter,Debit Card,5230.05,4996.8,2837.68,6509.1,2305.9,375.08,21504.45,3,21504.45,4300.89,7168.15
2095,756,471,74,2023-01-02,2023-01-21,2023-01-25,Winter,Net Banking,12154.56,13279.28,3847.88,10421.29,5214.6,1055.28,43862.33,4,43862.33,8772.47,10965.58
2096,73,421,87,2023-12-11,2024-01-22,2024-01-28,Winter,Debit Card,103911.54,9070.16,3603.2,3187.48,1593.62,7288.03,114077.97,6,114077.97,22815.59,19013.0
2097,59,178,170,2023-12-13,2024-01-28,2024-01-30,Winter,Net Banking,1929.76,2438.46,1024.52,5585.9,3715.89,261.21,14433.32,2,14433.32,2886.66,7216.66
2098,580,145,132,2024-10-13,2024-12-07,2024-12-11,Winter,Net Banking,87766.08,7681.16,4796.27,17247.45,1689.05,930.66,118249.35,4,118249.35,23649.87,29562.34
2099,560,479,134,2023-12-23,2024-01-19,2024-01-21,Winter,Cash,8441.42,3343.43,2028.82,2794.74,1756.48,947.45,17417.44,2,17417.44,3483.49,8708.72
2100,167,461,74,2024-04-30,2024-05-11,2024-05-14,Summer,Debit Card,7298.22,4685.92,3969.98,6123.34,1728.57,105.39,23700.64,3,23700.64,4740.13,7900.21
2101,424,107,110,2024-09-13,2024-11-04,2024-11-11,Autumn,Credit Card,5612.95,13579.39,9514.38,11110.41,3151.41,193.98,42774.56,7,42774.56,8554.91,6110.65
2102,882,414,60,2023-10-21,2023-12-13,2023-12-17,Winter,Cash,17127.8,2058.9,4414.01,7339.75,1381.33,1262.07,31059.72,4,31059.72,6211.94,7764.93
2103,509,453,100,2023-11-15,2023-12-05,2023-12-09,Winter,Debit Card,4491.0,4518.85,3808.25,8432.78,3253.96,314.0,24190.84,4,24190.84,4838.17,6047.71
2104,984,491,90,2022-12-10,2023-01-27,2023-01-30,Winter,Debit Card,7210.71,7829.74,5723.95,2518.7,1405.12,68.28,24619.94,3,24619.94,4923.99,8206.65
2105,812,448,196,2023-04-13,2023-06-12,2023-06-16,Monsoon,Net Banking,4713.36,6450.34,4406.44,3201.57,986.6,580.52,19177.79,4,19177.79,3835.56,4794.45
2106,73,463,151,2024-03-18,2024-04-19,2024-04-22,Summer,Net Banking,4653.57,5510.16,1869.83,876.8,2622.14,665.91,14866.59,3,14866.59,2973.32,4955.53
2107,245,54,60,2024-10-17,2024-11-06,2024-11-08,Autumn,Net Banking,25380.12,11505.64,8414.34,34958.95,12996.61,2563.39,90692.27,2,90692.27,18138.45,45346.14
2108,27,14,1,2023-03-22,2023-05-17,2023-05-19,Summer,Debit Card,1753.98,5606.91,3944.45,17133.03,5406.16,178.25,33666.28,2,33666.28,6733.26,16833.14
2109,940,23,36,2023-04-01,2023-04-10,2023-04-17,Summer,UPI,15307.88,6748.6,2428.16,819.74,4162.11,2233.07,27233.42,7,27233.42,5446.68,3890.49
2110,65,218,81,2024-07-16,2024-08-18,2024-08-25,Monsoon,Debit Card,8855.0,9772.25,2262.46,10221.7,4515.84,1144.79,34482.46,7,34482.46,6896.49,4926.07
2111,875,6,31,2023-04-09,2023-05-01,2023-05-04,Summer,UPI,14232.87,4489.31,2023.25,7242.37,1573.75,276.92,29284.63,3,29284.63,5856.93,9761.54
2112,45,211,130,2023-05-20,2023-05-26,2023-05-30,Summer,Net Banking,10898.16,7242.0,3772.61,10522.65,4310.9,383.2,36363.12,4,36363.12,7272.62,9090.78
2113,376,171,106,2024-11-25,2024-12-19,2024-12-22,Winter,Credit Card,12552.3,9486.76,8078.71,19970.13,5792.43,240.82,55639.51,3,55639.51,11127.9,18546.5
2114,238,306,195,2024-10-26,2024-12-25,2025-01-01,Winter,Net Banking,24344.18,9740.01,2680.69,7555.46,6467.73,2595.48,48192.59,7,48192.59,9638.52,6884.66
2115,820,392,188,2024-08-14,2024-09-23,2024-09-28,Autumn,Net Banking,17163.35,11352.79,7884.4,18356.49,7053.38,560.57,61249.84,5,61249.84,12249.97,12249.97
2116,492,238,96,2023-07-08,2023-07-26,2023-08-01,Monsoon,Cash,54046.68,3756.22,4883.85,2232.06,2097.65,5154.93,61861.53,6,61861.53,12372.31,10310.25
2117,165,22,63,2024-04-01,2024-04-08,2024-04-12,Summer,UPI,4793.52,2701.45,2011.65,3415.83,2254.52,668.26,14508.71,4,14508.71,2901.74,3627.18
2118,828,425,89,2024-01-07,2024-02-27,2024-03-01,Winter,UPI,3263.19,3619.1,5799.75,12340.64,4041.38,476.99,28587.07,3,28587.07,5717.41,9529.02
2119,674,207,77,2023-05-24,2023-07-08,2023-07-15,Monsoon,Credit Card,39191.25,12874.1,5288.11,5741.97,2988.14,1132.86,64950.71,7,64950.71,12990.14,9278.67
2120,583,55,8,2024-05-22,2024-07-08,2024-07-13,Monsoon,Debit Card,8170.15,2747.26,4602.11,8272.39,2603.33,940.23,25455.01,5,25455.01,5091.0,5091.0
2121,598,94,23,2024-10-03,2024-10-09,2024-10-14,Autumn,Debit Card,14197.55,22947.18,15803.14,32270.59,1906.26,2080.91,85043.81,5,85043.81,17008.76,17008.76
2122,757,240,186,2023-11-28,2023-12-25,2023-12-28,Winter,Net Banking,29289.36,7227.27,3809.56,993.06,6540.56,1577.41,46282.4,3,46282.4,9256.48,15427.47
2123,665,179,122,2023-06-27,2023-07-22,2023-07-26,Monsoon,UPI,38837.76,15243.64,8795.35,9003.51,7573.45,3006.91,76446.8,4,76446.8,15289.36,19111.7
2124,608,347,53,2024-04-16,2024-05-23,2024-05-29,Summer,Cash,32072.04,42294.35,12064.57,31562.17,9918.74,4317.64,123594.23,6,123594.23,24718.85,20599.04
2125,139,500,84,2023-12-18,2023-12-25,2024-01-01,Winter,Credit Card,11939.69,8283.08,1559.35,6660.84,3739.48,38.8,32143.64,7,32143.64,6428.73,4591.95
2126,775,317,124,2023-02-08,2023-04-04,2023-04-07,Summer,UPI,13210.05,3311.4,3752.33,3670.61,2221.23,1372.89,24792.73,3,24792.73,4958.55,8264.24
2127,914,484,114,2023-04-29,2023-05-23,2023-05-29,Summer,Net Banking,14030.52,13359.39,2654.55,8368.77,7657.25,313.45,45757.03,6,45757.03,9151.41,7626.17
2128,444,65,153,2024-06-21,2024-07-27,2024-07-29,Monsoon,UPI,48207.48,5377.71,5315.42,1643.28,6636.43,7084.06,60096.26,2,60096.26,12019.25,30048.13
2129,515,238,96,2023-05-19,2023-06-08,2023-06-11,Monsoon,UPI,27023.34,7169.2,2376.05,5705.31,3056.3,3185.36,42144.84,3,42144.84,8428.97,14048.28
2130,30,238,96,2024-04-28,2024-05-27,2024-06-03,Summer,Net Banking,63054.46,11613.12,3265.18,6135.64,2190.1,8438.03,77820.47,7,77820.47,15564.09,11117.21
2131,616,416,153,2023-08-07,2023-08-25,2023-09-01,Monsoon,Credit Card,10140.41,6238.21,4842.03,5134.26,853.85,705.83,26502.93,7,26502.93,5300.59,3786.13
2132,640,305,46,2023-11-09,2023-12-09,2023-12-15,Winter,Debit Card,12306.36,11105.34,2178.65,17101.46,1848.48,1715.06,42825.23,6,42825.23,8565.05,7137.54
2133,697,99,101,2024-01-02,2024-01-25,2024-01-28,Winter,Debit Card,13533.75,9408.86,15322.63,33203.77,10485.68,1655.7,80298.99,3,80298.99,16059.8,26766.33
2134,100,262,162,2023-09-17,2023-10-15,2023-10-21,Autumn,Credit Card,29145.24,11077.83,2898.52,215.74,1449.3,3950.03,40836.6,6,40836.6,8167.32,6806.1
2135,472,139,149,2023-02-11,2023-03-12,2023-03-19,Summer,Net Banking,64904.84,6608.19,4890.02,7939.48,3237.16,3218.67,84361.02,7,84361.02,16872.2,12051.57
2136,390,71,108,2023-04-25,2023-05-07,2023-05-09,Summer,UPI,3985.56,3192.31,6386.31,2043.77,6166.59,538.64,21235.9,2,21235.9,4247.18,10617.95
2137,656,71,108,2023-01-05,2023-01-16,2023-01-19,Winter,Net Banking,5978.34,7961.88,3268.1,14113.07,3171.03,115.32,34377.1,3,34377.1,6875.42,11459.03
2138,78,346,192,2023-02-20,2023-04-21,2023-04-26,Summer,Net Banking,10265.45,14809.79,9569.85,14965.26,3558.76,308.22,52860.89,5,52860.89,10572.18,10572.18
2139,272,343,30,2024-01-23,2024-02-04,2024-02-09,Winter,Credit Card,23538.25,19449.81,4501.36,15288.95,4996.13,2157.67,65616.83,5,65616.83,13123.37,13123.37
2140,277,377,97,2023-03-27,2023-04-18,2023-04-22,Summer,UPI,18005.16,5864.27,7294.96,17941.68,2895.4,2623.06,49378.41,4,49378.41,9875.68,12344.6
2141,412,272,11,2024-02-23,2024-04-02,2024-04-04,Summer,UPI,5040.54,6398.18,5979.81,15337.78,2858.95,23.74,35591.52,2,35591.52,7118.3,17795.76
2142,819,99,101,2023-12-21,2024-01-18,2024-01-24,Winter,Debit Card,27067.5,20858.59,6089.41,13873.29,7643.04,2991.54,72540.29,6,72540.29,14508.06,12090.05
2143,644,171,106,2023-10-10,2023-11-17,2023-11-19,Autumn,UPI,8368.2,1951.3,7602.23,5690.74,6399.01,898.83,29112.65,2,29112.65,5822.53,14556.32
2144,521,46,118,2024-07-08,2024-07-26,2024-07-30,Monsoon,UPI,5239.84,6730.18,4289.78,9120.69,1753.45,220.47,26913.47,4,26913.47,5382.69,6728.37
2145,719,243,181,2024-05-17,2024-06-09,2024-06-13,Monsoon,Cash,48950.96,7817.6,7519.13,4415.08,2828.55,2072.91,69458.41,4,69458.41,13891.68,17364.6
2146,55,25,106,2024-05-11,2024-06-19,2024-06-25,Monsoon,Debit Card,34764.48,23441.66,11467.25,4532.61,11145.62,2385.58,82966.04,6,82966.04,16593.21,13827.67
2147,826,187,23,2024-11-03,2024-12-15,2024-12-18,Winter,Cash,9913.53,5548.25,6491.43,5224.56,5968.11,30.78,33115.1,3,33115.1,6623.02,11038.37
2148,104,72,28,2023-12-29,2024-02-01,2024-02-04,Winter,UPI,3248.34,2639.77,4911.05,7311.39,2610.68,21.21,20700.02,3,20700.02,4140.0,6900.01
2149,774,223,77,2022-12-09,2023-02-05,2023-02-12,Winter,UPI,76745.9,16843.43,5522.88,2866.48,7665.39,4150.83,105493.25,7,105493.25,21098.65,15070.46
2150,961,458,163,2024-10-24,2024-11-10,2024-11-12,Autumn,Net Banking,9815.0,3321.55,1870.43,3717.33,2771.8,340.29,21155.82,2,21155.82,4231.16,10577.91
2151,697,355,193,2024-05-21,2024-07-08,2024-07-15,Monsoon,Cash,21829.64,31821.89,11248.76,34118.47,13616.67,1506.01,111129.42,7,111129.42,22225.88,15875.63
2152,587,184,183,2023-04-04,2023-04-14,2023-04-19,Summer,Cash,108038.3,9327.46,3279.64,7259.09,1676.43,12939.29,116641.63,5,116641.63,23328.33,23328.33
2153,620,358,162,2024-08-10,2024-09-23,2024-09-27,Autumn,Net Banking,8540.28,12796.55,9006.77,3466.01,6075.96,929.59,38955.98,4,38955.98,7791.2,9739.0
2154,505,364,108,2023-07-26,2023-09-15,2023-09-17,Autumn,Cash,4486.26,1685.75,4400.03,9317.75,1479.51,15.93,21353.37,2,21353.37,4270.67,10676.68
2155,219,308,163,2024-11-11,2024-12-28,2024-12-31,Winter,Net Banking,32358.93,11676.9,10248.04,33052.39,5209.86,147.55,92398.57,3,92398.57,18479.71,30799.52
2156,683,142,40,2024-11-25,2024-12-24,2024-12-28,Winter,UPI,53354.28,4672.43,2976.27,6799.92,4079.24,7659.02,64223.12,4,64223.12,12844.62,16055.78
2157,988,9,171,2023-06-24,2023-08-23,2023-08-26,Monsoon,Cash,35410.26,4733.06,1647.74,4768.28,2774.47,3607.44,45726.37,3,45726.37,9145.27,15242.12
2158,347,301,130,2023-03-22,2023-05-15,2023-05-20,Summer,Net Banking,8920.65,6111.39,2091.63,2062.78,1235.69,935.61,19486.53,5,19486.53,3897.31,3897.31
2159,223,467,147,2024-08-17,2024-10-07,2024-10-10,Autumn,Net Banking,6221.61,3840.13,1863.79,4182.31,3111.64,174.62,19044.86,3,19044.86,3808.97,6348.29
2160,845,491,90,2023-04-18,2023-05-01,2023-05-06,Summer,Credit Card,12017.85,6172.88,4026.36,677.12,1177.99,1132.14,22940.06,5,22940.06,4588.01,4588.01
2161,258,489,83,2024-11-02,2024-12-19,2024-12-24,Winter,UPI,20645.5,7423.78,5376.37,6501.46,3145.78,769.95,42322.94,5,42322.94,8464.59,8464.59
2162,993,14,1,2023-07-08,2023-08-18,2023-08-24,Monsoon,Debit Card,5261.94,3589.44,2812.7,303.21,3334.65,779.93,14522.01,6,14522.01,2904.4,2420.34
2163,53,244,133,2023-07-13,2023-08-15,2023-08-18,Monsoon,Credit Card,2885.73,21314.97,12417.13,35600.55,13002.51,119.1,85101.79,3,85101.79,17020.36,28367.26
2164,88,380,83,2024-02-08,2024-04-02,2024-04-05,Summer,Net Banking,25128.69,8125.72,8983.32,10917.67,6125.58,2626.16,56654.82,3,56654.82,11330.96,18884.94
2165,539,77,117,2023-03-19,2023-05-01,2023-05-03,Summer,Net Banking,2784.22,2614.01,1998.14,11793.76,3908.81,363.93,22735.01,2,22735.01,4547.0,11367.5
2166,967,386,80,2024-02-25,2024-03-12,2024-03-15,Summer,Cash,37341.75,11963.69,7597.41,11404.7,6406.98,736.03,73978.5,3,73978.5,14795.7,24659.5
2167,215,39,190,2024-09-30,2024-10-12,2024-10-17,Autumn,UPI,13385.3,21027.95,12543.19,7117.23,4277.31,1644.49,56706.49,5,56706.49,11341.3,11341.3
2168,565,270,58,2024-08-23,2024-08-28,2024-09-03,Monsoon,UPI,75306.48,11450.63,2859.43,117.87,3841.6,8294.01,85282.0,6,85282.0,17056.4,14213.67
2169,125,485,188,2022-12-31,2023-02-02,2023-02-08,Winter,Cash,38597.7,6808.77,3598.5,5156.74,3234.8,1878.99,55517.52,6,55517.52,11103.5,9252.92
2170,700,278,158,2023-04-23,2023-05-19,2023-05-25,Summer,Credit Card,70953.06,5732.95,1172.38,6186.13,3680.56,1872.9,85852.18,6,85852.18,17170.44,14308.7
2171,255,201,166,2024-04-22,2024-05-22,2024-05-25,Summer,Net Banking,13819.05,2300.92,2716.99,3391.17,2390.62,258.78,24359.97,3,24359.97,4871.99,8119.99
2172,786,354,69,2024-02-07,2024-02-26,2024-03-04,Winter,Cash,24245.9,11410.38,6567.34,16439.48,5196.47,2504.99,61354.58,7,61354.58,12270.92,8764.94
2173,929,206,28,2024-01-23,2024-02-13,2024-02-20,Winter,Debit Card,31936.66,23859.36,6154.37,3621.42,4516.16,1372.65,68715.32,7,68715.32,13743.06,9816.47
2174,436,402,16,2024-10-25,2024-11-15,2024-11-17,Autumn,Net Banking,10576.22,4801.93,6687.25,12096.28,5278.35,894.18,38545.85,2,38545.85,7709.17,19272.92
2175,754,427,29,2024-11-23,2024-12-18,2024-12-23,Winter,UPI,11877.2,12878.02,8695.7,1548.78,3390.34,1444.94,36945.1,5,36945.1,7389.02,7389.02
2176,448,235,68,2024-07-31,2024-08-10,2024-08-16,Monsoon,Net Banking,32979.36,8623.33,3612.48,4500.17,2639.03,1568.32,50786.05,6,50786.05,10157.21,8464.34
2177,466,243,181,2022-11-29,2023-01-09,2023-01-12,Winter,Credit Card,36713.22,3440.22,2063.88,6757.89,2591.73,5497.85,46069.09,3,46069.09,9213.82,15356.36
2178,949,458,163,2023-01-07,2023-02-15,2023-02-17,Winter,UPI,9815.0,4178.14,3907.62,8684.51,4611.84,572.67,30624.44,2,30624.44,6124.89,15312.22
2179,70,411,35,2024-05-13,2024-06-12,2024-06-18,Monsoon,Debit Card,7863.42,11871.75,4599.74,9027.67,988.47,59.18,34291.87,6,34291.87,6858.37,5715.31
2180,995,397,169,2023-09-01,2023-10-22,2023-10-25,Autumn,Net Banking,3368.34,5787.73,4855.6,7763.14,912.33,184.02,22503.12,3,22503.12,4500.62,7501.04
2181,913,248,97,2023-10-07,2023-12-05,2023-12-08,Winter,Credit Card,11509.14,1620.89,4121.71,4578.35,2270.82,994.57,23106.34,3,23106.34,4621.27,7702.11
2182,807,301,130,2022-12-17,2023-02-05,2023-02-09,Winter,Debit Card,7136.52,8085.03,5106.88,394.42,5062.34,839.77,24945.42,4,24945.42,4989.08,6236.36
2183,875,1,50,2024-08-21,2024-10-16,2024-10-22,Autumn,Debit Card,73867.14,6665.38,3423.0,6977.83,1219.39,2240.22,89912.52,6,89912.52,17982.5,14985.42
2184,932,138,24,2023-01-13,2023-02-27,2023-03-04,Winter,UPI,75109.85,7406.77,1500.04,5155.83,2017.89,10547.8,80642.58,5,80642.58,16128.52,16128.52
2185,274,316,185,2024-09-07,2024-10-28,2024-11-02,Autumn,Credit Card,12051.65,16045.51,8410.15,8523.8,1174.26,492.35,45713.02,5,45713.02,9142.6,9142.6
2186,387,51,5,2023-10-09,2023-12-08,2023-12-13,Winter,Credit Card,10394.15,19892.99,8271.47,14665.11,1555.41,1352.83,53426.3,5,53426.3,10685.26,10685.26
2187,500,159,92,2024-10-09,2024-11-07,2024-11-13,Autumn,Net Banking,86853.54,3742.03,3912.84,8259.26,3661.28,3105.38,103323.57,6,103323.57,20664.71,17220.6
2188,933,360,25,2023-06-18,2023-06-28,2023-07-02,Monsoon,Net Banking,13775.4,12494.47,8399.93,16648.98,6173.37,526.84,56965.31,4,56965.31,11393.06,14241.33
2189,384,427,29,2024-09-27,2024-11-04,2024-11-07,Autumn,UPI,7126.32,17717.07,14031.84,11073.82,5253.08,522.75,54679.38,3,54679.38,10935.88,18226.46
2190,371,452,116,2023-04-28,2023-05-09,2023-05-16,Summer,Cash,28523.67,31617.68,10369.81,15057.54,10730.91,2935.3,93364.31,7,93364.31,18672.86,13337.76
2191,177,43,142,2023-10-18,2023-12-07,2023-12-10,Winter,Cash,14666.31,5412.84,4337.99,5241.53,3442.79,2020.22,31081.24,3,31081.24,6216.25,10360.41
2192,126,161,135,2023-04-28,2023-06-01,2023-06-08,Monsoon,Credit Card,19641.02,10299.65,8782.84,11912.71,942.34,2116.44,49462.12,7,49462.12,9892.42,7066.02
2193,971,262,162,2024-03-11,2024-04-14,2024-04-19,Summer,Credit Card,24287.7,5225.34,4310.51,2659.19,3069.31,1692.83,37859.22,5,37859.22,7571.84,7571.84
2194,713,195,190,2024-04-10,2024-05-11,2024-05-17,Summer,Cash,31704.42,18972.76,5952.46,16054.98,3431.78,3893.9,72222.5,6,72222.5,14444.5,12037.08
2195,318,190,89,2024-04-22,2024-06-16,2024-06-23,Monsoon,Net Banking,80835.16,41019.38,9352.78,13407.94,7770.31,5250.53,147135.04,7,147135.04,29427.01,21019.29
2196,411,441,80,2024-04-23,2024-06-02,2024-06-06,Monsoon,Debit Card,6124.44,3690.94,6632.74,16709.86,6254.17,128.32,39283.83,4,39283.83,7856.77,9820.96
2197,447,160,127,2024-03-28,2024-04-06,2024-04-11,Summer,UPI,4322.7,10674.62,11854.46,19342.31,8038.36,87.12,54145.33,5,54145.33,10829.07,10829.07
2198,572,257,2,2023-05-18,2023-06-15,2023-06-19,Monsoon,UPI,9560.08,2850.46,1019.79,770.05,2949.41,518.85,16630.94,4,16630.94,3326.19,4157.73
2199,42,213,91,2023-09-24,2023-11-20,2023-11-26,Autumn,Net Banking,22091.34,18094.91,3471.55,9471.36,5846.27,913.35,58062.08,6,58062.08,11612.42,9677.01
2200,64,195,190,2023-09-09,2023-10-10,2023-10-15,Autumn,Debit Card,26420.35,6881.17,1983.02,8001.0,807.02,979.55,43113.01,5,43113.01,8622.6,8622.6
2201,199,46,118,2023-04-23,2023-06-19,2023-06-22,Monsoon,Debit Card,3929.88,9348.46,8257.23,1952.9,1605.84,512.17,24582.14,3,24582.14,4916.43,8194.05
2202,270,343,30,2023-12-03,2024-01-09,2024-01-15,Winter,UPI,28245.9,6088.24,2992.61,3715.31,2937.85,1506.12,42473.79,6,42473.79,8494.76,7078.96
2203,584,202,3,2023-02-20,2023-03-09,2023-03-14,Summer,Cash,22022.85,21351.4,7242.5,16373.62,13816.6,697.42,80109.55,5,80109.55,16021.91,16021.91
2204,75,480,91,2023-05-15,2023-06-21,2023-06-26,Monsoon,Credit Card,111462.85,13365.87,4162.89,17439.83,6918.01,15279.34,138070.11,5,138070.11,27614.02,27614.02
2205,443,499,197,2023-09-29,2023-11-26,2023-12-02,Autumn,Cash,24190.8,11157.5,8173.63,9669.57,5085.06,247.8,58028.76,6,58028.76,11605.75,9671.46
2206,670,274,158,2024-10-24,2024-11-22,2024-11-24,Autumn,Credit Card,25798.16,5040.03,7199.8,17877.35,5781.95,3545.16,58152.13,2,58152.13,11630.43,29076.06
2207,443,67,101,2024-01-27,2024-02-20,2024-02-27,Winter,Net Banking,30582.37,14255.11,8632.64,10654.4,3378.01,4061.3,63441.23,7,63441.23,12688.25,9063.03
2208,959,275,135,2024-03-18,2024-05-17,2024-05-21,Summer,Credit Card,9090.84,8840.66,6046.95,3442.31,3932.73,991.2,30362.29,4,30362.29,6072.46,7590.57
2209,621,454,119,2023-12-22,2023-12-27,2023-12-30,Winter,Net Banking,17028.39,5159.36,3426.87,581.28,3253.19,1584.03,27865.06,3,27865.06,5573.01,9288.35
2210,877,369,40,2023-09-22,2023-09-27,2023-09-30,Autumn,Cash,35697.15,10436.37,5070.22,1815.47,1710.22,4154.32,50575.11,3,50575.11,10115.02,16858.37
2211,821,188,180,2023-07-30,2023-08-21,2023-08-25,Monsoon,Net Banking,3965.12,3029.13,2218.98,9862.23,1447.32,409.57,20113.21,4,20113.21,4022.64,5028.3
2212,155,19,173,2024-02-12,2024-03-14,2024-03-17,Summer,Debit Card,4334.31,4207.32,4941.64,3528.07,2326.73,187.21,19150.86,3,19150.86,3830.17,6383.62
2213,750,68,7,2024-03-21,2024-05-08,2024-05-14,Summer,Credit Card,9272.22,20861.43,1904.35,965.78,4015.45,435.84,36583.39,6,36583.39,7316.68,6097.23
2214,876,305,46,2024-09-16,2024-11-03,2024-11-07,Autumn,Debit Card,8204.24,2367.73,4536.58,5292.2,1163.69,1166.72,20397.72,4,20397.72,4079.54,5099.43
2215,51,250,24,2023-04-03,2023-05-25,2023-05-31,Summer,Debit Card,13879.14,9637.51,1987.01,1840.96,689.38,1216.35,26817.65,6,26817.65,5363.53,4469.61
2216,963,452,116,2024-05-19,2024-06-01,2024-06-05,Monsoon,UPI,16299.24,2023.46,4711.49,2022.12,584.17,1515.18,24125.3,4,24125.3,4825.06,6031.32
2217,480,248,97,2023-01-19,2023-03-08,2023-03-12,Summer,Debit Card,15345.52,7632.22,1516.87,8698.47,2161.5,1480.24,33874.34,4,33874.34,6774.87,8468.58
2218,502,224,88,2024-01-16,2024-02-15,2024-02-17,Winter,Net Banking,4150.4,2763.64,4855.74,18940.27,3362.87,192.98,33879.94,2,33879.94,6775.99,16939.97
2219,949,55,8,2023-04-07,2023-05-06,2023-05-11,Summer,Net Banking,8170.15,5927.66,8217.47,4447.14,2268.08,945.98,28084.52,5,28084.52,5616.9,5616.9
2220,763,446,176,2023-12-03,2024-01-06,2024-01-13,Winter,Credit Card,71956.29,12238.82,4846.88,3457.46,3768.08,1060.15,95207.38,7,95207.38,19041.48,13601.05
2221,906,131,58,2023-12-01,2023-12-21,2023-12-27,Winter,Credit Card,18510.18,6929.98,2890.2,8546.78,2388.58,1702.11,37563.61,6,37563.61,7512.72,6260.6
2222,907,170,90,2024-06-23,2024-07-26,2024-07-31,Monsoon,Debit Card,10962.95,7405.45,8168.87,10169.49,6137.48,991.63,41852.61,5,41852.61,8370.52,8370.52
2223,619,443,38,2023-11-16,2024-01-04,2024-01-10,Winter,Credit Card,13777.32,4332.34,2766.42,5994.54,2485.76,1627.47,27728.91,6,27728.91,5545.78,4621.48
2224,323,237,170,2023-07-16,2023-09-10,2023-09-13,Autumn,Credit Card,6962.1,5053.97,1358.29,9404.12,1154.41,185.13,23747.76,3,23747.76,4749.55,7915.92
2225,854,475,177,2024-07-10,2024-07-20,2024-07-22,Monsoon,Credit Card,6462.18,5672.56,7805.95,3412.62,2482.47,208.98,25626.8,2,25626.8,5125.36,12813.4
2226,274,149,33,2023-03-01,2023-04-24,2023-04-30,Summer,Net Banking,60497.82,16588.31,4023.06,3126.2,6321.03,8378.4,82178.02,6,82178.02,16435.6,13696.34
2227,8,324,148,2023-01-04,2023-02-06,2023-02-11,Winter,Cash,80557.0,7726.18,2931.92,9155.02,6237.22,6129.63,100477.71,5,100477.71,20095.54,20095.54
2228,904,472,158,2024-05-18,2024-06-22,2024-06-24,Monsoon,Credit Card,3274.52,2804.75,1873.2,5404.07,1802.47,19.4,15139.61,2,15139.61,3027.92,7569.8
2229,45,302,142,2022-12-21,2023-01-22,2023-01-25,Winter,Debit Card,13846.89,10942.13,14124.73,15268.63,13862.49,1935.44,66109.43,3,66109.43,13221.89,22036.48
2230,906,170,90,2024-03-18,2024-04-18,2024-04-20,Summer,Net Banking,4385.18,1497.1,3632.28,9639.27,2789.78,158.74,21784.87,2,21784.87,4356.97,10892.44
2231,281,412,198,2023-05-23,2023-06-08,2023-06-15,Monsoon,UPI,99337.84,21798.86,4346.69,14201.14,5692.51,6155.61,139221.43,7,139221.43,27844.29,19888.78
2232,885,271,76,2023-03-19,2023-04-11,2023-04-18,Summer,Net Banking,19235.37,22431.79,4663.18,9310.79,4465.56,904.78,59201.91,7,59201.91,11840.38,8457.42
2233,775,35,26,2024-06-10,2024-08-04,2024-08-11,Monsoon,Net Banking,88314.03,7656.77,3698.48,3589.75,3359.54,4781.29,101837.28,7,101837.28,20367.46,14548.18
2234,594,210,186,2024-03-25,2024-04-01,2024-04-08,Summer,Debit Card,13195.91,39261.82,10046.93,11331.96,4097.46,1668.64,76265.44,7,76265.44,15253.09,10895.06
2235,755,140,61,2023-05-29,2023-06-03,2023-06-09,Monsoon,Debit Card,34225.02,4656.1,4549.21,3260.68,3063.23,1737.83,48016.41,6,48016.41,9603.28,8002.74
2236,492,470,157,2024-07-07,2024-08-27,2024-08-30,Monsoon,Net Banking,74346.66,4385.28,1919.41,3964.99,657.76,781.61,84492.49,3,84492.49,16898.5,28164.16
2237,148,480,91,2023-05-17,2023-06-02,2023-06-08,Monsoon,Net Banking,133755.42,3416.15,1309.91,7900.75,1043.39,11844.13,135581.49,6,135581.49,27116.3,22596.91
2238,147,63,185,2022-11-28,2023-01-12,2023-01-15,Winter,UPI,3397.29,5516.21,3684.69,6061.11,1081.68,325.1,19415.88,3,19415.88,3883.18,6471.96
2239,34,45,159,2024-06-19,2024-07-19,2024-07-22,Monsoon,Cash,3763.35,2671.35,2843.46,4325.18,2762.44,333.99,16031.79,3,16031.79,3206.36,5343.93
2240,337,102,55,2024-07-31,2024-08-18,2024-08-25,Monsoon,UPI,23457.14,22782.01,5223.0,13740.76,1168.33,3345.75,63025.49,7,63025.49,12605.1,9003.64
2241,449,259,154,2024-01-12,2024-02-13,2024-02-18,Winter,Net Banking,11491.8,7056.75,3751.33,2219.81,3752.5,1412.77,26859.42,5,26859.42,5371.88,5371.88
2242,697,496,120,2024-05-30,2024-07-07,2024-07-12,Monsoon,Cash,79996.4,13286.77,13424.78,12815.32,10982.58,6352.24,124153.61,5,124153.61,24830.72,24830.72
2243,344,297,146,2024-03-26,2024-05-06,2024-05-11,Summer,Debit Card,13372.8,5327.53,3262.26,8502.77,1237.5,1831.61,29871.25,5,29871.25,5974.25,5974.25
2244,147,168,85,2023-05-27,2023-06-16,2023-06-23,Monsoon,UPI,17290.35,11037.32,4527.88,9218.12,3370.13,1571.01,43872.79,7,43872.79,8774.56,6267.54
2245,170,243,181,2024-11-29,2024-12-15,2024-12-18,Winter,Debit Card,36713.22,4751.85,3610.12,15800.43,3611.67,2190.44,62296.85,3,62296.85,12459.37,20765.62
2246,48,181,68,2023-12-31,2024-02-20,2024-02-27,Winter,Net Banking,15725.92,7943.06,2147.02,6811.71,4133.17,398.2,36362.68,7,36362.68,7272.54,5194.67
2247,834,282,199,2024-03-05,2024-03-20,2024-03-24,Summer,UPI,21370.64,5624.43,4939.92,8894.94,3138.69,2180.39,41788.23,4,41788.23,8357.65,10447.06
2248,816,389,149,2024-06-26,2024-08-03,2024-08-08,Monsoon,Cash,5317.45,7804.57,2668.35,866.78,2835.27,217.81,19274.61,5,19274.61,3854.92,3854.92
2249,871,288,102,2023-11-07,2023-12-23,2023-12-26,Winter,Credit Card,19689.69,3950.08,3177.82,1213.05,2527.56,562.97,29995.23,3,29995.23,5999.05,9998.41
2250,481,216,14,2023-06-24,2023-08-21,2023-08-24,Monsoon,Net Banking,44770.44,10521.0,6137.77,14130.89,4879.32,4095.97,76343.45,3,76343.45,15268.69,25447.82
2251,827,2,189,2022-12-12,2023-02-06,2023-02-08,Winter,Credit Card,9395.2,2156.67,1383.2,7643.82,1131.33,8.32,21701.9,2,21701.9,4340.38,10850.95
2252,157,124,190,2024-06-17,2024-07-05,2024-07-07,Monsoon,Debit Card,9612.0,1727.1,4303.88,6371.6,2900.07,978.82,23935.83,2,23935.83,4787.17,11967.92
2253,299,394,83,2022-12-19,2023-01-03,2023-01-08,Winter,Credit Card,11773.05,3876.93,1488.77,5948.04,1992.57,330.76,24748.6,5,24748.6,4949.72,4949.72
2254,854,58,79,2024-05-14,2024-05-20,2024-05-23,Summer,Credit Card,7226.79,8071.0,5086.8,11440.87,3412.77,623.63,34614.6,3,34614.6,6922.92,11538.2
2255,706,8,117,2023-01-12,2023-01-23,2023-01-30,Winter,Cash,10548.58,10207.97,4007.27,791.82,2120.2,1374.72,26301.12,7,26301.12,5260.22,3757.3
2256,864,492,19,2023-09-12,2023-11-10,2023-11-14,Autumn,Cash,15098.36,12350.69,17873.1,28229.69,8229.94,1762.24,80019.54,4,80019.54,16003.91,20004.88
2257,117,191,71,2024-08-20,2024-10-10,2024-10-15,Autumn,UPI,23616.25,5765.22,1461.08,4651.96,2692.25,3180.79,35005.97,5,35005.97,7001.19,7001.19
2258,707,283,166,2023-06-02,2023-06-16,2023-06-22,Monsoon,Debit Card,31425.18,40158.08,15750.23,1916.24,9652.88,3095.96,95806.65,6,95806.65,19161.33,15967.78
2259,751,369,40,2023-05-26,2023-07-10,2023-07-17,Monsoon,Cash,83293.35,10235.88,1714.88,2048.95,896.4,8321.83,89867.63,7,89867.63,17973.53,12838.23
2260,13,13,117,2023-04-15,2023-05-06,2023-05-13,Summer,Credit Card,13605.97,18474.07,3110.66,14720.55,3452.12,1451.89,51911.48,7,51911.48,10382.3,7415.93
2261,394,83,172,2023-04-26,2023-05-06,2023-05-09,Summer,Credit Card,32909.13,1944.28,2869.29,3463.22,1515.47,2611.99,40089.4,3,40089.4,8017.88,13363.13
2262,928,382,80,2024-03-29,2024-05-16,2024-05-18,Summer,Credit Card,3176.52,3247.9,1333.76,4459.34,887.86,382.71,12722.67,2,12722.67,2544.53,6361.34
2263,946,240,186,2024-10-11,2024-10-24,2024-10-30,Autumn,Credit Card,58578.72,4615.67,1383.4,1888.02,1889.42,2254.6,66100.63,6,66100.63,13220.13,11016.77
2264,174,222,89,2023-05-22,2023-06-06,2023-06-08,Monsoon,Cash,8026.7,4896.21,2402.42,12343.85,6765.74,406.96,34027.96,2,34027.96,6805.59,17013.98
2265,657,439,59,2022-11-18,2023-01-12,2023-01-15,Winter,Credit Card,11117.58,8475.01,4248.1,1485.2,5653.2,45.81,30933.28,3,30933.28,6186.66,10311.09
2266,331,408,141,2024-03-23,2024-04-17,2024-04-20,Summer,Cash,4502.94,2810.46,4716.35,4465.81,1314.4,335.41,17474.55,3,17474.55,3494.91,5824.85
2267,257,224,88,2024-03-12,2024-05-02,2024-05-04,Summer,Cash,4150.4,2965.15,1908.89,236.96,2073.27,169.71,11164.96,2,11164.96,2232.99,5582.48
2268,302,426,160,2022-12-17,2023-01-11,2023-01-18,Winter,Credit Card,79762.55,4384.21,4611.08,4418.66,2090.97,7118.13,88149.34,7,88149.34,17629.87,12592.76
2269,454,125,133,2023-12-02,2023-12-18,2023-12-24,Winter,Credit Card,6503.04,4060.24,3758.42,9077.75,956.53,352.15,24003.83,6,24003.83,4800.77,4000.64
2270,93,385,51,2023-04-03,2023-04-09,2023-04-14,Summer,Debit Card,20422.8,8873.74,3136.65,729.96,2662.83,121.13,35704.85,5,35704.85,7140.97,7140.97
2271,31,92,94,2024-07-02,2024-07-11,2024-07-13,Monsoon,Net Banking,4184.02,5245.4,7789.83,15405.5,3890.1,48.73,36466.12,2,36466.12,7293.22,18233.06
2272,91,236,81,2023-12-01,2024-01-09,2024-01-13,Winter,Net Banking,21619.92,19441.59,16737.97,20021.42,13796.82,2045.53,89572.19,4,89572.19,17914.44,22393.05
2273,92,84,91,2024-11-19,2024-11-27,2024-12-02,Autumn,Cash,65686.9,2689.3,3538.88,5430.25,780.87,2428.31,75697.89,5,75697.89,15139.58,15139.58
2274,674,267,92,2023-01-24,2023-02-04,2023-02-08,Winter,UPI,54721.4,11145.97,5398.9,12513.65,3827.75,3415.38,84192.29,4,84192.29,16838.46,21048.07
2275,73,300,36,2023-07-30,2023-09-09,2023-09-14,Autumn,Credit Card,61677.25,3223.25,1156.04,1532.79,830.95,3905.7,64514.58,5,64514.58,12902.92,12902.92
2276,340,39,190,2024-11-24,2024-12-28,2024-12-30,Winter,Debit Card,5354.12,6575.27,6591.46,9992.14,2484.97,791.21,30206.75,2,30206.75,6041.35,15103.38
2277,981,118,108,2023-04-11,2023-05-15,2023-05-22,Summer,Debit Card,35356.3,13774.5,3516.77,2975.37,5320.88,1873.78,59070.04,7,59070.04,11814.01,8438.58
2278,603,330,102,2024-08-07,2024-09-17,2024-09-23,Autumn,Net Banking,12427.68,10054.56,2443.04,5020.31,1111.28,854.86,30202.01,6,30202.01,6040.4,5033.67
2279,176,318,160,2023-06-23,2023-08-07,2023-08-14,Monsoon,UPI,14217.84,10856.17,4567.0,6270.16,1071.93,1921.84,35061.26,7,35061.26,7012.25,5008.75
2280,31,458,163,2023-10-13,2023-11-19,2023-11-24,Autumn,Net Banking,24537.5,7138.55,6166.27,9513.15,5724.48,1053.33,52026.62,5,52026.62,10405.32,10405.32
2281,293,137,27,2024-02-26,2024-04-08,2024-04-14,Summer,Debit Card,23808.72,10569.34,7263.33,14329.16,3084.86,2536.03,56519.38,6,56519.38,11303.88,9419.9
2282,618,40,165,2024-06-18,2024-07-22,2024-07-27,Monsoon,Debit Card,11132.1,8417.76,1622.08,2489.28,3906.58,1446.93,26120.87,5,26120.87,5224.17,5224.17
2283,851,121,158,2023-07-30,2023-09-13,2023-09-16,Autumn,Credit Card,6948.27,9602.01,4759.28,3499.77,2602.07,61.6,27349.8,3,27349.8,5469.96,9116.6
2284,269,354,69,2023-10-13,2023-11-12,2023-11-19,Autumn,Debit Card,24245.9,6181.97,3756.14,3433.69,3903.02,1511.5,40009.22,7,40009.22,8001.84,5715.6
2285,411,88,116,2024-07-19,2024-08-06,2024-08-09,Monsoon,UPI,7254.39,6420.9,3839.85,4794.2,3187.34,779.78,24716.9,3,24716.9,4943.38,8238.97
2286,758,465,38,2024-10-16,2024-11-07,2024-11-11,Autumn,Debit Card,53520.56,2504.32,1421.01,3395.34,3612.93,2127.25,62326.91,4,62326.91,12465.38,15581.73
2287,582,171,106,2024-04-14,2024-06-06,2024-06-08,Monsoon,Cash,8368.2,2594.44,2197.13,8562.93,3188.96,475.19,24436.47,2,24436.47,4887.29,12218.24
2288,518,57,22,2023-08-23,2023-10-06,2023-10-08,Autumn,Credit Card,9917.24,7872.21,5262.96,15048.62,5491.77,258.3,43334.5,2,43334.5,8666.9,21667.25
2289,258,339,71,2023-05-07,2023-06-19,2023-06-25,Monsoon,Net Banking,34313.16,8211.18,4974.68,3677.35,2250.77,4670.44,48756.7,6,48756.7,9751.34,8126.12
2290,634,271,76,2024-10-10,2024-11-25,2024-12-01,Autumn,Credit Card,16487.46,6241.2,4416.27,611.55,1606.3,294.87,29067.91,6,29067.91,5813.58,4844.65
2291,378,484,114,2023-07-06,2023-07-28,2023-08-02,Monsoon,Cash,11692.1,3830.67,3749.46,2346.08,1688.62,816.47,22490.46,5,22490.46,4498.09,4498.09
2292,910,286,165,2024-03-07,2024-03-24,2024-03-26,Summer,Credit Card,1754.76,6345.31,2734.32,5019.88,7857.85,237.97,23474.15,2,23474.15,4694.83,11737.08
2293,245,381,184,2024-10-13,2024-11-06,2024-11-09,Autumn,Credit Card,7082.37,21402.13,12753.93,33152.98,9761.99,14.07,84139.33,3,84139.33,16827.87,28046.44
2294,431,378,178,2024-07-15,2024-09-04,2024-09-06,Autumn,Net Banking,4349.94,3427.01,3379.73,4132.2,3124.83,595.81,17817.9,2,17817.9,3563.58,8908.95
2295,622,53,99,2023-09-28,2023-11-26,2023-11-28,Autumn,Cash,3302.7,3738.58,3390.89,7000.54,629.41,167.53,17894.59,2,17894.59,3578.92,8947.3
2296,435,40,165,2024-11-05,2024-11-15,2024-11-19,Autumn,Cash,8905.68,2053.93,1429.92,1646.9,507.79,971.36,13572.86,4,13572.86,2714.57,3393.22
2297,196,42,96,2023-04-17,2023-06-09,2023-06-11,Monsoon,Debit Card,47033.54,3731.09,2922.39,5579.22,3339.74,3817.71,58788.27,2,58788.27,11757.65,29394.14
2298,809,493,13,2023-09-08,2023-09-21,2023-09-23,Autumn,Debit Card,30499.84,1180.23,2564.44,799.48,3116.36,2823.21,35337.14,2,35337.14,7067.43,17668.57
2299,303,73,174,2024-04-20,2024-05-20,2024-05-25,Summer,Cash,12208.6,14067.66,7093.2,19297.96,4536.78,478.46,56725.74,5,56725.74,11345.15,11345.15
2300,34,477,50,2023-01-31,2023-02-10,2023-02-14,Winter,UPI,22658.6,2818.49,2569.03,6416.39,1279.93,1659.76,34082.68,4,34082.68,6816.54,8520.67
2301,253,362,167,2024-09-14,2024-11-03,2024-11-07,Autumn,Cash,5614.76,7576.71,5535.5,16678.93,2928.96,504.46,37830.4,4,37830.4,7566.08,9457.6
2302,888,308,163,2024-01-18,2024-02-22,2024-02-29,Winter,Net Banking,75504.17,5740.07,4014.09,4897.78,3177.11,5706.34,87626.88,7,87626.88,17525.38,12518.13
2303,608,118,108,2023-12-12,2024-01-16,2024-01-22,Winter,Net Banking,30305.4,32186.51,12251.79,19247.12,12280.89,1772.65,104499.06,6,104499.06,20899.81,17416.51
2304,445,9,171,2023-09-04,2023-10-02,2023-10-08,Autumn,Debit Card,70820.52,8447.2,3919.05,5354.85,1607.61,8199.75,81949.48,6,81949.48,16389.9,13658.25
2305,837,434,137,2023-04-12,2023-05-08,2023-05-13,Summer,Credit Card,122177.25,9059.29,3122.96,7674.99,2714.36,11343.65,133405.2,5,133405.2,26681.04,26681.04
2306,987,197,15,2023-05-15,2023-06-28,2023-07-03,Monsoon,Debit Card,28360.6,5179.2,3706.05,9072.02,1874.79,3857.41,44335.25,5,44335.25,8867.05,8867.05
2307,335,433,99,2022-12-26,2023-01-03,2023-01-05,Winter,Cash,11812.9,6742.41,9207.65,23878.28,6584.09,1485.7,56739.63,2,56739.63,11347.93,28369.82
2308,293,469,35,2023-03-13,2023-03-26,2023-03-30,Summer,UPI,54386.16,9890.22,2238.37,6282.72,5852.92,5165.62,73484.77,4,73484.77,14696.95,18371.19
2309,330,208,104,2024-03-11,2024-05-06,2024-05-10,Summer,Debit Card,8104.72,4823.78,2812.63,7298.96,2567.48,46.28,25561.29,4,25561.29,5112.26,6390.32
2310,458,371,120,2024-10-02,2024-11-25,2024-11-29,Autumn,Net Banking,6930.12,26554.71,10596.11,30949.71,8857.65,779.1,83109.2,4,83109.2,16621.84,20777.3
2311,745,181,68,2023-09-02,2023-09-11,2023-09-14,Autumn,Debit Card,6739.68,5744.25,4752.85,7444.7,3403.07,423.9,27660.65,3,27660.65,5532.13,9220.22
2312,813,304,170,2023-09-17,2023-11-03,2023-11-08,Autumn,UPI,23683.25,8296.44,4408.4,8519.18,2561.46,2254.18,45214.55,5,45214.55,9042.91,9042.91
2313,180,319,18,2024-03-27,2024-04-11,2024-04-14,Summer,Cash,7302.84,5919.01,3634.53,15721.65,6886.32,617.54,38846.81,3,38846.81,7769.36,12948.94
2314,55,73,174,2022-12-15,2023-01-22,2023-01-26,Winter,UPI,9766.88,8021.82,3613.27,20169.74,11371.06,501.76,52441.01,4,52441.01,10488.2,13110.25
2315,732,43,142,2024-11-04,2024-12-05,2024-12-11,Winter,UPI,29332.62,13010.53,4105.18,15068.82,4323.15,304.43,65535.87,6,65535.87,13107.17,10922.64
2316,207,346,192,2024-10-24,2024-12-13,2024-12-16,Winter,UPI,6159.27,2224.61,2137.28,703.23,957.94,401.33,11781.0,3,11781.0,2356.2,3927.0
2317,172,12,184,2024-05-30,2024-06-05,2024-06-10,Monsoon,Debit Card,7786.6,4033.7,4540.58,762.3,2345.24,581.87,18886.55,5,18886.55,3777.31,3777.31
2318,508,97,69,2023-05-23,2023-06-21,2023-06-25,Monsoon,Cash,4122.0,7358.61,1754.38,2185.12,2276.56,177.36,17519.31,4,17519.31,3503.86,4379.83
2319,729,489,83,2024-06-08,2024-08-03,2024-08-08,Monsoon,Credit Card,20645.5,9942.87,1809.33,8282.72,3311.81,716.63,43275.6,5,43275.6,8655.12,8655.12
2320,517,418,155,2024-01-25,2024-03-03,2024-03-10,Summer,UPI,38788.96,6122.91,3610.77,8650.19,689.78,1051.57,56811.04,7,56811.04,11362.21,8115.86
2321,17,323,59,2023-06-14,2023-07-03,2023-07-08,Monsoon,Cash,42525.9,6552.15,3924.64,6841.53,733.85,3702.0,56876.07,5,56876.07,11375.21,11375.21
2322,953,213,91,2024-05-13,2024-06-16,2024-06-21,Monsoon,Net Banking,18409.45,8602.52,5328.3,15304.89,4192.98,859.22,50978.92,5,50978.92,10195.78,10195.78
2323,357,153,165,2023-03-17,2023-04-07,2023-04-13,Summer,Credit Card,67845.24,8520.43,4223.69,6958.1,1207.15,7851.57,80903.04,6,80903.04,16180.61,13483.84
2324,740,57,22,2023-02-04,2023-03-05,2023-03-11,Summer,Debit Card,29751.72,8167.78,2485.86,2350.39,672.61,2759.18,40669.18,6,40669.18,8133.84,6778.2
2325,770,70,19,2023-01-20,2023-03-07,2023-03-09,Summer,Debit Card,8657.96,4191.34,7961.66,1396.66,7816.63,675.35,29348.9,2,29348.9,5869.78,14674.45
2326,345,383,15,2024-06-17,2024-07-01,2024-07-06,Monsoon,UPI,20863.85,4734.41,2798.02,14321.56,989.5,1377.07,42330.27,5,42330.27,8466.05,8466.05
2327,735,55,8,2023-03-28,2023-05-24,2023-05-28,Summer,UPI,6536.12,12401.64,5238.09,2829.36,6775.04,886.76,32893.49,4,32893.49,6578.7,8223.37
2328,431,492,19,2023-04-03,2023-04-24,2023-05-01,Summer,Debit Card,26422.13,8258.24,4515.0,8914.78,2087.64,216.13,49981.66,7,49981.66,9996.33,7140.24
2329,598,145,132,2024-01-23,2024-02-27,2024-03-01,Winter,UPI,65824.56,8117.21,4083.51,8240.03,11849.85,9456.86,88658.3,3,88658.3,17731.66,29552.77
2330,520,318,160,2024-03-13,2024-03-25,2024-03-28,Summer,UPI,6093.36,7915.78,6296.1,10614.44,6365.57,550.77,36734.48,3,36734.48,7346.9,12244.83
2331,87,303,188,2024-10-15,2024-11-27,2024-12-01,Autumn,Credit Card,40044.92,4304.56,3900.91,6249.41,735.27,4245.98,50989.09,4,50989.09,10197.82,12747.27
2332,598,142,40,2024-03-30,2024-04-22,2024-04-26,Summer,Net Banking,53354.28,12630.7,8228.59,8577.24,9160.65,241.47,91709.99,4,91709.99,18342.0,22927.5
2333,75,496,120,2024-05-14,2024-05-28,2024-06-04,Summer,Cash,111994.96,13400.37,5676.08,5944.21,4010.38,156.83,140869.17,7,140869.17,28173.83,20124.17
2334,71,258,200,2024-11-02,2024-12-20,2024-12-24,Winter,Credit Card,26946.0,2749.61,3739.42,3757.51,3786.1,3025.81,37952.83,4,37952.83,7590.57,9488.21
2335,631,348,21,2024-12-02,2024-12-16,2024-12-23,Winter,UPI,12904.57,12988.83,3971.61,9075.87,2941.88,110.91,41771.85,7,41771.85,8354.37,5967.41
2336,708,159,92,2024-06-27,2024-08-16,2024-08-18,Monsoon,Net Banking,28951.18,1723.94,3804.21,4233.58,2855.22,459.65,41108.48,2,41108.48,8221.7,20554.24
2337,101,114,71,2023-06-18,2023-07-24,2023-07-30,Monsoon,Cash,10930.2,7465.54,6733.67,1580.45,6477.03,573.92,32612.97,6,32612.97,6522.59,5435.5
2338,332,432,100,2024-01-24,2024-03-10,2024-03-13,Summer,Cash,6807.84,4702.34,3666.56,2012.19,939.26,573.44,17554.75,3,17554.75,3510.95,5851.58
2339,410,251,88,2024-10-07,2024-11-03,2024-11-10,Autumn,Credit Card,37640.89,14292.9,8168.49,9379.24,4100.97,1962.18,71620.31,7,71620.31,14324.06,10231.47
2340,761,240,186,2023-12-16,2024-02-12,2024-02-17,Winter,Net Banking,48815.6,5592.84,4833.85,10074.2,4568.28,2207.8,71676.97,5,71676.97,14335.39,14335.39
2341,45,290,96,2023-04-22,2023-05-13,2023-05-18,Summer,Credit Card,11435.5,18224.15,16309.56,11289.01,10564.59,199.95,67622.86,5,67622.86,13524.57,13524.57
2342,929,37,149,2024-02-26,2024-03-14,2024-03-17,Summer,Debit Card,3400.59,4812.47,4474.44,1343.51,1836.12,201.45,15665.68,3,15665.68,3133.14,5221.89
2343,414,35,26,2023-05-20,2023-07-05,2023-07-12,Monsoon,Net Banking,88314.03,12987.18,2804.2,7390.76,1591.62,11121.03,101966.76,7,101966.76,20393.35,14566.68
2344,717,450,110,2024-02-23,2024-03-18,2024-03-24,Summer,Net Banking,29647.98,8139.62,4309.11,6274.73,3966.41,3288.82,49049.03,6,49049.03,9809.81,8174.84
2345,88,293,50,2023-05-06,2023-06-02,2023-06-05,Monsoon,Net Banking,67464.81,7778.49,3671.07,3687.58,4495.43,8407.24,78690.14,3,78690.14,15738.03,26230.05
2346,188,93,27,2023-06-23,2023-07-14,2023-07-17,Monsoon,Debit Card,3918.33,3038.92,2964.01,9653.54,3837.57,538.8,22873.57,3,22873.57,4574.71,7624.52
2347,785,6,31,2024-02-25,2024-03-07,2024-03-13,Summer,Credit Card,28465.74,14644.82,5417.35,7654.45,3840.15,2912.79,57109.72,6,57109.72,11421.94,9518.29
2348,18,429,55,2024-05-13,2024-07-08,2024-07-13,Monsoon,Credit Card,20976.0,5650.46,1599.62,1926.48,1946.3,1095.88,31002.98,5,31002.98,6200.6,6200.6
2349,482,106,65,2024-07-13,2024-08-16,2024-08-20,Monsoon,Net Banking,35521.52,5722.05,2157.33,7663.51,2322.93,4264.65,49122.69,4,49122.69,9824.54,12280.67
2350,2,410,116,2023-04-07,2023-05-27,2023-05-29,Summer,Debit Card,9810.5,7130.87,3274.78,4064.79,2526.01,187.57,26619.38,2,26619.38,5323.88,13309.69
2351,786,269,176,2023-11-11,2024-01-10,2024-01-17,Winter,Net Banking,14363.02,10212.65,7515.38,2291.85,5465.15,1695.65,38152.4,7,38152.4,7630.48,5450.34
2352,860,212,186,2022-12-12,2023-01-01,2023-01-07,Winter,Credit Card,86815.38,33050.13,9781.45,29674.01,10664.96,7587.99,162397.94,6,162397.94,32479.59,27066.32
2353,518,342,194,2023-12-13,2023-12-22,2023-12-28,Winter,UPI,28358.28,9597.67,7195.5,13292.52,1448.52,438.03,59454.46,6,59454.46,11890.89,9909.08
2354,672,477,50,2023-03-10,2023-04-15,2023-04-21,Summer,Credit Card,33987.9,37029.07,6611.01,14087.05,6650.22,1165.11,97200.14,6,97200.14,19440.03,16200.02
2355,667,369,40,2024-11-30,2024-12-16,2024-12-22,Winter,Credit Card,71394.3,17700.79,3266.92,19033.14,3284.58,5519.72,109160.01,6,109160.01,21832.0,18193.34
2356,345,6,31,2024-05-12,2024-05-20,2024-05-27,Summer,Debit Card,33210.03,18922.23,6128.77,17782.01,1094.46,1120.41,76017.09,7,76017.09,15203.42,10859.58
2357,370,112,161,2023-07-01,2023-08-22,2023-08-24,Monsoon,Debit Card,3934.32,2931.8,4007.47,6859.0,6917.97,264.51,24386.05,2,24386.05,4877.21,12193.02
2358,706,169,182,2023-03-05,2023-04-19,2023-04-23,Summer,Credit Card,6237.08,6879.75,4313.33,7315.82,690.8,376.85,25059.93,4,25059.93,5011.99,6264.98
2359,466,285,100,2022-11-17,2023-01-05,2023-01-10,Winter,UPI,16328.1,3638.22,4396.86,6225.85,3284.19,1478.43,32394.79,5,32394.79,6478.96,6478.96
2360,513,183,134,2023-01-11,2023-02-17,2023-02-20,Winter,Credit Card,12872.58,5581.21,1295.35,1208.04,2554.85,852.91,22659.12,3,22659.12,4531.82,7553.04
2361,424,138,24,2023-04-23,2023-06-13,2023-06-15,Monsoon,Net Banking,30043.94,12856.88,9942.67,30209.22,3534.59,4065.96,82521.34,2,82521.34,16504.27,41260.67
2362,171,491,90,2023-12-08,2024-02-04,2024-02-10,Winter,UPI,14421.42,32072.18,13801.46,20287.93,12064.02,1923.9,90723.11,6,90723.11,18144.62,15120.52
2363,980,68,7,2024-05-26,2024-07-19,2024-07-23,Monsoon,Debit Card,6181.48,6025.42,3978.72,2560.25,3504.31,424.68,21825.5,4,21825.5,4365.1,5456.38
2364,854,415,186,2024-10-13,2024-12-03,2024-12-06,Winter,Cash,11859.33,7042.05,4945.89,11256.01,1003.67,1310.69,34796.26,3,34796.26,6959.25,11598.75
2365,903,469,35,2022-12-26,2023-01-23,2023-01-29,Winter,UPI,81579.24,17068.26,7162.66,9280.23,1792.38,2548.78,114333.99,6,114333.99,22866.8,19055.66
2366,714,334,158,2024-11-13,2024-12-25,2024-12-28,Winter,Net Banking,2693.07,18474.48,16901.03,20850.24,5388.19,62.3,64244.71,3,64244.71,12848.94,21414.9
2367,471,16,187,2023-03-25,2023-05-18,2023-05-22,Summer,Debit Card,9951.44,8917.15,7643.79,9854.45,1291.12,1397.26,36260.69,4,36260.69,7252.14,9065.17
2368,140,1,50,2023-07-09,2023-07-28,2023-08-04,Monsoon,Debit Card,86178.33,9281.1,3196.53,9435.03,1052.8,9803.02,99340.77,7,99340.77,19868.15,14191.54
2369,592,317,124,2024-05-26,2024-06-14,2024-06-19,Monsoon,Debit Card,22016.75,17247.48,3235.26,7988.37,2760.0,826.36,52421.5,5,52421.5,10484.3,10484.3
2370,230,459,97,2024-06-11,2024-06-16,2024-06-21,Monsoon,Credit Card,11754.15,13689.58,7572.16,6950.14,5615.47,574.74,45006.76,5,45006.76,9001.35,9001.35
2371,825,147,16,2023-10-19,2023-11-19,2023-11-24,Autumn,Net Banking,34906.65,2754.75,2042.56,8187.01,1204.29,1277.52,47817.74,5,47817.74,9563.55,9563.55
2372,402,129,1,2023-10-28,2023-12-19,2023-12-23,Winter,UPI,48629.48,14267.52,8238.71,11768.44,4019.47,7053.13,79870.49,4,79870.49,15974.1,19967.62
2373,736,339,71,2024-01-11,2024-02-17,2024-02-22,Winter,Cash,28594.3,3433.84,4399.34,3305.16,3933.57,585.89,43080.32,5,43080.32,8616.06,8616.06
2374,604,411,35,2024-04-10,2024-05-05,2024-05-09,Summer,Net Banking,5242.28,13328.26,9156.69,13728.41,4944.85,405.5,45994.99,4,45994.99,9199.0,11498.75
2375,314,8,117,2024-11-01,2024-11-13,2024-11-17,Autumn,Cash,6027.76,13449.54,8148.53,259.92,1179.03,828.54,28236.24,4,28236.24,5647.25,7059.06
2376,688,29,143,2023-11-27,2023-12-15,2023-12-21,Winter,Cash,7400.94,11443.66,2030.53,4410.28,3153.97,257.32,28182.06,6,28182.06,5636.41,4697.01
2377,317,373,124,2023-05-29,2023-06-28,2023-07-04,Monsoon,Debit Card,9306.96,10382.53,3544.91,324.33,2615.34,146.07,26028.0,6,26028.0,5205.6,4338.0
2378,110,295,125,2024-06-07,2024-06-16,2024-06-22,Monsoon,Debit Card,11647.2,8582.13,3609.02,265.45,3056.55,1629.18,25531.17,6,25531.17,5106.23,4255.2
2379,555,327,28,2023-02-26,2023-04-12,2023-04-14,Summer,Credit Card,6029.06,1259.76,4611.96,6562.16,1187.12,319.58,19330.48,2,19330.48,3866.1,9665.24
2380,308,441,80,2024-10-20,2024-12-06,2024-12-12,Winter,UPI,9186.66,6421.46,3106.38,10164.91,4815.12,1017.42,32677.11,6,32677.11,6535.42,5446.18
2381,604,19,173,2023-06-01,2023-07-25,2023-07-28,Monsoon,Debit Card,4334.31,8020.4,7677.68,13587.63,7910.8,253.03,41277.79,3,41277.79,8255.56,13759.26
2382,441,19,173,2024-12-12,2024-12-27,2025-01-03,Winter,Cash,10113.39,19122.01,4561.45,19907.07,1497.24,306.45,54894.71,7,54894.71,10978.94,7842.1
2383,972,426,160,2023-03-06,2023-04-19,2023-04-24,Summer,Cash,56973.25,4134.01,2844.54,2901.97,2949.03,1661.55,68141.25,5,68141.25,13628.25,13628.25
2384,541,52,77,2024-05-24,2024-06-08,2024-06-15,Monsoon,Cash,37370.2,10477.35,3534.56,8725.98,3366.31,3955.51,59518.89,7,59518.89,11903.78,8502.7
2385,185,198,130,2023-10-02,2023-10-17,2023-10-19,Autumn,Net Banking,5935.5,1367.23,4733.62,5592.4,2428.26,104.36,19952.65,2,19952.65,3990.53,9976.33
2386,229,423,51,2023-08-23,2023-09-27,2023-10-03,Autumn,Net Banking,7311.72,3508.32,2750.85,4490.76,3447.76,541.02,20968.39,6,20968.39,4193.68,3494.73
2387,608,70,19,2023-12-18,2023-12-25,2023-12-28,Winter,Credit Card,12986.94,20334.25,11241.59,35372.37,7393.28,1565.89,85762.54,3,85762.54,17152.51,28587.51
2388,277,18,101,2023-01-19,2023-03-08,2023-03-10,Summer,Debit Card,4438.4,4055.29,4522.11,8798.46,3937.7,395.88,25356.08,2,25356.08,5071.22,12678.04
2389,659,87,138,2024-06-06,2024-06-22,2024-06-27,Monsoon,UPI,8716.75,18223.3,16278.4,2309.2,13435.2,368.46,58594.39,5,58594.39,11718.88,11718.88
2390,862,213,91,2024-05-26,2024-06-23,2024-06-25,Monsoon,UPI,7363.78,1949.07,2810.43,7655.17,1744.05,794.38,20728.12,2,20728.12,4145.62,10364.06
2391,996,414,60,2023-04-03,2023-04-28,2023-05-01,Summer,Net Banking,12845.85,4446.13,4792.56,5734.45,669.86,216.78,28272.07,3,28272.07,5654.41,9424.02
2392,534,188,180,2023-12-15,2023-12-27,2023-12-31,Winter,Net Banking,3965.12,4857.94,1998.62,2322.23,3526.1,44.35,16625.66,4,16625.66,3325.13,4156.42
2393,471,220,123,2024-05-09,2024-05-16,2024-05-23,Summer,UPI,19583.62,8265.98,5309.66,17313.18,7929.33,27.16,58374.61,7,58374.61,11674.92,8339.23
2394,624,279,99,2023-01-02,2023-03-03,2023-03-09,Summer,Debit Card,12592.92,9598.67,4130.0,1089.58,5684.23,604.53,32490.87,6,32490.87,6498.17,5415.14
2395,976,220,123,2024-01-03,2024-02-24,2024-02-28,Winter,Net Banking,11190.64,3216.5,1964.18,2065.69,2391.68,253.01,20575.68,4,20575.68,4115.14,5143.92
2396,308,320,176,2024-11-13,2024-12-05,2024-12-09,Winter,Net Banking,9540.76,4178.84,2355.34,15544.36,6404.88,1033.93,36990.25,4,36990.25,7398.05,9247.56
2397,874,272,11,2023-10-27,2023-11-13,2023-11-19,Autumn,Cash,15121.62,5522.41,6406.82,14473.77,6957.54,2257.74,46224.42,6,46224.42,9244.88,7704.07
2398,757,448,196,2024-09-04,2024-10-03,2024-10-05,Autumn,Cash,2356.68,5836.18,4605.72,2892.69,6756.94,180.73,22267.48,2,22267.48,4453.5,11133.74
2399,648,194,199,2024-09-03,2024-09-24,2024-09-29,Autumn,Net Banking,55248.95,14265.08,3095.02,16060.81,2258.28,3890.02,87038.12,5,87038.12,17407.62,17407.62
2400,215,351,135,2024-05-07,2024-06-16,2024-06-21,Monsoon,Debit Card,4276.8,20156.62,4982.15,35671.57,4184.05,78.81,69192.38,5,69192.38,13838.48,13838.48
2401,626,80,104,2024-03-10,2024-05-03,2024-05-10,Summer,Debit Card,10307.43,26596.34,7613.58,2789.96,6275.67,1.51,53581.47,7,53581.47,10716.29,7654.5
2402,962,392,188,2024-11-09,2024-12-06,2024-12-09,Winter,Cash,10298.01,2628.18,3929.38,9114.36,1761.86,527.86,27203.93,3,27203.93,5440.79,9067.98
2403,285,33,63,2023-10-03,2023-11-11,2023-11-17,Autumn,Debit Card,8845.62,7539.69,8126.58,1023.32,2625.7,533.84,27627.07,6,27627.07,5525.41,4604.51
2404,29,104,32,2023-10-03,2023-10-17,2023-10-22,Autumn,Net Banking,47825.9,3930.88,3670.95,8710.79,531.75,7058.05,57612.22,5,57612.22,11522.44,11522.44
2405,594,417,90,2024-09-09,2024-10-12,2024-10-14,Autumn,Net Banking,28604.92,12545.84,10853.94,25696.51,10043.48,396.37,87348.32,2,87348.32,17469.66,43674.16
2406,152,400,169,2024-07-26,2024-09-02,2024-09-07,Autumn,Debit Card,15118.75,31961.72,9472.08,19304.89,6662.78,2178.04,80342.18,5,80342.18,16068.44,16068.44
2407,216,153,165,2023-05-05,2023-06-22,2023-06-28,Monsoon,Cash,67845.24,4573.55,1081.14,1699.98,1765.25,4471.29,72493.87,6,72493.87,14498.77,12082.31
2408,534,307,100,2024-09-09,2024-10-13,2024-10-20,Autumn,Debit Card,15117.34,7625.78,1312.14,2023.57,557.56,1256.5,25379.89,7,25379.89,5075.98,3625.7
2409,397,22,63,2023-01-25,2023-02-24,2023-02-27,Winter,Cash,3595.14,9925.39,3884.93,4149.69,7233.85,168.03,28620.97,3,28620.97,5724.19,9540.32
2410,51,264,144,2024-09-09,2024-10-26,2024-10-31,Autumn,UPI,23484.85,6782.22,3526.75,4331.07,3995.59,895.22,41225.26,5,41225.26,8245.05,8245.05
2411,668,363,21,2023-04-27,2023-05-08,2023-05-10,Summer,Credit Card,9053.7,3896.22,3491.05,6756.22,2027.22,1020.9,24203.51,2,24203.51,4840.7,12101.76
2412,148,269,176,2024-02-01,2024-02-10,2024-02-14,Winter,Credit Card,8207.44,5200.53,2325.16,6153.21,3742.51,1171.19,24457.66,4,24457.66,4891.53,6114.42
2413,156,84,91,2024-09-11,2024-11-03,2024-11-05,Autumn,Credit Card,26274.76,9123.66,11189.5,2872.76,6621.39,3871.96,52210.11,2,52210.11,10442.02,26105.06
2414,425,383,15,2022-12-08,2023-02-06,2023-02-11,Winter,Credit Card,20863.85,9442.91,6729.1,12742.85,4095.38,1916.81,51957.28,5,51957.28,10391.46,10391.46
2415,344,103,88,2023-06-06,2023-07-27,2023-08-01,Monsoon,Debit Card,27297.15,9261.43,2109.83,9644.04,1957.45,2565.19,47704.71,5,47704.71,9540.94,9540.94
2416,559,279,99,2024-04-09,2024-04-28,2024-05-01,Summer,Credit Card,6296.46,3437.58,1223.91,1777.0,2891.53,144.39,15482.09,3,15482.09,3096.42,5160.7
2417,217,397,169,2023-06-20,2023-07-12,2023-07-19,Monsoon,UPI,7859.46,44621.81,3801.4,2745.52,2652.66,1090.51,60590.34,7,60590.34,12118.07,8655.76
2418,704,238,96,2024-06-16,2024-07-01,2024-07-04,Monsoon,Credit Card,27023.34,5957.11,3554.78,7490.29,3441.87,1758.09,45709.3,3,45709.3,9141.86,15236.43
2419,97,130,46,2023-06-22,2023-08-08,2023-08-11,Monsoon,Credit Card,31585.95,6746.89,2380.17,8191.47,5690.25,1690.63,52904.1,3,52904.1,10580.82,17634.7
2420,754,415,186,2022-11-18,2023-01-10,2023-01-16,Winter,Debit Card,23718.66,7937.15,7708.97,3238.25,6936.71,3203.68,46336.06,6,46336.06,9267.21,7722.68
2421,74,183,134,2023-08-26,2023-10-02,2023-10-08,Autumn,UPI,25745.16,4248.23,4378.97,8729.39,2416.4,464.18,45053.97,6,45053.97,9010.79,7509.0
2422,835,81,152,2024-05-11,2024-06-06,2024-06-08,Monsoon,UPI,5646.28,6555.46,5817.81,4559.46,5987.19,235.92,28330.28,2,28330.28,5666.06,14165.14
2423,941,308,163,2023-12-31,2024-01-08,2024-01-11,Winter,Debit Card,32358.93,5659.54,7141.46,3030.96,2478.8,1929.08,48740.61,3,48740.61,9748.12,16246.87
2424,156,404,25,2023-11-24,2023-12-17,2023-12-21,Winter,Credit Card,58202.52,23587.54,17015.3,35024.79,10357.55,2025.17,142162.53,4,142162.53,28432.51,35540.63
2425,658,202,3,2023-04-08,2023-05-20,2023-05-26,Summer,UPI,26427.42,8778.48,7850.74,15150.3,6161.64,75.94,64292.64,6,64292.64,12858.53,10715.44
2426,231,14,1,2024-11-16,2024-11-27,2024-12-01,Autumn,Cash,3507.96,4468.79,1983.17,1280.42,2770.97,271.17,13740.14,4,13740.14,2748.03,3435.04
2427,832,11,52,2023-02-26,2023-04-25,2023-04-29,Summer,Cash,5431.2,12833.36,6557.69,6022.44,1074.71,256.59,31662.81,4,31662.81,6332.56,7915.7
2428,571,65,153,2024-10-01,2024-10-16,2024-10-18,Autumn,Credit Card,48207.48,10234.32,10559.56,10401.85,7728.56,4995.78,82135.99,2,82135.99,16427.2,41068.0
2429,582,55,8,2024-05-29,2024-07-04,2024-07-08,Monsoon,Credit Card,6536.12,2177.38,3840.1,3565.45,2347.56,872.24,17594.37,4,17594.37,3518.87,4398.59
2430,705,142,40,2024-09-24,2024-11-11,2024-11-16,Autumn,Debit Card,66692.85,21929.3,14842.56,21559.52,6901.25,9460.0,122465.48,5,122465.48,24493.1,24493.1
2431,454,70,19,2024-03-16,2024-03-24,2024-03-28,Summer,Net Banking,17315.92,3579.9,1591.92,5583.29,2401.31,501.19,29971.15,4,29971.15,5994.23,7492.79
2432,530,305,46,2022-12-16,2023-02-12,2023-02-15,Winter,Cash,6153.18,9105.43,6685.04,5640.78,3142.95,536.12,30191.26,3,30191.26,6038.25,10063.75
2433,793,187,23,2023-02-03,2023-03-05,2023-03-11,Summer,UPI,19827.06,7348.36,2764.63,1323.99,3713.11,1245.34,33731.81,6,33731.81,6746.36,5621.97
2434,297,485,188,2023-06-21,2023-08-07,2023-08-14,Monsoon,Credit Card,45030.65,15974.43,5203.06,10464.8,4219.53,1009.61,79882.86,7,79882.86,15976.57,11411.84
2435,855,332,42,2023-06-21,2023-07-11,2023-07-16,Monsoon,Net Banking,26087.4,9148.05,1626.93,8299.64,3813.84,900.16,48075.7,5,48075.7,9615.14,9615.14
2436,628,113,36,2023-11-26,2024-01-08,2024-01-12,Winter,Debit Card,5590.44,6442.98,4529.89,3971.32,2326.72,450.56,22410.79,4,22410.79,4482.16,5602.7
2437,355,97,69,2024-02-14,2024-03-08,2024-03-15,Summer,Credit Card,7213.5,4476.42,2015.84,8096.8,2210.92,778.85,23234.63,7,23234.63,4646.93,3319.23
2438,467,169,182,2023-12-21,2024-02-07,2024-02-14,Winter,Net Banking,10914.89,24980.49,2295.53,15217.02,7669.35,65.25,61012.03,7,61012.03,12202.41,8716.0
2439,428,235,68,2024-05-16,2024-07-12,2024-07-17,Monsoon,UPI,27482.8,6812.23,4783.23,2330.14,1847.31,3214.64,40041.07,5,40041.07,8008.21,8008.21
2440,33,340,130,2024-02-04,2024-03-01,2024-03-06,Summer,Debit Card,65011.4,33530.14,9381.11,32541.78,10989.19,941.73,150511.89,5,150511.89,30102.38,30102.38
2441,53,266,74,2023-09-15,2023-11-10,2023-11-12,Autumn,Net Banking,3948.02,14036.86,8118.31,22496.38,5301.71,127.07,53774.21,2,53774.21,10754.84,26887.1
2442,486,439,59,2023-07-15,2023-07-26,2023-08-02,Monsoon,Cash,25941.02,37556.92,10890.0,23823.2,11903.64,2635.98,107478.8,7,107478.8,21495.76,15354.11
2443,435,488,134,2023-11-18,2023-12-13,2023-12-19,Winter,Net Banking,5029.32,4629.34,2640.72,3082.03,745.51,24.18,16102.74,6,16102.74,3220.55,2683.79
2444,551,440,139,2024-05-03,2024-05-15,2024-05-18,Summer,Net Banking,53632.56,5354.3,5234.84,2876.63,6141.07,4450.65,68788.75,3,68788.75,13757.75,22929.58
2445,148,431,73,2023-05-08,2023-07-06,2023-07-11,Monsoon,Cash,15425.65,7178.45,4391.46,5088.91,3691.29,380.87,35394.89,5,35394.89,7078.98,7078.98
2446,592,490,39,2023-06-20,2023-07-20,2023-07-22,Monsoon,Cash,11666.38,3377.9,6977.11,6258.15,7196.15,1362.14,34113.55,2,34113.55,6822.71,17056.78
2447,897,189,195,2023-01-11,2023-03-02,2023-03-06,Summer,Debit Card,7026.24,8521.92,4797.56,2231.62,2921.45,595.99,24902.8,4,24902.8,4980.56,6225.7
2448,995,253,91,2022-11-22,2023-01-14,2023-01-20,Winter,UPI,62861.46,5297.42,3839.95,8473.95,1448.44,2879.93,79041.29,6,79041.29,15808.26,13173.55
2449,5,31,19,2024-07-09,2024-09-02,2024-09-07,Autumn,UPI,24486.1,5577.23,1595.99,7742.25,3981.99,187.01,43196.55,5,43196.55,8639.31,8639.31
2450,433,160,127,2023-10-22,2023-12-15,2023-12-21,Winter,Net Banking,5187.24,4430.16,2644.5,7405.84,1117.63,437.14,20348.23,6,20348.23,4069.65,3391.37
2451,678,460,42,2024-03-02,2024-04-05,2024-04-08,Summer,UPI,27587.46,2663.8,3354.76,4854.23,3379.92,2479.59,39360.58,3,39360.58,7872.12,13120.19
2452,918,443,38,2024-05-06,2024-05-23,2024-05-28,Summer,Net Banking,11481.1,7233.02,4508.16,9917.88,2058.74,1618.23,33580.67,5,33580.67,6716.13,6716.13
2453,521,462,118,2023-08-18,2023-09-22,2023-09-24,Autumn,Credit Card,10459.64,3518.52,2290.46,9739.19,3107.0,224.16,28890.65,2,28890.65,5778.13,14445.32
2454,664,366,192,2024-06-28,2024-08-23,2024-08-28,Monsoon,Net Banking,5422.2,6125.02,4131.45,12864.88,912.74,516.61,28939.68,5,28939.68,5787.94,5787.94
2455,487,149,33,2023-12-01,2023-12-09,2023-12-12,Winter,UPI,30248.91,3196.59,4173.07,467.41,923.21,4085.33,34923.86,3,34923.86,6984.77,11641.29
2456,419,350,126,2024-04-18,2024-05-15,2024-05-18,Summer,Net Banking,9363.21,4993.85,1002.39,1104.99,1045.12,629.04,16880.52,3,16880.52,3376.1,5626.84
2457,724,377,97,2023-06-13,2023-07-15,2023-07-18,Monsoon,UPI,13503.87,1541.72,4493.38,7610.76,1124.57,1410.41,26863.89,3,26863.89,5372.78,8954.63
2458,162,292,55,2023-08-31,2023-09-23,2023-09-26,Autumn,Cash,7709.46,3964.91,1402.77,9084.47,1925.21,459.84,23626.98,3,23626.98,4725.4,7875.66
2459,956,443,38,2024-02-17,2024-03-02,2024-03-09,Summer,UPI,16073.54,12197.0,8645.44,7132.8,7099.32,559.68,50588.42,7,50588.42,10117.68,7226.92
2460,69,164,188,2024-06-04,2024-07-09,2024-07-12,Monsoon,UPI,34475.4,6090.19,7748.36,6911.1,3844.58,4609.34,54460.29,3,54460.29,10892.06,18153.43
2461,162,335,113,2022-12-01,2023-01-14,2023-01-16,Winter,Net Banking,25724.22,3081.11,1430.0,7100.29,2960.28,126.62,40169.28,2,40169.28,8033.86,20084.64
2462,833,95,162,2023-04-17,2023-05-08,2023-05-10,Summer,Cash,10278.8,3612.54,2885.06,935.97,972.73,1222.61,17462.49,2,17462.49,3492.5,8731.25
2463,689,29,143,2024-09-10,2024-10-13,2024-10-18,Autumn,Net Banking,6167.45,9776.06,2145.95,42.55,1320.09,587.38,18864.72,5,18864.72,3772.94,3772.94
2464,285,81,152,2023-05-24,2023-07-23,2023-07-28,Monsoon,Cash,14115.7,9163.11,4679.52,14025.5,7615.33,1059.9,48539.26,5,48539.26,9707.85,9707.85
2465,445,468,83,2022-12-03,2023-01-12,2023-01-14,Winter,Debit Card,10067.54,3927.99,3077.18,9535.71,2085.79,282.08,28412.13,2,28412.13,5682.43,14206.06
2466,229,194,199,2024-10-19,2024-11-28,2024-12-05,Autumn,Cash,77348.53,7540.92,2427.59,8321.59,966.84,1278.73,95326.74,7,95326.74,19065.35,13618.11
2467,123,16,187,2024-05-25,2024-06-22,2024-06-27,Monsoon,Credit Card,12439.3,9416.3,8689.97,11212.1,3252.93,1048.87,43961.73,5,43961.73,8792.35,8792.35
2468,545,253,91,2024-10-31,2024-11-10,2024-11-13,Autumn,Debit Card,31430.73,5483.75,6650.14,10485.7,6260.45,3293.9,57016.87,3,57016.87,11403.37,19005.62
2469,604,223,77,2024-06-18,2024-07-18,2024-07-24,Monsoon,Debit Card,65782.2,21736.61,3972.07,8617.71,1244.94,6395.58,94957.95,6,94957.95,18991.59,15826.32
2470,343,341,138,2024-06-29,2024-08-03,2024-08-09,Monsoon,Net Banking,71651.52,33311.11,8830.54,31175.97,4329.53,9431.07,139867.6,6,139867.6,27973.52,23311.27
2471,257,302,142,2023-08-11,2023-08-27,2023-09-01,Monsoon,Debit Card,23078.15,4503.39,4473.21,8072.35,1669.81,2237.54,39559.37,5,39559.37,7911.87,7911.87
2472,686,34,98,2024-06-26,2024-08-14,2024-08-17,Monsoon,Credit Card,9701.07,2388.12,2075.38,7632.94,1888.49,994.23,22691.77,3,22691.77,4538.35,7563.92
2473,79,164,188,2023-12-30,2024-01-25,2024-01-28,Winter,Debit Card,34475.4,10311.67,3020.05,13502.96,2831.97,4544.27,59597.78,3,59597.78,11919.56,19865.93
2474,461,21,62,2023-08-21,2023-09-01,2023-09-05,Autumn,Cash,8537.24,11062.67,3008.33,12969.74,1355.5,715.04,36218.44,4,36218.44,7243.69,9054.61
2475,280,23,36,2024-06-05,2024-07-08,2024-07-12,Monsoon,Cash,8747.36,21586.17,16809.32,23323.74,12116.13,1156.89,81425.83,4,81425.83,16285.17,20356.46
2476,829,70,19,2023-09-24,2023-11-16,2023-11-22,Autumn,Debit Card,25973.88,6149.15,2113.64,17033.55,3265.41,2111.05,52424.58,6,52424.58,10484.92,8737.43
2477,607,312,93,2024-10-13,2024-11-28,2024-12-04,Autumn,Credit Card,11543.34,7918.55,2071.08,1925.9,1489.17,1453.34,23494.7,6,23494.7,4698.94,3915.78
2478,349,18,101,2023-07-03,2023-08-23,2023-08-25,Monsoon,UPI,4438.4,3833.94,8631.88,3984.41,6930.34,345.01,27473.96,2,27473.96,5494.79,13736.98
2479,844,337,71,2023-06-05,2023-06-21,2023-06-23,Monsoon,Debit Card,2978.54,3998.95,1388.85,7016.55,2489.38,186.76,17685.51,2,17685.51,3537.1,8842.75
2480,912,71,108,2023-11-13,2023-12-06,2023-12-11,Winter,Net Banking,9963.9,31395.42,14771.23,5190.72,3245.87,1054.66,63512.48,5,63512.48,12702.5,12702.5
2481,742,373,124,2023-03-20,2023-05-13,2023-05-16,Summer,Credit Card,4653.48,6402.0,7622.83,11194.09,6088.58,546.85,35414.13,3,35414.13,7082.83,11804.71
2482,270,300,36,2024-10-11,2024-10-20,2024-10-23,Autumn,Net Banking,37006.35,1520.25,3314.9,4.88,1284.32,4018.85,39111.85,3,39111.85,7822.37,13037.28
2483,266,382,80,2024-09-25,2024-10-22,2024-10-27,Autumn,Credit Card,7941.3,29493.34,9226.7,17674.87,12643.82,610.24,76369.79,5,76369.79,15273.96,15273.96
2484,99,109,178,2024-01-20,2024-01-28,2024-02-01,Winter,Debit Card,58048.76,13612.87,5902.63,13568.43,2731.42,874.45,92989.66,4,92989.66,18597.93,23247.42
2485,278,181,68,2023-11-15,2024-01-05,2024-01-12,Winter,Cash,15725.92,12713.83,1760.12,8876.88,3191.02,1998.03,40269.74,7,40269.74,8053.95,5752.82
2486,24,242,124,2024-11-14,2024-12-24,2024-12-29,Winter,Net Banking,47034.4,4410.05,4667.42,4132.21,3624.1,4723.44,59144.74,5,59144.74,11828.95,11828.95
2487,583,187,23,2024-11-25,2024-12-16,2024-12-20,Winter,Cash,13218.04,4381.16,3015.94,133.21,1630.19,999.28,21379.26,4,21379.26,4275.85,5344.82
2488,591,126,188,2023-01-29,2023-02-17,2023-02-21,Winter,UPI,33400.44,5800.94,4702.04,8403.99,2863.65,2373.9,52797.16,4,52797.16,10559.43,13199.29
2489,544,181,68,2023-07-03,2023-07-19,2023-07-21,Monsoon,Net Banking,4493.12,2835.74,2491.56,6132.25,1122.23,447.72,16627.18,2,16627.18,3325.44,8313.59
2490,613,213,91,2024-08-26,2024-10-14,2024-10-17,Autumn,Debit Card,11045.67,2579.97,3155.49,829.08,1109.06,564.09,18155.18,3,18155.18,3631.04,6051.73
2491,928,131,58,2022-11-29,2023-01-20,2023-01-26,Winter,UPI,18510.18,11687.27,3539.12,4702.99,2463.58,2077.95,38825.19,6,38825.19,7765.04,6470.87
2492,974,17,97,2023-04-11,2023-04-17,2023-04-19,Summer,Net Banking,20521.66,2491.4,3711.78,267.36,954.8,911.78,27035.22,2,27035.22,5407.04,13517.61
2493,889,469,35,2023-11-30,2024-01-22,2024-01-28,Winter,UPI,81579.24,9732.79,3407.11,6565.58,2245.35,1168.41,102361.66,6,102361.66,20472.33,17060.28
2494,902,430,179,2023-10-11,2023-10-20,2023-10-22,Autumn,Debit Card,4680.54,3117.68,3906.67,14004.43,6788.88,302.73,32195.47,2,32195.47,6439.09,16097.74
2495,679,384,98,2024-05-18,2024-06-28,2024-07-05,Monsoon,Credit Card,61935.86,25657.15,5376.23,9727.05,6212.83,4372.93,104536.19,7,104536.19,20907.24,14933.74
2496,662,325,154,2023-02-12,2023-02-23,2023-02-25,Winter,Credit Card,13780.42,1885.83,3205.22,5092.97,1364.15,967.95,24360.64,2,24360.64,4872.13,12180.32
2497,572,89,144,2023-04-12,2023-05-21,2023-05-26,Summer,Net Banking,9819.9,7836.78,4143.39,7529.35,2755.23,277.49,31807.16,5,31807.16,6361.43,6361.43
2498,956,383,15,2023-10-11,2023-11-05,2023-11-08,Autumn,Cash,12518.31,4530.41,6234.95,2410.78,1707.34,1661.94,25739.85,3,25739.85,5147.97,8579.95
2499,505,245,170,2023-05-12,2023-06-15,2023-06-19,Monsoon,UPI,8905.44,4675.41,2356.31,1648.56,873.28,1074.7,17384.3,4,17384.3,3476.86,4346.08
2500,539,450,110,2023-01-12,2023-02-04,2023-02-10,Winter,UPI,29647.98,12398.01,2050.89,12797.56,2094.51,1024.16,57964.79,6,57964.79,11592.96,9660.8
2501,847,203,183,2024-05-21,2024-07-18,2024-07-24,Monsoon,UPI,9122.82,4587.11,4135.08,7581.2,3285.38,390.5,28321.09,6,28321.09,5664.22,4720.18
2502,340,461,74,2023-07-27,2023-09-12,2023-09-18,Autumn,Cash,14596.44,10439.39,7220.28,1007.6,3314.91,1536.05,35042.57,6,35042.57,7008.51,5840.43
2503,740,425,89,2023-02-19,2023-03-17,2023-03-20,Summer,Debit Card,3263.19,4403.46,1218.28,9907.8,3767.99,151.98,22408.74,3,22408.74,4481.75,7469.58
2504,84,437,161,2024-08-27,2024-09-19,2024-09-24,Autumn,Net Banking,28882.75,7336.34,3101.36,7931.06,2319.36,3300.06,46270.81,5,46270.81,9254.16,9254.16
2505,530,404,25,2024-06-14,2024-06-24,2024-06-27,Monsoon,Cash,43651.89,5930.11,7749.17,15605.36,3296.21,5141.22,71091.52,3,71091.52,14218.3,23697.17
2506,139,361,89,2023-11-13,2023-12-23,2023-12-27,Winter,Net Banking,90981.08,3037.5,4811.42,3321.88,2706.28,1192.55,103665.61,4,103665.61,20733.12,25916.4
2507,288,236,81,2024-02-16,2024-03-19,2024-03-22,Summer,Net Banking,16214.94,9072.15,6041.45,15638.75,3653.51,2020.3,48600.5,3,48600.5,9720.1,16200.17
2508,300,393,181,2024-11-18,2024-12-22,2024-12-28,Winter,Credit Card,28728.9,16869.6,5788.48,11369.93,6003.57,3422.9,65337.58,6,65337.58,13067.52,10889.6
2509,21,23,36,2023-04-07,2023-06-01,2023-06-03,Monsoon,Credit Card,4373.68,3227.06,1711.62,8169.97,2837.32,391.11,19928.54,2,19928.54,3985.71,9964.27
2510,405,94,23,2024-06-21,2024-07-16,2024-07-22,Monsoon,UPI,17037.06,3969.12,4468.16,7672.19,3164.04,1444.05,34866.52,6,34866.52,6973.3,5811.09
2511,408,228,114,2023-02-13,2023-03-22,2023-03-24,Summer,Credit Card,7795.18,6279.04,7049.3,7060.75,5862.44,1052.6,32994.11,2,32994.11,6598.82,16497.06
2512,280,81,152,2024-06-10,2024-07-28,2024-08-04,Monsoon,UPI,19761.98,45734.35,13978.03,21208.13,6765.38,1036.23,106411.64,7,106411.64,21282.33,15201.66
2513,676,66,82,2023-08-21,2023-08-28,2023-09-01,Monsoon,Credit Card,23484.2,4739.83,3345.29,1552.89,1661.61,634.22,34149.6,4,34149.6,6829.92,8537.4
2514,223,443,38,2023-11-05,2023-11-25,2023-11-29,Autumn,Debit Card,9184.88,7667.28,2853.18,6755.13,2879.46,685.71,28654.22,4,28654.22,5730.84,7163.56
2515,218,129,1,2023-10-18,2023-12-13,2023-12-17,Winter,Cash,48629.48,12825.44,4123.23,3722.71,1338.47,2185.09,68454.24,4,68454.24,13690.85,17113.56
2516,663,303,188,2023-05-04,2023-05-09,2023-05-14,Summer,Net Banking,50056.15,11025.33,16494.32,22599.06,12729.89,224.1,112680.65,5,112680.65,22536.13,22536.13
2517,808,212,186,2022-12-20,2023-02-16,2023-02-20,Winter,Net Banking,57876.92,4358.22,3831.93,4123.02,3170.31,7227.6,66132.8,4,66132.8,13226.56,16533.2
2518,280,243,181,2023-02-03,2023-02-15,2023-02-18,Winter,UPI,36713.22,17842.35,8902.83,15235.03,10071.06,1349.1,87415.39,3,87415.39,17483.08,29138.46
2519,753,26,174,2024-03-08,2024-03-25,2024-03-30,Summer,Cash,29445.8,5287.86,1577.63,3624.07,2362.07,3213.92,39083.51,5,39083.51,7816.7,7816.7
2520,911,195,190,2024-06-19,2024-06-24,2024-06-29,Monsoon,Cash,26420.35,16389.06,7968.94,13223.73,2231.0,2728.85,63504.23,5,63504.23,12700.85,12700.85
2521,669,305,46,2024-01-29,2024-02-27,2024-03-02,Winter,Net Banking,8204.24,6494.99,4860.54,719.76,2879.53,108.5,23050.56,4,23050.56,4610.11,5762.64
2522,625,358,162,2023-07-23,2023-08-22,2023-08-29,Monsoon,Debit Card,14945.49,4626.83,3292.44,1760.55,3867.25,989.53,27503.03,7,27503.03,5500.61,3929.0
2523,404,358,162,2023-02-18,2023-04-19,2023-04-21,Summer,Cash,4270.14,3910.18,7036.38,16736.79,3752.74,635.48,35070.75,2,35070.75,7014.15,17535.38
2524,223,9,171,2024-01-09,2024-02-07,2024-02-10,Winter,Credit Card,35410.26,5066.44,1215.27,6788.23,1860.94,300.03,50041.11,3,50041.11,10008.22,16680.37
2525,523,237,170,2023-11-04,2023-11-28,2023-12-04,Autumn,Credit Card,13924.2,13729.15,14268.9,13102.05,12680.77,1574.28,66130.79,6,66130.79,13226.16,11021.8
2526,895,478,40,2024-08-10,2024-09-24,2024-10-01,Autumn,Debit Card,16261.56,17722.25,4427.21,2881.65,6708.06,2163.21,45837.52,7,45837.52,9167.5,6548.22
2527,784,411,35,2024-06-11,2024-07-15,2024-07-20,Monsoon,Credit Card,6552.85,10019.59,4385.59,11854.49,5999.59,36.3,38775.81,5,38775.81,7755.16,7755.16
2528,92,94,23,2024-10-28,2024-12-20,2024-12-26,Winter,Credit Card,17037.06,5930.92,3815.21,1830.81,3377.32,1222.22,30769.1,6,30769.1,6153.82,5128.18
2529,51,337,71,2023-02-12,2023-04-07,2023-04-14,Summer,Credit Card,10424.89,5727.52,1514.76,5093.14,1182.63,1275.02,22667.92,7,22667.92,4533.58,3238.27
2530,431,11,52,2022-12-23,2023-02-14,2023-02-20,Winter,Cash,8146.8,5584.15,2438.82,4820.3,2926.16,906.56,23009.67,6,23009.67,4601.93,3834.94
2531,70,270,58,2023-12-14,2024-02-03,2024-02-09,Winter,UPI,75306.48,10168.47,4011.55,4729.21,2832.52,10247.63,86800.6,6,86800.6,17360.12,14466.77
2532,345,286,165,2023-06-20,2023-08-08,2023-08-12,Monsoon,UPI,3509.52,13135.43,6773.78,5816.94,3988.55,13.6,33210.62,4,33210.62,6642.12,8302.66
2533,920,224,88,2023-02-11,2023-02-25,2023-03-03,Winter,Debit Card,12451.2,8475.18,1891.19,2355.38,3826.84,1014.46,27985.33,6,27985.33,5597.07,4664.22
2534,450,270,58,2023-08-22,2023-10-12,2023-10-15,Autumn,UPI,37653.24,5112.74,3394.51,4099.41,2195.49,884.75,51570.64,3,51570.64,10314.13,17190.21
2535,539,341,138,2024-06-08,2024-07-09,2024-07-13,Monsoon,UPI,47767.68,7066.36,5074.94,2716.03,4175.5,735.92,66064.59,4,66064.59,13212.92,16516.15
2536,11,473,50,2024-11-06,2024-12-24,2024-12-26,Winter,Cash,37265.66,4750.19,8529.34,8643.3,3439.66,1735.64,60892.51,2,60892.51,12178.5,30446.26
2537,959,483,56,2023-04-06,2023-05-24,2023-05-28,Summer,Cash,5744.68,4800.04,1886.24,9536.04,1585.9,484.29,23068.61,4,23068.61,4613.72,5767.15
2538,658,285,100,2024-10-04,2024-11-16,2024-11-21,Autumn,UPI,16328.1,8804.58,5481.93,11765.44,4125.76,1987.09,44518.72,5,44518.72,8903.74,8903.74
2539,748,281,43,2024-10-10,2024-12-07,2024-12-12,Winter,UPI,8532.25,5414.97,2321.98,9360.23,1318.9,1045.93,25902.4,5,25902.4,5180.48,5180.48
2540,454,142,40,2024-08-22,2024-09-08,2024-09-13,Autumn,Cash,66692.85,9206.24,1591.59,7932.14,3759.75,4305.73,84876.84,5,84876.84,16975.37,16975.37
2541,914,88,116,2023-06-07,2023-06-12,2023-06-15,Monsoon,Debit Card,7254.39,7364.31,3653.89,17721.37,4491.16,313.72,40171.4,3,40171.4,8034.28,13390.47
2542,321,26,174,2023-02-20,2023-04-04,2023-04-08,Summer,Credit Card,23556.64,3916.95,3533.58,2524.98,956.97,1472.44,33016.68,4,33016.68,6603.34,8254.17
2543,640,245,170,2024-09-24,2024-11-06,2024-11-08,Autumn,UPI,4452.72,4132.42,6699.99,9017.94,7835.55,273.64,31864.98,2,31864.98,6373.0,15932.49
2544,17,293,50,2024-06-07,2024-06-19,2024-06-25,Monsoon,Cash,134929.62,3838.2,4005.5,4846.89,3022.44,7870.45,142772.2,6,142772.2,28554.44,23795.37
2545,374,105,34,2024-07-15,2024-08-17,2024-08-21,Monsoon,Cash,54976.92,6485.05,3732.08,3463.55,2791.03,2986.95,68461.68,4,68461.68,13692.34,17115.42
2546,120,126,188,2023-12-19,2024-01-09,2024-01-16,Winter,Cash,58450.77,47856.28,4529.09,15665.07,12437.61,2806.8,136132.02,7,136132.02,27226.4,19447.43
2547,348,246,3,2024-04-24,2024-05-16,2024-05-19,Summer,Net Banking,6729.12,4380.95,1317.44,2222.6,1459.58,459.37,15650.32,3,15650.32,3130.06,5216.77
2548,379,197,15,2023-08-28,2023-10-26,2023-11-01,Autumn,Credit Card,34032.72,11349.96,4023.82,8326.06,2141.76,1905.73,57968.59,6,57968.59,11593.72,9661.43
2549,607,446,176,2023-09-15,2023-11-05,2023-11-08,Autumn,Cash,30838.41,1682.21,4115.89,9181.45,1632.91,56.88,47393.99,3,47393.99,9478.8,15798.0
2550,294,180,140,2024-08-10,2024-09-08,2024-09-12,Autumn,Cash,13910.44,7534.66,2033.4,13128.43,1323.09,467.64,37462.38,4,37462.38,7492.48,9365.59
2551,311,474,107,2024-01-05,2024-03-05,2024-03-12,Summer,Net Banking,29691.62,4583.06,1538.92,6100.68,1364.37,3934.2,39344.45,7,39344.45,7868.89,5620.64
2552,57,397,169,2024-11-21,2024-12-11,2024-12-14,Winter,UPI,3368.34,9805.98,3202.19,12846.25,4758.95,238.63,33743.08,3,33743.08,6748.62,11247.69
2553,956,465,38,2023-09-19,2023-10-19,2023-10-22,Autumn,Cash,40140.42,4205.83,6868.27,10699.4,6672.23,3163.15,65423.0,3,65423.0,13084.6,21807.67
2554,574,251,88,2024-10-17,2024-11-21,2024-11-27,Autumn,Cash,32263.62,4316.7,3806.24,4760.93,1166.21,4123.0,42190.7,6,42190.7,8438.14,7031.78
2555,436,127,183,2024-01-27,2024-02-15,2024-02-21,Winter,Cash,9860.7,17140.71,8047.0,15219.79,3495.06,841.93,52921.33,6,52921.33,10584.27,8820.22
2556,674,292,55,2024-12-06,2024-12-11,2024-12-13,Winter,UPI,5139.64,3298.18,4419.36,834.65,5336.82,463.03,18565.62,2,18565.62,3713.12,9282.81
2557,161,484,114,2023-07-12,2023-07-22,2023-07-24,Monsoon,Net Banking,4676.84,2836.46,3842.68,6897.36,1016.48,249.53,19020.29,2,19020.29,3804.06,9510.14
2558,460,265,4,2024-03-24,2024-04-13,2024-04-15,Summer,UPI,2094.12,5726.91,7365.69,14756.72,3977.49,38.03,33882.9,2,33882.9,6776.58,16941.45
2559,470,227,13,2024-04-14,2024-05-06,2024-05-13,Summer,UPI,13377.42,18625.93,7733.42,11806.21,6924.29,1109.79,57357.48,7,57357.48,11471.5,8193.93
2560,687,18,101,2024-10-26,2024-12-01,2024-12-05,Winter,UPI,8876.8,11859.99,6772.91,14515.45,3196.77,987.53,44234.39,4,44234.39,8846.88,11058.6
2561,347,317,124,2023-07-07,2023-08-14,2023-08-17,Monsoon,Cash,13210.05,5755.0,1132.95,4534.39,2943.75,47.63,27528.51,3,27528.51,5505.7,9176.17
2562,85,409,156,2023-01-30,2023-03-14,2023-03-19,Summer,Net Banking,17501.25,3862.54,4117.93,5347.29,1611.5,1437.31,31003.2,5,31003.2,6200.64,6200.64
2563,567,231,128,2023-05-17,2023-07-16,2023-07-22,Monsoon,UPI,31956.0,5019.55,3276.65,8142.22,3198.17,535.13,51057.46,6,51057.46,10211.49,8509.58
2564,984,372,46,2024-08-15,2024-09-03,2024-09-08,Autumn,Credit Card,7697.3,10972.48,1818.16,15954.57,5237.49,653.91,41026.09,5,41026.09,8205.22,8205.22
2565,849,491,90,2023-06-01,2023-07-02,2023-07-08,Monsoon,UPI,14421.42,9151.21,3007.44,9777.78,1987.68,2019.16,36326.37,6,36326.37,7265.27,6054.4
2566,529,476,30,2024-01-20,2024-02-06,2024-02-12,Winter,Net Banking,12188.82,13660.2,7333.67,918.56,3793.63,878.96,37015.92,6,37015.92,7403.18,6169.32
2567,957,180,140,2024-07-06,2024-07-26,2024-08-02,Monsoon,UPI,24343.27,13102.82,8487.07,6369.03,6215.35,2332.59,56184.95,7,56184.95,11236.99,8026.42
2568,910,227,13,2023-06-07,2023-06-12,2023-06-16,Monsoon,Credit Card,7644.24,6146.03,7507.57,16061.41,4732.35,705.01,41386.59,4,41386.59,8277.32,10346.65
2569,515,281,43,2024-01-01,2024-01-26,2024-02-01,Winter,Net Banking,10238.7,8722.48,4740.9,10077.01,6292.5,1204.36,38867.23,6,38867.23,7773.45,6477.87
2570,645,77,117,2022-12-13,2023-01-05,2023-01-07,Winter,Credit Card,2784.22,3378.91,1342.59,592.67,2134.2,396.74,9835.85,2,9835.85,1967.17,4917.92
2571,782,156,136,2023-11-14,2023-12-13,2023-12-15,Winter,Cash,11791.84,10848.06,9764.96,24499.14,3243.71,607.18,59540.53,2,59540.53,11908.11,29770.26
2572,376,323,59,2024-05-15,2024-06-03,2024-06-10,Monsoon,UPI,59536.26,7349.56,4203.94,13271.3,3494.06,375.9,87479.22,7,87479.22,17495.84,12497.03
2573,893,425,89,2024-02-16,2024-04-02,2024-04-08,Summer,Cash,6526.38,8480.02,7009.55,462.08,7118.98,558.67,29038.34,6,29038.34,5807.67,4839.72
2574,699,20,71,2024-09-28,2024-11-10,2024-11-14,Autumn,Cash,8515.48,12427.12,9894.16,12538.23,10569.75,1144.01,52800.73,4,52800.73,10560.15,13200.18
2575,845,260,196,2023-10-11,2023-11-26,2023-12-01,Autumn,Debit Card,29409.85,6718.17,2613.8,4872.39,3547.9,1342.86,45819.25,5,45819.25,9163.85,9163.85
2576,334,395,116,2023-06-09,2023-06-16,2023-06-22,Monsoon,Debit Card,20810.7,9218.54,2265.27,13737.19,2769.76,2006.64,46794.82,6,46794.82,9358.96,7799.14
2577,189,134,75,2024-03-25,2024-05-13,2024-05-16,Summer,Cash,3637.17,1658.48,1162.51,348.66,1749.38,322.82,8233.38,3,8233.38,1646.68,2744.46
2578,971,364,108,2024-04-24,2024-06-23,2024-06-30,Monsoon,Cash,15701.91,12611.69,3174.93,7366.43,2235.35,390.31,40700.0,7,40700.0,8140.0,5814.29
2579,324,54,60,2024-02-12,2024-04-04,2024-04-09,Summer,Credit Card,63450.3,24244.98,10828.25,16121.42,2726.3,7848.5,109522.75,5,109522.75,21904.55,21904.55
2580,976,303,188,2023-06-12,2023-07-13,2023-07-19,Monsoon,Cash,60067.38,3923.83,4573.27,2298.23,2693.47,2649.49,70906.69,6,70906.69,14181.34,11817.78
2581,618,56,48,2023-07-04,2023-07-12,2023-07-14,Monsoon,Net Banking,1891.36,1757.15,2044.44,4088.54,3983.65,104.88,13660.26,2,13660.26,2732.05,6830.13
2582,238,58,79,2024-03-08,2024-04-08,2024-04-10,Summer,Debit Card,4817.86,4648.25,6748.03,9048.57,2205.51,626.51,26841.71,2,26841.71,5368.34,13420.86
2583,806,388,112,2024-09-22,2024-11-16,2024-11-23,Autumn,Cash,30371.53,24100.36,5315.63,6549.48,4398.85,2874.07,67861.78,7,67861.78,13572.36,9694.54
2584,664,259,154,2024-07-01,2024-08-04,2024-08-07,Monsoon,Debit Card,6895.08,3425.37,4225.33,8928.65,6776.87,38.08,30213.22,3,30213.22,6042.64,10071.07
2585,285,89,144,2023-03-12,2023-05-09,2023-05-13,Summer,Net Banking,7855.92,5050.76,5339.14,737.84,2854.36,902.72,20935.3,4,20935.3,4187.06,5233.82
2586,379,95,162,2024-04-25,2024-06-12,2024-06-19,Monsoon,Cash,35975.8,11268.49,1573.74,9029.26,1949.31,3216.61,56579.99,7,56579.99,11316.0,8082.86
2587,746,189,195,2023-04-08,2023-04-27,2023-05-04,Summer,Net Banking,12295.92,9355.9,2017.16,5059.81,3399.72,249.06,31879.45,7,31879.45,6375.89,4554.21
2588,618,97,69,2023-09-25,2023-10-15,2023-10-21,Autumn,Net Banking,6183.0,11378.17,3943.77,3124.58,1107.67,440.75,25296.44,6,25296.44,5059.29,4216.07
2589,427,2,189,2024-07-25,2024-09-10,2024-09-17,Autumn,Credit Card,32883.2,6765.43,2046.12,7629.0,1445.91,3929.99,46839.67,7,46839.67,9367.93,6691.38
2590,446,356,176,2023-12-15,2024-01-07,2024-01-10,Winter,UPI,15649.05,5561.1,4574.79,10025.76,1803.28,2217.45,35396.53,3,35396.53,7079.31,11798.84
2591,738,79,190,2023-09-27,2023-10-18,2023-10-20,Autumn,UPI,5281.08,4068.07,8739.73,11512.79,3461.01,736.5,32326.18,2,32326.18,6465.24,16163.09
2592,892,496,120,2023-07-24,2023-08-28,2023-09-01,Monsoon,Credit Card,63997.12,7572.14,8298.83,9059.72,1289.08,8685.09,81531.8,4,81531.8,16306.36,20382.95
2593,663,449,17,2023-06-18,2023-06-23,2023-06-28,Monsoon,Debit Card,19798.85,21711.95,5778.68,6773.3,5666.35,2055.91,57673.22,5,57673.22,11534.64,11534.64
2594,189,337,71,2024-07-06,2024-07-17,2024-07-24,Monsoon,Debit Card,10424.89,5090.18,2879.45,4513.02,1353.45,1373.59,22887.4,7,22887.4,4577.48,3269.63
2595,129,230,108,2024-05-23,2024-06-15,2024-06-20,Monsoon,Cash,60938.3,18065.06,10895.17,18313.11,3357.63,5800.34,105768.93,5,105768.93,21153.79,21153.79
2596,300,391,33,2024-04-01,2024-05-21,2024-05-26,Summer,UPI,25771.25,12378.19,2887.55,10353.2,2591.46,2360.29,51621.36,5,51621.36,10324.27,10324.27
2597,807,38,128,2024-03-28,2024-05-12,2024-05-17,Summer,Debit Card,6187.3,19822.85,8634.03,15005.31,3823.0,468.35,53004.14,5,53004.14,10600.83,10600.83
2598,727,418,155,2023-08-27,2023-09-22,2023-09-25,Autumn,Net Banking,16623.84,4421.11,4590.26,6461.67,1232.33,465.61,32863.6,3,32863.6,6572.72,10954.53
2599,196,39,190,2023-05-17,2023-05-28,2023-06-02,Summer,Net Banking,13385.3,6976.55,2366.17,3024.07,3702.99,1113.48,28341.6,5,28341.6,5668.32,5668.32
2600,547,114,71,2023-04-26,2023-05-21,2023-05-28,Summer,Credit Card,12751.9,31957.03,5117.76,14501.33,8610.94,21.67,72917.29,7,72917.29,14583.46,10416.76
2601,256,217,37,2023-04-16,2023-04-28,2023-05-04,Summer,Debit Card,30694.56,15013.2,8692.39,14752.06,5302.21,4021.09,70433.33,6,70433.33,14086.67,11738.89
2602,978,100,104,2023-12-17,2024-02-09,2024-02-16,Winter,Debit Card,11010.86,18830.72,6353.42,1884.94,4392.81,429.57,42043.18,7,42043.18,8408.64,6006.17
2603,89,441,80,2023-05-14,2023-07-01,2023-07-06,Monsoon,Net Banking,7655.55,4666.21,4825.72,3300.3,5409.06,405.61,25451.23,5,25451.23,5090.25,5090.25
2604,297,204,56,2022-11-29,2023-01-14,2023-01-17,Winter,Debit Card,15891.72,5798.45,9615.26,11043.89,5235.87,344.71,47240.48,3,47240.48,9448.1,15746.83
2605,946,492,19,2023-04-26,2023-05-28,2023-06-04,Summer,Credit Card,26422.13,13399.03,4105.4,3373.51,3844.14,496.89,50647.32,7,50647.32,10129.46,7235.33
2606,62,272,11,2023-03-12,2023-05-11,2023-05-16,Summer,Cash,12601.35,9175.06,2985.68,6516.11,1881.39,1340.34,31819.25,5,31819.25,6363.85,6363.85
2607,906,269,176,2023-12-25,2024-01-21,2024-01-24,Winter,Net Banking,6155.58,3889.39,2673.6,3741.69,3932.17,197.99,20194.44,3,20194.44,4038.89,6731.48
2608,566,48,44,2023-06-11,2023-07-04,2023-07-06,Monsoon,Net Banking,37926.84,3861.45,2884.18,1959.65,2339.09,5539.19,43432.02,2,43432.02,8686.4,21716.01
2609,85,473,50,2023-05-13,2023-05-19,2023-05-22,Summer,Cash,55898.49,1545.05,4574.64,1550.54,3696.94,2861.63,64404.03,3,64404.03,12880.81,21468.01
2610,810,379,35,2023-05-19,2023-07-13,2023-07-15,Monsoon,Net Banking,8941.84,1021.82,1709.09,6519.72,1495.91,382.82,19305.56,2,19305.56,3861.11,9652.78
2611,846,168,85,2024-09-12,2024-10-20,2024-10-27,Autumn,Cash,17290.35,22234.9,6235.52,1136.0,1959.9,592.4,48264.27,7,48264.27,9652.85,6894.9
2612,121,456,140,2023-02-21,2023-04-05,2023-04-08,Summer,Debit Card,46995.18,2108.33,2814.06,6790.02,3874.25,2311.98,60269.86,3,60269.86,12053.97,20089.95
2613,39,58,79,2023-03-31,2023-05-18,2023-05-22,Summer,Net Banking,9635.72,23850.49,8896.72,8450.08,2875.0,776.16,52931.85,4,52931.85,10586.37,13232.96
2614,807,160,127,2024-04-06,2024-05-15,2024-05-17,Summer,Credit Card,1729.08,4853.31,7033.39,16603.34,2215.9,254.78,32180.24,2,32180.24,6436.05,16090.12
2615,772,220,123,2024-03-23,2024-05-20,2024-05-26,Summer,Debit Card,16785.96,7302.37,2401.55,9780.7,2773.49,1632.41,37411.66,6,37411.66,7482.33,6235.28
2616,287,426,160,2023-11-12,2023-12-18,2023-12-22,Winter,Credit Card,45578.6,4163.33,7933.47,14953.54,7785.14,4218.8,76195.28,4,76195.28,15239.06,19048.82
2617,56,375,194,2024-03-12,2024-03-26,2024-03-28,Summer,Credit Card,10383.72,3380.8,4063.54,9913.77,2973.15,3.68,30711.3,2,30711.3,6142.26,15355.65
2618,198,108,133,2024-02-20,2024-03-22,2024-03-28,Summer,Net Banking,11895.12,10763.56,2924.25,1667.92,3839.94,161.72,30929.07,6,30929.07,6185.81,5154.84
2619,633,347,53,2023-02-23,2023-03-11,2023-03-13,Summer,Net Banking,10690.68,1499.14,1696.6,9717.55,690.95,909.32,23385.6,2,23385.6,4677.12,11692.8
2620,80,199,151,2023-06-26,2023-07-25,2023-07-30,Monsoon,Debit Card,11120.05,4233.27,2516.56,2928.35,3664.49,1590.34,22872.38,5,22872.38,4574.48,4574.48
2621,195,54,60,2023-11-15,2024-01-03,2024-01-08,Winter,Credit Card,63450.3,14030.98,6656.66,6328.71,7448.68,2379.85,95535.48,5,95535.48,19107.1,19107.1
2622,343,391,33,2023-12-23,2024-02-01,2024-02-03,Winter,Cash,10308.5,13276.66,3767.25,30294.18,11339.27,514.47,68471.39,2,68471.39,13694.28,34235.7
2623,790,226,94,2023-11-24,2023-12-21,2023-12-24,Winter,Net Banking,4313.49,5989.85,2459.21,3690.8,2151.45,279.64,18325.16,3,18325.16,3665.03,6108.39
2624,371,94,23,2023-06-15,2023-06-21,2023-06-24,Monsoon,Debit Card,8518.53,18461.83,17606.05,28201.78,6542.29,1270.43,78060.05,3,78060.05,15612.01,26020.02
2625,56,204,56,2024-04-16,2024-05-01,2024-05-05,Summer,Cash,21188.96,3005.66,1773.08,8836.21,2041.05,913.93,35931.03,4,35931.03,7186.21,8982.76
2626,681,155,47,2024-07-06,2024-07-16,2024-07-21,Monsoon,UPI,42490.8,3937.32,1514.02,4959.9,2887.94,5927.26,49862.72,5,49862.72,9972.54,9972.54
2627,868,428,88,2024-05-07,2024-06-06,2024-06-08,Monsoon,UPI,3130.2,5161.54,9551.02,10452.78,5921.98,396.26,33821.26,2,33821.26,6764.25,16910.63
2628,537,305,46,2023-09-17,2023-11-13,2023-11-20,Autumn,Cash,14357.42,12549.6,1394.53,9708.05,1610.37,2061.22,37558.75,7,37558.75,7511.75,5365.54
2629,96,35,26,2024-04-19,2024-05-04,2024-05-08,Summer,Cash,50465.16,3870.52,2457.04,3053.54,1957.64,1641.38,60162.52,4,60162.52,12032.5,15040.63
2630,938,345,20,2024-09-12,2024-11-03,2024-11-08,Autumn,UPI,6667.9,3193.06,4565.42,5.46,1934.53,597.22,15769.15,5,15769.15,3153.83,3153.83
2631,318,464,72,2023-10-22,2023-11-18,2023-11-23,Autumn,Credit Card,4415.8,14185.52,3707.13,4400.86,14153.98,60.12,40803.17,5,40803.17,8160.63,8160.63
2632,505,207,77,2023-10-09,2023-10-15,2023-10-20,Autumn,Credit Card,27993.75,4047.22,4507.35,1133.55,2852.36,1897.7,38636.53,5,38636.53,7727.31,7727.31
2633,546,114,71,2023-08-31,2023-09-15,2023-09-17,Autumn,Debit Card,3643.4,3894.43,2880.51,3806.81,3842.56,230.57,17837.14,2,17837.14,3567.43,8918.57
2634,13,16,187,2022-11-29,2023-01-22,2023-01-29,Winter,UPI,17415.02,13106.16,3039.04,7976.22,1400.76,2336.25,40600.95,7,40600.95,8120.19,5800.14
2635,449,284,14,2023-10-05,2023-10-28,2023-10-30,Autumn,Credit Card,4563.54,2263.44,2120.64,2712.35,2909.75,207.38,14362.34,2,14362.34,2872.47,7181.17
2636,677,363,21,2023-12-15,2023-12-27,2023-12-31,Winter,Net Banking,18107.4,7024.72,3899.82,7123.6,3649.94,746.25,39059.23,4,39059.23,7811.85,9764.81
2637,771,271,76,2023-02-19,2023-02-27,2023-03-06,Winter,Net Banking,19235.37,12892.84,4529.23,1262.96,756.5,228.61,38448.29,7,38448.29,7689.66,5492.61
2638,943,262,162,2023-03-01,2023-04-08,2023-04-14,Summer,UPI,29145.24,3880.17,3806.77,6133.82,1333.23,4019.2,40280.03,6,40280.03,8056.01,6713.34
2639,433,201,166,2023-03-06,2023-04-28,2023-05-03,Summer,UPI,23031.75,5685.16,2299.01,7612.5,1317.67,3270.15,36675.94,5,36675.94,7335.19,7335.19
2640,771,444,191,2024-02-29,2024-04-01,2024-04-03,Summer,UPI,13039.14,2936.72,2151.97,961.28,3585.78,930.61,21744.28,2,21744.28,4348.86,10872.14
2641,951,335,113,2023-01-04,2023-02-21,2023-02-25,Winter,Net Banking,51448.44,12913.96,8318.04,12654.73,6298.4,91.69,91541.88,4,91541.88,18308.38,22885.47
2642,509,279,99,2023-07-17,2023-08-21,2023-08-27,Monsoon,Net Banking,12592.92,8189.42,3738.0,3212.3,3116.92,101.08,30748.48,6,30748.48,6149.7,5124.75
2643,571,410,116,2023-06-09,2023-07-01,2023-07-03,Monsoon,UPI,9810.5,10447.18,17523.5,22994.13,7954.52,1232.91,67496.92,2,67496.92,13499.38,33748.46
2644,247,122,138,2023-04-27,2023-06-12,2023-06-19,Monsoon,Cash,22684.76,8422.37,2728.08,6029.82,620.5,2262.31,38223.22,7,38223.22,7644.64,5460.46
2645,515,396,188,2024-03-07,2024-03-27,2024-03-29,Summer,Net Banking,10854.64,6782.11,4558.16,5082.26,1028.68,917.5,27388.35,2,27388.35,5477.67,13694.18
2646,486,10,115,2022-12-23,2023-01-17,2023-01-23,Winter,Net Banking,14155.92,28847.09,13630.05,9671.96,2024.9,1316.83,67013.09,6,67013.09,13402.62,11168.85
2647,174,290,96,2023-11-20,2024-01-02,2024-01-06,Winter,Net Banking,9148.4,13554.37,2902.76,1213.58,2581.48,1001.64,28398.95,4,28398.95,5679.79,7099.74
2648,400,204,56,2024-05-16,2024-07-07,2024-07-13,Monsoon,Cash,31783.44,8715.95,1687.64,769.65,3789.68,452.2,46294.16,6,46294.16,9258.83,7715.69
2649,612,178,170,2023-10-08,2023-11-26,2023-12-03,Autumn,Net Banking,6754.16,9654.78,5313.37,11629.45,6522.49,26.27,39847.98,7,39847.98,7969.6,5692.57
2650,546,377,97,2023-06-06,2023-07-13,2023-07-16,Monsoon,Credit Card,13503.87,4929.62,1600.37,6677.42,912.12,1897.06,25726.34,3,25726.34,5145.27,8575.45
2651,341,309,94,2023-01-27,2023-03-25,2023-03-28,Summer,Debit Card,5034.99,2586.38,1325.24,3293.24,2201.16,103.47,14337.54,3,14337.54,2867.51,4779.18
2652,3,423,51,2023-05-19,2023-07-17,2023-07-21,Monsoon,Net Banking,4874.48,4931.49,3059.01,8288.89,1631.6,705.53,22079.94,4,22079.94,4415.99,5519.98
2653,95,98,71,2023-03-31,2023-05-16,2023-05-23,Summer,Net Banking,52477.39,5480.6,1806.2,6505.58,1313.83,3857.68,63725.92,7,63725.92,12745.18,9103.7
2654,261,93,27,2023-09-28,2023-10-22,2023-10-29,Autumn,Debit Card,9142.77,7249.17,4021.05,693.72,5157.43,1229.31,25034.83,7,25034.83,5006.97,3576.4
2655,268,58,79,2024-03-20,2024-05-03,2024-05-10,Summer,Cash,16862.51,23467.06,8530.26,35191.24,10147.64,2520.21,91678.5,7,91678.5,18335.7,13096.93
2656,140,340,130,2024-10-09,2024-12-08,2024-12-15,Winter,Credit Card,91015.96,12566.91,3298.71,3588.94,3469.35,9336.52,104603.35,7,104603.35,20920.67,14943.34
2657,504,254,127,2023-07-21,2023-08-13,2023-08-20,Monsoon,Debit Card,68728.45,8629.92,2841.33,3482.36,1021.37,5366.71,79336.72,7,79336.72,15867.34,11333.82
2658,642,51,5,2023-07-25,2023-09-05,2023-09-08,Autumn,Credit Card,6236.49,5154.18,2829.35,13194.1,5456.5,223.93,32646.69,3,32646.69,6529.34,10882.23
2659,213,26,174,2024-01-25,2024-02-11,2024-02-15,Winter,Credit Card,23556.64,5523.7,3672.96,17538.23,2657.19,1856.04,51092.68,4,51092.68,10218.54,12773.17
2660,795,417,90,2023-03-19,2023-04-06,2023-04-09,Summer,Debit Card,42907.38,2316.12,4424.41,9063.49,2452.01,5054.61,56108.8,3,56108.8,11221.76,18702.93
2661,537,386,80,2024-05-09,2024-07-02,2024-07-09,Monsoon,Cash,87130.75,6696.27,3339.07,8337.64,1369.93,156.02,106717.64,7,106717.64,21343.53,15245.38
2662,540,500,84,2024-04-29,2024-05-17,2024-05-22,Summer,Cash,8528.35,3770.92,1900.76,9874.38,1984.88,1210.59,24848.7,5,24848.7,4969.74,4969.74
2663,568,96,90,2023-02-12,2023-02-17,2023-02-23,Winter,Cash,6517.44,4882.26,1270.43,1067.09,1311.6,904.69,14144.13,6,14144.13,2828.83,2357.36
2664,863,279,99,2023-04-13,2023-04-18,2023-04-21,Summer,Net Banking,6296.46,8741.54,9876.85,8753.42,6183.01,218.47,39632.81,3,39632.81,7926.56,13210.94
2665,127,50,12,2023-05-07,2023-05-15,2023-05-22,Summer,UPI,97951.84,17164.91,4648.96,5511.58,3207.35,4533.99,123950.65,7,123950.65,24790.13,17707.24
2666,451,439,59,2023-05-07,2023-06-01,2023-06-04,Monsoon,UPI,11117.58,10614.93,17183.89,18676.24,12561.11,1529.59,68624.16,3,68624.16,13724.83,22874.72
2667,566,371,120,2023-01-19,2023-02-25,2023-02-27,Winter,Cash,3465.06,3433.38,3258.6,7460.32,2311.16,167.37,19761.15,2,19761.15,3952.23,9880.58
2668,826,477,50,2024-03-12,2024-04-16,2024-04-22,Summer,Cash,33987.9,17773.02,8723.01,9278.01,5538.82,1117.43,74183.33,6,74183.33,14836.67,12363.89
2669,72,191,71,2024-05-10,2024-06-04,2024-06-07,Monsoon,Debit Card,14169.75,4845.77,2784.99,161.37,1938.38,1447.57,22452.69,3,22452.69,4490.54,7484.23
2670,506,32,78,2024-05-15,2024-07-07,2024-07-10,Monsoon,Credit Card,7179.51,3508.94,7479.12,1243.58,3613.72,100.48,22924.39,3,22924.39,4584.88,7641.46
2671,107,494,162,2024-08-05,2024-08-24,2024-08-26,Monsoon,Cash,22326.3,1734.71,1822.25,1140.89,1166.1,2294.63,25895.62,2,25895.62,5179.12,12947.81
2672,236,250,24,2023-06-10,2023-06-15,2023-06-18,Monsoon,Net Banking,6939.57,4075.06,3608.52,274.82,841.33,560.49,15178.81,3,15178.81,3035.76,5059.6
2673,141,451,191,2022-12-13,2023-01-10,2023-01-16,Winter,Debit Card,11342.22,6130.36,2835.94,1737.01,2049.82,459.87,23635.48,6,23635.48,4727.1,3939.25
2674,998,355,193,2024-04-04,2024-05-14,2024-05-18,Summer,Net Banking,12474.08,3463.01,2440.74,7893.4,1624.44,1436.59,26459.08,4,26459.08,5291.82,6614.77
2675,968,169,182,2023-10-22,2023-12-11,2023-12-14,Winter,Net Banking,4677.81,5131.81,4760.2,6242.72,918.76,17.0,21714.3,3,21714.3,4342.86,7238.1
2676,462,82,148,2023-11-23,2023-12-20,2023-12-25,Winter,Cash,55891.6,17190.56,9757.56,453.88,2639.08,5829.41,80103.27,5,80103.27,16020.65,16020.65
2677,719,165,158,2022-12-07,2023-01-19,2023-01-24,Winter,Cash,10922.85,16105.94,8550.27,13454.26,2649.38,713.43,50969.27,5,50969.27,10193.85,10193.85
2678,975,361,89,2023-05-07,2023-06-27,2023-07-02,Monsoon,UPI,113726.35,9416.36,3483.6,19394.66,2822.1,15805.92,133037.15,5,133037.15,26607.43,26607.43
2679,652,186,112,2024-09-06,2024-10-23,2024-10-27,Autumn,Net Banking,21345.72,8830.93,8905.97,173.16,5858.5,155.3,44958.98,4,44958.98,8991.8,11239.74
2680,747,202,3,2024-05-29,2024-07-20,2024-07-26,Monsoon,Debit Card,26427.42,3318.92,4923.87,715.54,3594.92,3425.37,35555.3,6,35555.3,7111.06,5925.88
2681,81,156,136,2024-11-09,2024-12-24,2024-12-30,Winter,Credit Card,35375.52,11679.1,5247.04,10276.4,6210.29,4157.13,64631.22,6,64631.22,12926.24,10771.87
2682,279,489,83,2024-05-27,2024-06-17,2024-06-19,Monsoon,Credit Card,8258.2,1040.65,4557.84,374.1,1525.11,510.78,15245.12,2,15245.12,3049.02,7622.56
2683,870,184,183,2024-04-05,2024-05-13,2024-05-16,Summer,UPI,64822.98,8627.55,5655.52,7932.96,1973.5,3950.52,85061.99,3,85061.99,17012.4,28354.0
2684,289,459,97,2023-06-05,2023-06-28,2023-07-03,Monsoon,Net Banking,11754.15,3509.13,2773.93,605.19,3881.66,935.06,21589.0,5,21589.0,4317.8,4317.8
2685,714,241,174,2023-06-27,2023-08-03,2023-08-05,Monsoon,Debit Card,10233.32,10809.95,5137.45,29319.4,6246.59,1045.74,60700.97,2,60700.97,12140.19,30350.48
2686,382,31,19,2023-06-01,2023-07-12,2023-07-16,Monsoon,Cash,19588.88,2134.97,1961.06,3381.98,575.37,2550.53,25091.73,4,25091.73,5018.35,6272.93
2687,952,436,91,2023-12-31,2024-01-09,2024-01-16,Winter,Net Banking,41887.86,21359.02,5848.22,16079.06,6997.3,6098.68,86072.78,7,86072.78,17214.56,12296.11
2688,678,199,151,2023-10-14,2023-10-21,2023-10-28,Autumn,Debit Card,15568.07,11657.38,1625.24,2475.05,2543.78,938.76,32930.76,7,32930.76,6586.15,4704.39
2689,60,84,91,2024-04-03,2024-05-04,2024-05-10,Summer,UPI,78824.28,20314.21,3802.06,10686.86,2682.0,8998.74,107310.67,6,107310.67,21462.13,17885.11
2690,660,259,154,2023-06-22,2023-08-09,2023-08-13,Monsoon,Credit Card,9193.44,27535.84,11408.29,6667.93,13073.62,92.82,67786.3,4,67786.3,13557.26,16946.58
2691,91,439,59,2023-07-26,2023-08-28,2023-09-04,Monsoon,Debit Card,25941.02,22876.17,14340.67,24505.06,11469.54,3632.54,95499.92,7,95499.92,19099.98,13642.85
2692,610,419,39,2024-06-04,2024-07-24,2024-07-28,Monsoon,Cash,10451.16,2553.9,4436.78,9154.49,1547.68,831.29,27312.72,4,27312.72,5462.54,6828.18
2693,943,295,125,2023-10-21,2023-12-01,2023-12-08,Winter,UPI,13588.4,7537.13,4402.94,8639.34,1392.74,825.86,34734.69,7,34734.69,6946.94,4962.1
2694,904,497,67,2023-06-30,2023-08-21,2023-08-25,Monsoon,Cash,47984.6,6448.7,4202.2,4943.31,564.0,6892.28,57250.53,4,57250.53,11450.11,14312.63
2695,770,125,133,2024-04-19,2024-06-14,2024-06-18,Monsoon,Cash,4335.36,9640.26,3646.22,10622.62,3251.4,178.3,31317.56,4,31317.56,6263.51,7829.39
2696,152,180,140,2023-01-20,2023-02-28,2023-03-05,Winter,Credit Card,17388.05,20433.27,15792.2,20579.39,5663.3,1135.14,78721.07,5,78721.07,15744.21,15744.21
2697,469,222,89,2024-06-17,2024-06-25,2024-07-02,Monsoon,Cash,28093.45,15685.02,5335.08,6830.16,6396.24,1603.64,60736.31,7,60736.31,12147.26,8676.62
2698,260,65,153,2023-04-01,2023-05-04,2023-05-09,Summer,Cash,120518.7,11198.93,8484.12,278.92,5899.36,7601.0,138779.03,5,138779.03,27755.81,27755.81
2699,878,230,108,2023-03-17,2023-05-01,2023-05-05,Summer,Net Banking,48750.64,12803.91,3700.46,17820.9,5138.5,4906.08,83308.33,4,83308.33,16661.67,20827.08
2700,426,249,115,2024-01-06,2024-01-28,2024-02-02,Winter,Net Banking,12052.85,9744.79,4666.81,9943.58,1450.92,642.61,37216.34,5,37216.34,7443.27,7443.27
2701,462,434,137,2023-08-08,2023-09-05,2023-09-12,Autumn,Credit Card,171048.15,21641.45,4879.8,19254.22,2792.33,7239.81,212376.14,7,212376.14,42475.23,30339.45
2702,656,426,160,2024-08-20,2024-10-15,2024-10-19,Autumn,Debit Card,45578.6,7598.18,8952.2,3896.45,2527.52,6197.23,62355.72,4,62355.72,12471.14,15588.93
2703,957,383,15,2024-04-21,2024-06-11,2024-06-15,Monsoon,Net Banking,16691.08,8684.52,8667.57,15056.72,3870.0,605.95,52363.94,4,52363.94,10472.79,13090.98
2704,347,354,69,2023-02-10,2023-04-01,2023-04-05,Summer,Credit Card,13854.8,7998.12,4593.99,9520.14,3231.21,1425.3,37772.96,4,37772.96,7554.59,9443.24
2705,165,241,174,2024-10-28,2024-12-05,2024-12-12,Winter,Debit Card,35816.62,8485.43,3287.14,6722.51,3582.57,2675.39,55218.88,7,55218.88,11043.78,7888.41
2706,970,368,141,2024-05-28,2024-07-27,2024-07-30,Monsoon,Net Banking,50723.13,10352.16,2182.81,8194.97,3965.68,4642.14,70776.61,3,70776.61,14155.32,23592.2
2707,32,404,25,2024-05-27,2024-07-14,2024-07-18,Monsoon,UPI,58202.52,9442.34,6418.26,13864.93,6963.22,7019.02,87872.25,4,87872.25,17574.45,21968.06
2708,293,101,188,2023-09-28,2023-11-02,2023-11-08,Autumn,Net Banking,13471.08,18391.88,4912.94,4030.82,4023.1,1577.99,43251.83,6,43251.83,8650.37,7208.64
2709,698,270,58,2024-02-05,2024-02-16,2024-02-21,Winter,UPI,62755.4,6731.88,1258.52,1116.96,1175.66,6404.38,66634.04,5,66634.04,13326.81,13326.81
2710,596,171,106,2024-01-10,2024-01-26,2024-01-30,Winter,Cash,16736.4,5500.06,2059.74,6987.55,1365.93,1072.2,31577.48,4,31577.48,6315.5,7894.37
2711,488,272,11,2023-01-30,2023-02-07,2023-02-12,Winter,Credit Card,12601.35,2658.51,1253.25,2157.59,3474.89,581.94,21563.65,5,21563.65,4312.73,4312.73
2712,755,297,146,2022-12-21,2023-01-25,2023-01-29,Winter,Debit Card,10698.24,3067.1,4948.9,5742.18,3006.38,1216.22,26246.58,4,26246.58,5249.32,6561.64
2713,286,320,176,2022-12-16,2023-02-03,2023-02-08,Winter,Cash,11925.95,13122.56,8334.91,11037.11,1643.3,1241.97,44821.86,5,44821.86,8964.37,8964.37
2714,587,434,137,2024-04-12,2024-05-02,2024-05-04,Summer,Credit Card,48870.9,2627.2,3213.19,9934.97,3669.88,1929.19,66386.95,2,66386.95,13277.39,33193.48
2715,937,183,134,2023-06-18,2023-08-03,2023-08-06,Monsoon,Credit Card,12872.58,5143.74,4305.6,5628.82,3670.76,1894.92,29726.58,3,29726.58,5945.32,9908.86
2716,377,309,94,2024-11-20,2024-12-22,2024-12-29,Winter,Cash,11748.31,22193.94,6722.54,34108.05,5455.02,332.86,79895.0,7,79895.0,15979.0,11413.57
2717,692,107,110,2024-10-11,2024-11-28,2024-12-05,Autumn,UPI,5612.95,12809.46,3119.6,2999.1,1348.18,605.78,25283.51,7,25283.51,5056.7,3611.93
2718,248,157,137,2024-05-11,2024-07-02,2024-07-05,Monsoon,Credit Card,37921.5,10346.65,7848.24,17484.0,4324.29,777.25,77147.43,3,77147.43,15429.49,25715.81
2719,812,41,196,2023-12-18,2023-12-27,2024-01-01,Winter,Debit Card,45777.3,5183.12,4795.16,3300.07,1192.54,2915.0,57333.19,5,57333.19,11466.64,11466.64
2720,633,311,36,2024-02-28,2024-04-22,2024-04-29,Summer,Cash,28407.19,6083.85,2863.41,3945.75,2454.23,1965.92,41788.51,7,41788.51,8357.7,5969.79
2721,725,250,24,2023-06-17,2023-07-24,2023-07-31,Monsoon,Cash,16192.33,9478.65,2073.6,5945.13,3304.68,2076.74,34917.65,7,34917.65,6983.53,4988.24
2722,991,224,88,2024-04-25,2024-05-16,2024-05-21,Summer,Cash,10376.0,5376.62,3466.31,520.09,563.04,590.5,19711.56,5,19711.56,3942.31,3942.31
2723,893,439,59,2024-06-14,2024-07-28,2024-08-02,Monsoon,UPI,18529.3,7739.62,7994.78,2006.64,3217.2,612.58,38874.96,5,38874.96,7774.99,7774.99
2724,682,264,144,2023-01-04,2023-01-10,2023-01-14,Winter,Credit Card,18787.88,6226.19,1031.81,8056.73,2483.73,379.47,36206.87,4,36206.87,7241.37,9051.72
2725,795,412,198,2023-05-07,2023-05-15,2023-05-18,Summer,Net Banking,42573.36,3139.86,3116.44,996.9,2671.13,1417.8,51079.89,3,51079.89,10215.98,17026.63
2726,367,163,96,2022-12-25,2023-01-12,2023-01-14,Winter,Credit Card,3592.46,2182.1,2910.42,6465.99,3115.0,213.21,18052.76,2,18052.76,3610.55,9026.38
2727,864,116,76,2023-12-08,2023-12-27,2024-01-01,Winter,Credit Card,8206.55,27748.96,14024.15,25769.79,14237.47,853.14,89133.78,5,89133.78,17826.76,17826.76
2728,282,291,153,2024-04-11,2024-05-12,2024-05-14,Summer,Net Banking,6437.52,7993.56,2054.49,18874.4,5939.5,676.13,40623.34,2,40623.34,8124.67,20311.67
2729,871,500,84,2024-05-18,2024-06-07,2024-06-13,Monsoon,Net Banking,10234.02,10301.56,3635.86,834.27,3599.75,8.74,28596.72,6,28596.72,5719.34,4766.12
2730,677,452,116,2023-10-30,2023-11-14,2023-11-16,Autumn,Cash,8149.62,5129.53,2938.06,15571.39,6880.57,827.92,37841.25,2,37841.25,7568.25,18920.62
2731,268,8,117,2024-11-15,2024-12-03,2024-12-09,Winter,Net Banking,9041.64,21642.32,15789.25,21368.21,13474.39,71.88,81243.93,6,81243.93,16248.79,13540.66
2732,938,333,112,2023-04-19,2023-05-09,2023-05-13,Summer,Cash,57216.8,6331.2,4338.16,8286.71,792.11,7123.92,69841.06,4,69841.06,13968.21,17460.26
2733,729,437,161,2022-12-15,2023-01-10,2023-01-12,Winter,Credit Card,11553.1,3682.56,3985.44,9227.24,2977.06,991.56,30433.84,2,30433.84,6086.77,15216.92
2734,336,313,124,2024-10-05,2024-12-02,2024-12-05,Winter,Net Banking,5413.02,3328.06,4121.84,7988.38,2959.74,222.5,23588.54,3,23588.54,4717.71,7862.85
2735,950,388,112,2024-05-19,2024-06-20,2024-06-25,Monsoon,Credit Card,21693.95,8855.1,2026.67,5024.25,3618.33,1223.62,39994.68,5,39994.68,7998.94,7998.94
2736,325,242,124,2024-04-20,2024-05-06,2024-05-10,Summer,Net Banking,37627.52,7189.49,4028.49,3867.9,3568.55,3741.63,52540.32,4,52540.32,10508.06,13135.08
2737,709,257,2,2023-03-05,2023-04-25,2023-04-30,Summer,UPI,11950.1,32023.81,16269.26,26594.28,3807.94,1393.1,89252.29,5,89252.29,17850.46,17850.46
2738,112,407,130,2023-02-05,2023-02-13,2023-02-17,Winter,Cash,23974.92,4252.74,2605.11,9984.32,6499.72,1187.91,46128.9,4,46128.9,9225.78,11532.22
2739,933,251,88,2022-12-08,2023-01-13,2023-01-20,Winter,Cash,37640.89,15009.74,9659.78,17751.71,2838.57,4144.95,78755.74,7,78755.74,15751.15,11250.82
2740,94,462,118,2024-05-11,2024-05-24,2024-05-30,Summer,UPI,31378.92,35610.41,14381.57,17772.67,9727.37,2494.79,106376.15,6,106376.15,21275.23,17729.36
2741,63,359,13,2023-04-07,2023-05-03,2023-05-05,Summer,Debit Card,4480.3,4166.58,5484.94,7470.92,5756.72,118.8,27240.66,2,27240.66,5448.13,13620.33
2742,523,130,46,2024-11-09,2024-12-02,2024-12-05,Winter,UPI,31585.95,6416.85,14048.92,23950.22,3266.61,710.06,78558.49,3,78558.49,15711.7,26186.16
2743,929,475,177,2023-12-14,2024-01-22,2024-01-24,Winter,Net Banking,6462.18,5328.26,2117.46,9627.75,6580.55,213.22,29902.98,2,29902.98,5980.6,14951.49
2744,369,296,50,2023-04-29,2023-06-20,2023-06-27,Monsoon,Net Banking,31257.59,15220.11,7897.59,13663.41,3190.22,569.66,70659.26,7,70659.26,14131.85,10094.18
2745,471,402,16,2022-12-08,2023-02-01,2023-02-06,Winter,Net Banking,26440.55,5208.54,7502.49,17414.2,3435.04,3813.54,56187.28,5,56187.28,11237.46,11237.46
2746,728,381,184,2023-10-29,2023-12-01,2023-12-06,Winter,Cash,11803.95,4378.16,3027.62,9739.19,1769.06,773.4,29944.58,5,29944.58,5988.92,5988.92
2747,543,321,137,2024-04-21,2024-06-16,2024-06-18,Monsoon,Net Banking,3239.62,2283.61,1524.91,923.4,3041.45,387.97,10625.02,2,10625.02,2125.0,5312.51
2748,182,284,14,2024-08-20,2024-10-19,2024-10-21,Autumn,UPI,4563.54,1615.9,4802.72,5918.7,1028.66,248.06,17681.46,2,17681.46,3536.29,8840.73
2749,464,488,134,2024-02-13,2024-03-20,2024-03-26,Summer,Debit Card,5029.32,9533.02,9629.89,9277.34,7810.9,592.31,40688.16,6,40688.16,8137.63,6781.36
2750,56,459,97,2023-04-19,2023-06-06,2023-06-08,Monsoon,UPI,4701.66,2779.03,4233.63,8081.33,2908.26,442.93,22260.98,2,22260.98,4452.2,11130.49
2751,792,201,166,2023-07-18,2023-08-03,2023-08-10,Monsoon,Debit Card,32244.45,7093.54,2620.02,1290.52,2362.41,2006.93,43604.01,7,43604.01,8720.8,6229.14
2752,761,8,117,2023-10-09,2023-11-05,2023-11-10,Autumn,Credit Card,7534.7,15193.72,7919.3,15749.9,1960.94,53.42,48305.14,5,48305.14,9661.03,9661.03
2753,670,204,56,2024-08-14,2024-09-02,2024-09-06,Autumn,UPI,21188.96,10285.79,8171.99,11209.47,2903.65,1244.08,52515.78,4,52515.78,10503.16,13128.94
2754,921,194,199,2024-10-23,2024-11-23,2024-11-26,Autumn,Cash,33149.37,3326.41,4220.79,3472.2,3508.78,4592.97,43084.58,3,43084.58,8616.92,14361.53
2755,765,99,101,2023-01-10,2023-03-05,2023-03-09,Summer,Debit Card,18045.0,7884.9,2502.87,4881.77,3741.45,2190.8,34865.19,4,34865.19,6973.04,8716.3
2756,634,76,107,2024-03-05,2024-03-12,2024-03-18,Summer,Credit Card,79879.08,6484.89,2072.93,6125.32,2457.02,11160.49,85858.75,6,85858.75,17171.75,14309.79
2757,840,105,34,2024-08-08,2024-10-04,2024-10-10,Autumn,Debit Card,82465.38,8723.99,2150.03,1172.63,695.74,629.54,94578.23,6,94578.23,18915.65,15763.04
2758,5,224,88,2024-02-23,2024-03-17,2024-03-20,Summer,Cash,6225.6,2541.47,1109.28,58.16,2007.08,210.25,11731.34,3,11731.34,2346.27,3910.45
2759,832,161,135,2024-07-13,2024-09-01,2024-09-07,Autumn,Cash,16835.16,16680.27,8652.46,8936.98,1140.35,696.77,51548.45,6,51548.45,10309.69,8591.41
2760,883,435,64,2024-07-30,2024-09-12,2024-09-14,Autumn,UPI,19798.66,1847.96,4534.31,9775.27,2724.08,2813.03,35867.25,2,35867.25,7173.45,17933.62
2761,766,284,14,2023-09-04,2023-10-09,2023-10-11,Autumn,Debit Card,4563.54,2465.72,3119.07,236.01,3470.67,291.24,13563.77,2,13563.77,2712.75,6781.88
2762,378,59,143,2023-10-29,2023-12-22,2023-12-24,Winter,UPI,1904.7,3763.4,4180.3,8971.06,913.94,178.05,19555.35,2,19555.35,3911.07,9777.67
2763,950,487,80,2024-06-17,2024-07-11,2024-07-16,Monsoon,Debit Card,68593.75,9271.77,3031.77,2.38,1489.62,4987.26,77402.03,5,77402.03,15480.41,15480.41
2764,25,196,182,2022-12-23,2023-01-17,2023-01-19,Winter,Net Banking,4589.74,1491.39,2258.94,1837.84,1796.58,96.41,11878.08,2,11878.08,2375.62,5939.04
2765,550,185,194,2023-12-21,2024-01-02,2024-01-05,Winter,UPI,15701.52,2206.5,2872.46,918.71,2032.0,1201.51,22529.68,3,22529.68,4505.94,7509.89
2766,689,390,24,2024-10-11,2024-12-01,2024-12-05,Winter,Credit Card,3606.48,3249.58,4461.81,7461.74,921.27,287.04,19413.84,4,19413.84,3882.77,4853.46
2767,274,45,159,2024-06-14,2024-06-24,2024-06-28,Monsoon,Credit Card,5017.8,5526.11,9742.19,18726.43,1022.69,194.41,39840.81,4,39840.81,7968.16,9960.2
2768,948,22,63,2024-11-07,2024-12-03,2024-12-08,Winter,Cash,5991.9,7027.8,4351.43,2162.69,3200.9,424.97,22309.75,5,22309.75,4461.95,4461.95
2769,717,320,176,2023-12-08,2024-01-18,2024-01-24,Winter,UPI,14311.14,7032.66,3043.71,8373.65,1210.73,1217.92,32753.97,6,32753.97,6550.79,5459.0
2770,155,346,192,2023-05-12,2023-05-20,2023-05-25,Summer,Credit Card,10265.45,5252.26,1794.78,8111.99,2036.28,228.99,27231.77,5,27231.77,5446.35,5446.35
2771,850,417,90,2023-10-29,2023-11-16,2023-11-22,Autumn,UPI,85814.76,17081.7,3095.23,6258.75,7919.25,894.86,119274.83,6,119274.83,23854.97,19879.14
2772,228,458,163,2024-05-11,2024-05-28,2024-06-02,Summer,UPI,24537.5,4056.72,2710.09,6779.89,1182.36,2421.07,36845.49,5,36845.49,7369.1,7369.1
2773,923,379,35,2024-11-11,2024-12-12,2024-12-18,Winter,Credit Card,26825.52,11364.19,7229.86,10505.87,7151.07,3686.42,59390.09,6,59390.09,11878.02,9898.35
2774,391,360,25,2023-04-15,2023-05-18,2023-05-24,Summer,Cash,20663.1,16420.88,9019.26,15621.11,2678.97,2088.38,62314.94,6,62314.94,12462.99,10385.82
2775,48,66,82,2024-01-09,2024-03-05,2024-03-08,Summer,Debit Card,17613.15,9284.79,6778.81,9452.77,5681.07,273.83,48536.76,3,48536.76,9707.35,16178.92
2776,584,198,130,2023-01-05,2023-01-11,2023-01-17,Winter,Debit Card,17806.5,26859.36,7322.48,873.03,5710.22,2069.43,56502.16,6,56502.16,11300.43,9417.03
2777,560,470,157,2024-05-08,2024-06-14,2024-06-18,Monsoon,Net Banking,99128.88,2240.63,2998.58,1528.32,649.89,2381.95,104164.35,4,104164.35,20832.87,26041.09
2778,323,245,170,2024-08-28,2024-09-14,2024-09-19,Autumn,Cash,11131.8,2717.08,1820.64,9955.65,1177.36,96.65,26705.88,5,26705.88,5341.18,5341.18
2779,569,397,169,2023-06-20,2023-07-07,2023-07-09,Monsoon,Cash,2245.56,2381.18,1373.47,7971.42,2532.76,57.17,16447.22,2,16447.22,3289.44,8223.61
2780,476,256,173,2024-02-01,2024-02-12,2024-02-18,Winter,Net Banking,9465.36,4247.48,1012.72,5070.09,2688.66,1130.27,21354.04,6,21354.04,4270.81,3559.01
2781,850,462,118,2023-05-10,2023-06-13,2023-06-19,Monsoon,Debit Card,31378.92,15098.75,7201.37,17587.19,4811.1,2701.63,73375.7,6,73375.7,14675.14,12229.28
2782,12,8,117,2024-04-03,2024-05-28,2024-06-03,Summer,Cash,9041.64,7139.32,9255.03,9726.87,1328.65,985.87,35505.64,6,35505.64,7101.13,5917.61
2783,168,190,89,2024-02-17,2024-03-13,2024-03-19,Summer,Credit Card,69287.28,13601.22,8209.94,13552.31,5177.48,1629.46,108198.77,6,108198.77,21639.75,18033.13
2784,293,52,77,2024-06-17,2024-07-20,2024-07-22,Monsoon,Debit Card,10677.2,2465.88,5814.79,9561.11,2565.74,1160.95,29923.77,2,29923.77,5984.75,14961.88
2785,633,280,131,2024-11-03,2024-11-24,2024-11-28,Autumn,Cash,22372.52,7916.47,3203.92,445.26,3369.74,3172.98,34134.93,4,34134.93,6826.99,8533.73
2786,919,484,114,2023-05-09,2023-06-09,2023-06-13,Monsoon,Cash,9353.68,4262.88,3768.2,9159.86,2720.41,542.83,28722.2,4,28722.2,5744.44,7180.55
2787,188,52,77,2023-03-25,2023-05-14,2023-05-19,Summer,Net Banking,26693.0,9464.67,4561.41,12799.38,7189.0,1908.02,58799.44,5,58799.44,11759.89,11759.89
2788,701,156,136,2023-04-11,2023-05-17,2023-05-24,Summer,Cash,41271.44,6462.81,6859.5,8012.37,1989.76,6039.84,58556.04,7,58556.04,11711.21,8365.15
2789,795,172,167,2023-09-04,2023-09-15,2023-09-18,Autumn,Net Banking,4701.57,4807.29,4497.97,5275.03,580.94,700.27,19162.53,3,19162.53,3832.51,6387.51
2790,83,171,106,2024-09-07,2024-10-16,2024-10-23,Autumn,Credit Card,29288.7,10740.27,7084.78,3605.16,1390.31,3596.13,48513.09,7,48513.09,9702.62,6930.44
2791,997,497,67,2024-02-25,2024-03-22,2024-03-27,Summer,Debit Card,59980.75,4525.75,3376.8,2755.43,3029.12,2215.56,71452.29,5,71452.29,14290.46,14290.46
2792,856,57,22,2023-05-27,2023-06-15,2023-06-22,Monsoon,Credit Card,34710.34,7194.5,4456.09,4775.93,2021.45,166.75,52991.56,7,52991.56,10598.31,7570.22
2793,317,423,51,2023-12-26,2024-01-17,2024-01-24,Winter,Net Banking,8530.34,6157.2,1054.21,1149.3,2047.76,376.58,18562.23,7,18562.23,3712.45,2651.75
2794,994,198,130,2024-01-01,2024-02-17,2024-02-21,Winter,Net Banking,11871.0,8115.34,3001.72,18059.18,5647.92,535.44,46159.72,4,46159.72,9231.94,11539.93
2795,270,172,167,2024-06-09,2024-07-13,2024-07-16,Monsoon,Cash,4701.57,2303.95,3428.41,9939.76,1067.06,693.02,20747.73,3,20747.73,4149.55,6915.91
2796,431,242,124,2023-06-28,2023-08-14,2023-08-16,Monsoon,Credit Card,18813.76,1943.3,4094.07,1042.13,2308.67,1236.89,26965.04,2,26965.04,5393.01,13482.52
2797,947,476,30,2024-02-12,2024-03-22,2024-03-28,Summer,Debit Card,12188.82,11901.2,3464.59,8034.85,3420.11,1218.41,37791.16,6,37791.16,7558.23,6298.53
2798,621,269,176,2023-01-25,2023-03-12,2023-03-16,Summer,Net Banking,8207.44,5895.1,3958.56,1867.16,1942.98,530.28,21340.96,4,21340.96,4268.19,5335.24
2799,89,31,19,2024-02-05,2024-03-12,2024-03-16,Summer,Cash,19588.88,4159.5,8380.19,3613.88,5006.49,232.72,40516.22,4,40516.22,8103.24,10129.06
2800,313,427,29,2023-11-30,2023-12-14,2023-12-19,Winter,Debit Card,11877.2,7201.72,1016.27,3987.89,683.0,137.45,24628.63,5,24628.63,4925.73,4925.73
2801,842,220,123,2024-05-30,2024-06-28,2024-07-05,Monsoon,Credit Card,19583.62,17365.41,4924.36,5125.38,5834.09,1664.31,51168.55,7,51168.55,10233.71,7309.79
2802,878,43,142,2022-12-15,2023-01-14,2023-01-18,Winter,Cash,19555.08,14476.07,4471.25,18855.35,7548.44,729.26,64176.93,4,64176.93,12835.39,16044.23
2803,56,50,12,2024-09-28,2024-10-28,2024-10-31,Autumn,Net Banking,41979.36,4772.3,4448.78,6508.16,1046.95,5177.67,53577.88,3,53577.88,10715.58,17859.29
2804,934,332,42,2023-02-23,2023-04-11,2023-04-18,Summer,Cash,36522.36,9491.42,4735.74,4577.49,3757.28,1082.01,58002.28,7,58002.28,11600.46,8286.04
2805,512,397,169,2023-11-03,2023-12-04,2023-12-09,Winter,UPI,5613.9,15582.95,8287.05,10251.91,1567.72,631.13,40672.4,5,40672.4,8134.48,8134.48
2806,61,322,199,2024-07-16,2024-07-25,2024-07-27,Monsoon,Net Banking,3030.32,2303.32,6616.41,4550.89,4927.78,162.55,21266.17,2,21266.17,4253.23,10633.08
2807,974,12,184,2023-08-02,2023-09-05,2023-09-10,Autumn,UPI,7786.6,4339.0,4328.19,6463.6,3169.75,483.43,25603.71,5,25603.71,5120.74,5120.74
2808,144,470,157,2024-04-04,2024-06-02,2024-06-06,Monsoon,Debit Card,99128.88,3706.69,4555.06,6719.11,1421.84,1214.73,114316.85,4,114316.85,22863.37,28579.21
2809,422,8,117,2024-01-13,2024-02-23,2024-02-27,Winter,Debit Card,6027.76,6302.29,4929.23,9539.22,2381.2,450.76,28728.94,4,28728.94,5745.79,7182.24
2810,368,307,100,2024-07-01,2024-08-11,2024-08-18,Monsoon,Debit Card,15117.34,14842.84,14020.38,24231.81,12908.21,371.09,80749.49,7,80749.49,16149.9,11535.64
2811,809,494,162,2023-07-06,2023-07-25,2023-07-27,Monsoon,Credit Card,22326.3,2198.1,4765.69,7285.34,571.65,2206.51,34940.57,2,34940.57,6988.11,17470.28
2812,643,495,137,2024-10-26,2024-12-15,2024-12-19,Winter,UPI,70609.68,5860.21,2149.07,2279.01,3011.46,1540.84,82368.59,4,82368.59,16473.72,20592.15
2813,720,159,92,2024-04-15,2024-05-17,2024-05-22,Summer,UPI,72377.95,9086.16,1215.17,9971.17,3643.16,10238.86,86054.75,5,86054.75,17210.95,17210.95
2814,133,135,188,2024-10-02,2024-10-24,2024-10-30,Autumn,Net Banking,39033.96,4353.06,4471.41,7387.47,2284.77,3873.12,53657.55,6,53657.55,10731.51,8942.93
2815,303,53,99,2023-06-11,2023-07-14,2023-07-21,Monsoon,Credit Card,11559.45,7457.45,6771.49,8845.85,3041.03,1706.68,35968.59,7,35968.59,7193.72,5138.37
2816,629,261,155,2022-12-05,2023-01-03,2023-01-10,Winter,UPI,9157.05,4876.91,1514.71,1266.47,1744.24,478.9,18080.48,7,18080.48,3616.1,2582.93
2817,619,241,174,2023-11-04,2023-12-28,2023-12-31,Winter,UPI,15349.98,3820.73,1285.76,3423.87,1773.05,1298.04,24355.35,3,24355.35,4871.07,8118.45
2818,582,46,118,2024-04-17,2024-05-08,2024-05-15,Summer,UPI,9169.72,12868.5,2401.11,1169.76,1015.85,1059.9,25565.04,7,25565.04,5113.01,3652.15
2819,294,105,34,2024-10-13,2024-12-02,2024-12-07,Winter,Credit Card,68721.15,11440.52,1944.77,15359.74,2263.67,9689.58,90040.27,5,90040.27,18008.05,18008.05
2820,246,303,188,2024-01-14,2024-02-08,2024-02-13,Winter,Cash,50056.15,29236.99,13043.84,9701.36,5909.45,154.3,107793.49,5,107793.49,21558.7,21558.7
2821,484,108,133,2023-10-28,2023-12-05,2023-12-08,Winter,Credit Card,5947.56,4367.29,4176.59,1824.88,1579.99,135.77,17760.54,3,17760.54,3552.11,5920.18
2822,996,338,18,2024-06-18,2024-07-09,2024-07-14,Monsoon,Cash,61306.95,6289.15,1869.64,4644.0,3900.56,476.81,77533.49,5,77533.49,15506.7,15506.7
2823,60,190,89,2024-09-18,2024-11-01,2024-11-05,Autumn,Credit Card,46191.52,10495.38,8515.03,6926.94,2269.07,3074.86,71323.08,4,71323.08,14264.62,17830.77
2824,184,478,40,2023-03-04,2023-04-05,2023-04-09,Summer,Net Banking,9292.32,2917.54,4831.13,4960.32,2338.47,355.9,23983.88,4,23983.88,4796.78,5995.97
2825,503,21,62,2023-05-03,2023-06-15,2023-06-21,Monsoon,Net Banking,12805.86,7451.69,2315.25,7003.69,2781.19,1191.55,31166.13,6,31166.13,6233.23,5194.36
2826,637,223,77,2023-08-03,2023-09-13,2023-09-15,Autumn,Cash,21927.4,1901.63,2108.44,1076.29,2876.02,1928.17,27961.61,2,27961.61,5592.32,13980.8
2827,690,115,7,2024-10-26,2024-12-15,2024-12-21,Winter,Debit Card,42326.76,7745.77,2599.08,1468.07,2616.43,638.77,56117.34,6,56117.34,11223.47,9352.89
2828,823,470,157,2024-03-30,2024-05-20,2024-05-26,Summer,UPI,148693.32,8987.04,9428.15,8926.66,6606.7,18538.51,164103.36,6,164103.36,32820.67,27350.56
2829,506,491,90,2024-02-05,2024-02-24,2024-02-27,Winter,Debit Card,7210.71,3272.48,6462.71,10334.38,5776.6,77.05,32979.83,3,32979.83,6595.97,10993.28
2830,682,110,95,2024-07-13,2024-08-11,2024-08-13,Monsoon,Cash,25469.2,3495.54,3997.76,8593.7,1828.11,2408.55,40975.76,2,40975.76,8195.15,20487.88
2831,146,58,79,2023-08-19,2023-08-26,2023-08-29,Monsoon,Net Banking,7226.79,3877.55,2230.77,6108.06,2470.68,962.4,20951.45,3,20951.45,4190.29,6983.82
2832,842,268,144,2024-07-10,2024-09-02,2024-09-04,Autumn,UPI,9543.48,2451.37,2701.7,5860.57,4130.24,933.13,23754.23,2,23754.23,4750.85,11877.12
2833,896,333,112,2023-05-21,2023-07-04,2023-07-11,Monsoon,Credit Card,100129.4,12554.12,3353.51,8926.95,6553.5,14813.3,116704.18,7,116704.18,23340.84,16672.03
2834,214,88,116,2024-06-10,2024-07-21,2024-07-28,Monsoon,Debit Card,16926.91,10943.63,4702.09,4979.39,2864.33,2014.59,38401.76,7,38401.76,7680.35,5485.97
2835,794,96,90,2024-02-23,2024-03-11,2024-03-13,Summer,Credit Card,2172.48,3240.58,2391.65,6683.34,3158.78,67.26,17579.57,2,17579.57,3515.91,8789.78
2836,504,69,173,2023-08-21,2023-09-15,2023-09-20,Autumn,Cash,14840.4,3946.11,1388.1,8611.15,1549.25,1456.15,28878.86,5,28878.86,5775.77,5775.77
2837,275,415,186,2023-08-30,2023-10-19,2023-10-25,Autumn,Net Banking,23718.66,8937.84,2262.3,6785.32,3899.19,2703.04,42900.27,6,42900.27,8580.05,7150.04
2838,668,197,15,2024-05-05,2024-05-22,2024-05-28,Summer,UPI,34032.72,5502.75,5937.84,16779.43,6120.68,3915.04,64458.38,6,64458.38,12891.68,10743.06
2839,458,482,81,2024-06-17,2024-08-15,2024-08-18,Monsoon,Net Banking,2842.68,13952.67,3679.77,16009.15,5838.22,46.82,42275.67,3,42275.67,8455.13,14091.89
2840,555,80,104,2023-05-20,2023-05-26,2023-05-29,Summer,Credit Card,4417.47,4438.64,2738.25,1305.8,566.29,235.32,13231.13,3,13231.13,2646.23,4410.38
2841,108,141,82,2024-03-13,2024-04-14,2024-04-16,Summer,Cash,11548.44,4449.09,5219.39,9182.39,3635.06,16.55,34017.82,2,34017.82,6803.56,17008.91
2842,95,369,40,2024-03-17,2024-04-08,2024-04-10,Summer,Credit Card,23798.1,1003.03,1741.48,6540.47,1697.58,1351.1,33429.56,2,33429.56,6685.91,16714.78
2843,312,237,170,2024-03-21,2024-05-12,2024-05-17,Summer,Debit Card,11603.5,14289.09,6033.24,8578.93,7037.15,145.49,47396.42,5,47396.42,9479.28,9479.28
2844,61,173,82,2024-01-14,2024-01-20,2024-01-27,Winter,Debit Card,23570.61,10860.62,2192.51,14101.58,6514.56,1506.96,55732.92,7,55732.92,11146.58,7961.85
2845,720,96,90,2024-02-15,2024-02-21,2024-02-26,Winter,Credit Card,5431.2,8782.71,4803.09,3344.15,3474.18,731.06,25104.27,5,25104.27,5020.85,5020.85
2846,226,429,55,2023-10-24,2023-11-11,2023-11-15,Autumn,Debit Card,16780.8,5259.03,1000.28,4907.41,2348.65,1598.23,28697.94,4,28697.94,5739.59,7174.48
2847,853,214,76,2022-12-23,2023-02-02,2023-02-09,Winter,Net Banking,15502.97,4670.04,4470.62,4790.03,3505.16,117.39,32821.43,7,32821.43,6564.29,4688.78
2848,408,63,185,2023-05-07,2023-06-08,2023-06-13,Monsoon,Credit Card,5662.15,9974.91,2468.83,2368.27,4220.85,713.31,23981.7,5,23981.7,4796.34,4796.34
2849,656,438,101,2024-10-19,2024-11-20,2024-11-27,Autumn,Debit Card,11796.54,8263.88,5941.84,5131.7,3691.94,1004.56,33821.34,7,33821.34,6764.27,4831.62
2850,637,199,151,2024-05-26,2024-07-09,2024-07-14,Monsoon,Credit Card,11120.05,8972.48,1598.3,8628.2,2289.45,30.69,32577.79,5,32577.79,6515.56,6515.56
2851,686,385,51,2024-05-19,2024-06-23,2024-06-28,Monsoon,Cash,20422.8,6543.69,4625.29,1531.31,3221.89,1394.68,34950.3,5,34950.3,6990.06,6990.06
2852,637,207,77,2024-10-31,2024-12-18,2024-12-23,Winter,Debit Card,27993.75,5852.44,2014.54,5022.21,3785.84,983.98,43684.8,5,43684.8,8736.96,8736.96
2853,894,400,169,2024-11-08,2024-12-03,2024-12-07,Winter,Net Banking,12095.0,6886.24,3361.64,3549.33,904.81,1803.83,24993.19,4,24993.19,4998.64,6248.3
2854,873,390,24,2023-07-11,2023-08-13,2023-08-16,Monsoon,Credit Card,2704.86,3231.65,4158.21,8029.4,5510.81,392.37,23242.56,3,23242.56,4648.51,7747.52
2855,284,10,115,2023-05-18,2023-07-10,2023-07-15,Monsoon,UPI,11796.6,19073.02,7140.48,16650.42,6677.91,210.61,61127.82,5,61127.82,12225.56,12225.56
2856,246,231,128,2023-12-23,2024-02-02,2024-02-06,Winter,Debit Card,21304.0,21540.46,14869.72,23783.85,6508.62,1821.68,86184.97,4,86184.97,17236.99,21546.24
2857,655,121,158,2023-06-07,2023-06-26,2023-06-28,Monsoon,Cash,4632.18,2138.77,2564.7,13088.26,5367.73,264.87,27526.77,2,27526.77,5505.35,13763.38
2858,595,412,198,2023-12-03,2024-01-15,2024-01-17,Winter,UPI,28382.24,2296.63,2221.1,5984.25,709.94,1477.79,38116.37,2,38116.37,7623.27,19058.19
2859,825,280,131,2022-11-28,2023-01-20,2023-01-23,Winter,Cash,16779.39,2647.32,1622.86,5597.25,3603.22,2516.05,27733.99,3,27733.99,5546.8,9244.66
2860,721,321,137,2023-10-20,2023-12-14,2023-12-20,Winter,Cash,9718.86,6978.25,6989.05,16877.8,3981.66,988.64,43556.98,6,43556.98,8711.4,7259.5
2861,656,217,37,2023-08-04,2023-08-27,2023-08-31,Monsoon,Credit Card,20463.04,8232.11,6398.54,15679.56,3349.06,315.62,53806.69,4,53806.69,10761.34,13451.67
2862,778,239,177,2024-07-01,2024-07-06,2024-07-11,Monsoon,Net Banking,57442.3,2876.15,4876.28,3422.86,2316.07,8432.45,62501.21,5,62501.21,12500.24,12500.24
2863,568,79,190,2023-02-24,2023-04-09,2023-04-16,Summer,Net Banking,18483.78,8587.54,3736.66,9749.7,1628.04,1342.37,40843.35,7,40843.35,8168.67,5834.76
2864,292,4,123,2022-12-28,2023-01-07,2023-01-11,Winter,Credit Card,12172.56,6478.49,3079.7,4136.26,2065.63,1076.32,26856.32,4,26856.32,5371.26,6714.08
2865,624,223,77,2023-04-28,2023-05-22,2023-05-28,Summer,UPI,65782.2,15665.42,5171.37,4751.43,6946.11,6019.28,92297.25,6,92297.25,18459.45,15382.88
2866,604,495,137,2023-08-09,2023-09-06,2023-09-08,Autumn,Cash,35304.84,5435.53,2662.0,2725.71,7028.42,2136.91,51019.59,2,51019.59,10203.92,25509.8
2867,218,135,188,2023-11-02,2023-12-05,2023-12-10,Winter,Net Banking,32528.3,5240.68,4157.09,5506.99,5177.66,2062.19,50548.53,5,50548.53,10109.71,10109.71
2868,177,121,158,2024-06-26,2024-07-24,2024-07-28,Monsoon,Debit Card,9264.36,6164.75,2024.27,7878.4,819.91,726.22,25425.47,4,25425.47,5085.09,6356.37
2869,5,61,147,2024-01-17,2024-02-16,2024-02-22,Winter,UPI,6528.9,10008.09,3688.8,3706.58,3909.23,206.37,27635.23,6,27635.23,5527.05,4605.87
2870,559,391,33,2024-11-06,2024-11-26,2024-11-29,Autumn,Debit Card,15462.75,3617.49,1055.7,7580.94,2634.28,561.79,29789.37,3,29789.37,5957.87,9929.79
2871,474,164,188,2024-10-18,2024-12-05,2024-12-12,Winter,Debit Card,80442.6,9082.22,3490.04,12576.04,1504.82,2467.77,104627.95,7,104627.95,20925.59,14946.85
2872,358,409,156,2024-08-10,2024-09-11,2024-09-14,Autumn,Cash,10500.75,5505.1,6440.81,8016.87,2039.46,662.05,31840.94,3,31840.94,6368.19,10613.65
2873,266,439,59,2024-06-16,2024-07-24,2024-07-26,Monsoon,UPI,7411.72,12044.8,6057.95,32123.37,2325.01,953.8,59009.05,2,59009.05,11801.81,29504.52
2874,555,82,148,2023-09-21,2023-11-12,2023-11-16,Autumn,Cash,44713.28,4644.11,1718.8,1892.75,3063.9,3030.27,53002.57,4,53002.57,10600.51,13250.64
2875,785,220,123,2023-09-06,2023-10-21,2023-10-25,Autumn,Cash,11190.64,13878.86,7012.43,6849.53,4198.53,616.36,42513.63,4,42513.63,8502.73,10628.41
2876,552,69,173,2023-07-31,2023-08-14,2023-08-17,Monsoon,Credit Card,8904.24,11747.64,9948.94,7465.51,1140.61,112.67,39094.27,3,39094.27,7818.85,13031.42
2877,203,436,91,2024-02-18,2024-02-24,2024-02-27,Winter,UPI,17951.94,8912.52,7771.91,15739.41,6804.43,1195.14,55985.07,3,55985.07,11197.01,18661.69
2878,948,173,82,2024-08-16,2024-10-07,2024-10-12,Autumn,Credit Card,16836.15,4272.77,2758.32,5901.12,2379.95,19.95,32128.36,5,32128.36,6425.67,6425.67
2879,32,442,145,2024-09-01,2024-10-08,2024-10-11,Autumn,Cash,31720.2,10273.75,5765.45,17932.88,5927.99,3351.82,68268.45,3,68268.45,13653.69,22756.15
2880,671,401,4,2024-05-30,2024-07-26,2024-07-30,Monsoon,Net Banking,57136.16,12255.19,4910.14,3905.06,5516.11,6788.64,76934.02,4,76934.02,15386.8,19233.5
2881,399,139,149,2024-09-19,2024-10-04,2024-10-11,Autumn,UPI,64904.84,23815.79,2913.75,3042.58,975.76,9392.09,86260.63,7,86260.63,17252.13,12322.95
2882,673,106,65,2024-10-06,2024-10-27,2024-11-03,Autumn,UPI,62162.66,11899.81,1526.04,5657.77,3068.29,1137.8,83176.77,7,83176.77,16635.35,11882.4
2883,531,30,95,2024-04-12,2024-06-02,2024-06-07,Monsoon,Cash,44380.6,6944.66,3608.77,6052.13,1420.48,494.21,61912.43,5,61912.43,12382.49,12382.49
2884,974,197,15,2023-05-27,2023-07-17,2023-07-20,Monsoon,Cash,17016.36,2134.0,2524.54,9743.57,2307.04,1864.91,31860.6,3,31860.6,6372.12,10620.2
2885,16,157,137,2024-06-19,2024-07-17,2024-07-24,Monsoon,Net Banking,88483.5,11847.42,1423.24,572.33,1975.28,2530.42,101771.35,7,101771.35,20354.27,14538.76
2886,13,185,194,2024-04-05,2024-05-21,2024-05-26,Summer,Debit Card,26169.2,9739.68,2276.5,11625.41,5294.51,287.8,54817.5,5,54817.5,10963.5,10963.5
2887,220,164,188,2022-12-13,2023-01-22,2023-01-28,Winter,Cash,68950.8,22847.66,8100.21,10505.7,1642.33,9265.64,102781.06,6,102781.06,20556.21,17130.18
2888,472,51,5,2023-04-18,2023-06-07,2023-06-12,Monsoon,Credit Card,10394.15,4333.65,4892.79,5113.39,2276.58,520.27,26490.29,5,26490.29,5298.06,5298.06
2889,572,340,130,2024-06-02,2024-07-26,2024-07-30,Monsoon,Debit Card,52009.12,6813.31,2951.9,7795.71,3441.45,1355.77,71655.72,4,71655.72,14331.14,17913.93
2890,880,405,161,2024-10-18,2024-12-16,2024-12-21,Winter,Debit Card,45759.25,16163.88,7425.64,4025.75,6839.28,4908.39,75305.41,5,75305.41,15061.08,15061.08
2891,78,351,135,2023-11-02,2023-11-26,2023-11-29,Autumn,Cash,2566.08,11027.17,7587.43,933.14,5138.91,180.52,27072.21,3,27072.21,5414.44,9024.07
2892,992,250,24,2024-03-28,2024-05-17,2024-05-21,Summer,Debit Card,9252.76,9732.49,5350.02,27332.72,2215.13,1125.23,52757.89,4,52757.89,10551.58,13189.47
2893,869,383,15,2024-04-24,2024-06-06,2024-06-08,Monsoon,Debit Card,8345.54,2365.9,2948.32,6956.04,4800.44,551.76,24864.48,2,24864.48,4972.9,12432.24
2894,397,4,123,2023-05-04,2023-05-22,2023-05-24,Summer,Debit Card,6086.28,2433.0,6222.6,8955.4,6258.37,281.57,29674.08,2,29674.08,5934.82,14837.04
2895,721,126,188,2024-12-03,2024-12-28,2025-01-03,Winter,Cash,50100.66,15925.32,8983.09,10661.25,5277.23,1253.2,89694.35,6,89694.35,17938.87,14949.06
2896,425,112,161,2023-12-06,2024-01-04,2024-01-08,Winter,Debit Card,7868.64,14385.91,3339.72,7924.86,4872.64,668.55,37723.22,4,37723.22,7544.64,9430.8
2897,10,295,125,2023-04-26,2023-05-02,2023-05-04,Summer,Net Banking,3882.4,5611.8,8711.29,15154.75,1451.05,231.17,34580.12,2,34580.12,6916.02,17290.06
2898,653,87,138,2023-03-16,2023-04-03,2023-04-10,Summer,Net Banking,12203.45,13527.39,1706.51,8505.72,2784.36,1025.14,37702.29,7,37702.29,7540.46,5386.04
2899,868,47,195,2024-09-22,2024-10-01,2024-10-05,Autumn,Net Banking,57647.52,11393.57,2658.92,14090.34,6711.73,310.04,92192.04,4,92192.04,18438.41,23048.01
2900,477,254,127,2024-01-30,2024-02-06,2024-02-13,Winter,UPI,68728.45,7326.85,3784.43,5714.09,2429.92,4473.24,83510.5,7,83510.5,16702.1,11930.07
2901,863,459,97,2024-04-18,2024-05-08,2024-05-11,Summer,UPI,7052.49,3245.0,9637.75,14205.14,3948.49,344.29,37744.58,3,37744.58,7548.92,12581.53
2902,70,19,173,2024-05-01,2024-05-13,2024-05-18,Summer,Debit Card,7223.85,2766.22,4577.46,6655.42,3335.48,1026.81,23531.62,5,23531.62,4706.32,4706.32
2903,103,106,65,2023-01-18,2023-03-01,2023-03-06,Summer,Net Banking,44401.9,14481.39,16055.27,33632.2,12319.81,5508.25,115382.32,5,115382.32,23076.46,23076.46
2904,154,151,48,2024-11-30,2024-12-10,2024-12-17,Winter,Debit Card,14970.2,7048.66,3527.06,4196.07,1681.02,531.07,30891.94,7,30891.94,6178.39,4413.13
2905,52,114,71,2023-07-15,2023-08-22,2023-08-26,Monsoon,Net Banking,7286.8,6601.86,3393.25,1821.23,2916.53,551.29,21468.38,4,21468.38,4293.68,5367.1
2906,720,6,31,2023-12-05,2024-01-04,2024-01-07,Winter,Net Banking,14232.87,3696.64,1175.2,7133.68,2006.84,514.88,27730.35,3,27730.35,5546.07,9243.45
2907,125,138,24,2023-05-03,2023-06-27,2023-06-29,Monsoon,Debit Card,30043.94,2732.64,4074.15,9040.22,1795.59,3795.17,43891.37,2,43891.37,8778.27,21945.68
2908,524,367,170,2024-07-15,2024-09-13,2024-09-20,Autumn,UPI,19896.03,10249.75,1234.62,5020.05,3169.72,2730.3,36839.87,7,36839.87,7367.97,5262.84
2909,22,72,28,2023-02-03,2023-03-04,2023-03-08,Summer,Credit Card,4331.12,5600.28,3190.19,6039.99,1920.89,10.28,21072.19,4,21072.19,4214.44,5268.05
2910,609,58,79,2024-07-30,2024-09-02,2024-09-06,Autumn,Credit Card,9635.72,7514.84,3971.91,9249.88,1864.59,1306.03,30930.91,4,30930.91,6186.18,7732.73
2911,485,325,154,2023-04-09,2023-05-09,2023-05-11,Summer,Net Banking,13780.42,5296.52,6565.51,12125.51,6617.1,1296.66,43088.4,2,43088.4,8617.68,21544.2
2912,291,101,188,2024-10-11,2024-11-12,2024-11-18,Autumn,Cash,13471.08,10484.62,3555.94,7845.84,1076.34,287.3,36146.52,6,36146.52,7229.3,6024.42
2913,4,132,173,2024-08-28,2024-09-03,2024-09-06,Autumn,Net Banking,39130.14,9042.26,4243.39,5117.5,3272.55,1733.59,59072.25,3,59072.25,11814.45,19690.75
2914,259,150,111,2024-05-17,2024-07-04,2024-07-10,Monsoon,Net Banking,31768.92,11438.96,2348.46,644.27,1538.08,2766.13,44972.56,6,44972.56,8994.51,7495.43
2915,364,8,117,2023-11-18,2023-12-02,2023-12-09,Winter,Cash,10548.58,23267.16,8856.45,12940.18,3105.58,744.42,57973.53,7,57973.53,11594.71,8281.93
2916,998,162,16,2024-04-10,2024-06-05,2024-06-10,Monsoon,Debit Card,105821.15,6951.27,1812.51,6291.88,633.07,12433.85,109076.03,5,109076.03,21815.21,21815.21
2917,26,290,96,2023-05-15,2023-06-09,2023-06-11,Monsoon,Cash,4574.2,1349.28,3839.06,6650.14,2046.84,103.52,18356.0,2,18356.0,3671.2,9178.0
2918,203,215,19,2023-11-29,2024-01-04,2024-01-06,Winter,Net Banking,4958.52,1868.87,3048.92,3056.39,2934.9,681.12,15186.48,2,15186.48,3037.3,7593.24
2919,677,338,18,2024-01-14,2024-01-24,2024-01-29,Winter,Net Banking,61306.95,7017.42,3144.31,506.97,4528.79,2751.17,73753.27,5,73753.27,14750.65,14750.65
2920,71,252,122,2023-04-05,2023-05-04,2023-05-07,Summer,Net Banking,2981.52,4263.27,2403.98,5493.65,2440.64,247.63,17335.43,3,17335.43,3467.09,5778.48
2921,457,97,69,2023-06-27,2023-08-25,2023-08-31,Monsoon,Net Banking,6183.0,30837.36,16614.8,946.81,13356.17,707.87,67230.27,6,67230.27,13446.05,11205.04
2922,975,279,99,2024-01-05,2024-02-21,2024-02-25,Winter,Net Banking,8395.28,15426.68,3092.94,1218.14,6885.16,482.02,34536.18,4,34536.18,6907.24,8634.04
2923,396,143,116,2024-06-22,2024-07-13,2024-07-18,Monsoon,Cash,11808.4,17248.93,5059.32,6617.88,1334.16,463.16,41605.53,5,41605.53,8321.11,8321.11
2924,362,30,95,2023-07-23,2023-09-21,2023-09-25,Autumn,Debit Card,35504.48,13531.53,8625.39,11471.85,4953.5,1896.91,72189.84,4,72189.84,14437.97,18047.46
2925,904,8,117,2023-10-16,2023-11-17,2023-11-19,Autumn,Credit Card,3013.88,1432.76,2377.41,3349.47,3414.39,113.42,13474.49,2,13474.49,2694.9,6737.24
2926,542,347,53,2024-10-27,2024-11-22,2024-11-25,Autumn,Credit Card,16036.02,4693.53,8559.58,12106.42,5467.51,1831.07,45031.99,3,45031.99,9006.4,15010.66
2927,346,427,29,2023-10-31,2023-12-28,2024-01-03,Winter,Cash,14252.64,3317.91,2395.56,5300.83,1218.05,1292.85,25192.14,6,25192.14,5038.43,4198.69
2928,903,22,63,2024-11-02,2024-11-07,2024-11-12,Autumn,Net Banking,5991.9,7460.74,1907.78,12073.4,2317.38,47.71,29703.49,5,29703.49,5940.7,5940.7
2929,576,462,118,2023-04-13,2023-06-04,2023-06-09,Monsoon,Net Banking,26149.1,10762.9,4693.31,2561.77,5238.37,255.61,49149.84,5,49149.84,9829.97,9829.97
2930,886,332,42,2023-02-06,2023-02-11,2023-02-16,Winter,Credit Card,26087.4,6839.8,1140.02,3539.96,2197.63,3801.81,36003.0,5,36003.0,7200.6,7200.6
2931,778,157,137,2024-03-03,2024-05-01,2024-05-06,Summer,Cash,63202.5,9577.75,4977.48,8896.27,1365.32,4309.76,83709.56,5,83709.56,16741.91,16741.91
2932,445,242,124,2024-02-25,2024-03-08,2024-03-15,Summer,UPI,65848.16,11323.66,2490.63,4953.39,2628.99,5921.04,81323.79,7,81323.79,16264.76,11617.68
2933,473,320,176,2023-11-15,2024-01-06,2024-01-11,Winter,Debit Card,11925.95,3730.49,2903.47,1673.99,1425.65,408.51,21251.04,5,21251.04,4250.21,4250.21
2934,775,22,63,2023-01-31,2023-03-19,2023-03-21,Summer,UPI,2396.76,2227.21,4059.16,6832.37,3914.74,332.16,19098.08,2,19098.08,3819.62,9549.04
2935,272,33,63,2024-09-01,2024-09-07,2024-09-12,Autumn,Net Banking,7371.35,12775.45,8847.4,3006.26,5041.1,560.61,36480.95,5,36480.95,7296.19,7296.19
2936,394,416,153,2023-06-06,2023-07-21,2023-07-28,Monsoon,Net Banking,10140.41,3850.63,2416.89,7209.77,803.62,157.09,24264.23,7,24264.23,4852.85,3466.32
2937,812,4,123,2024-02-06,2024-04-06,2024-04-09,Summer,Net Banking,9129.42,4872.09,2765.75,7288.86,1252.57,341.51,24967.18,3,24967.18,4993.44,8322.39
2938,47,35,26,2023-04-26,2023-05-17,2023-05-20,Summer,UPI,37848.87,1837.82,2377.83,6739.65,3005.11,4569.07,47240.21,3,47240.21,9448.04,15746.74
2939,768,288,102,2023-01-23,2023-02-03,2023-02-10,Winter,UPI,45942.61,16686.59,9401.61,3411.51,4116.64,1759.64,77799.32,7,77799.32,15559.86,11114.19
2940,552,247,193,2023-09-27,2023-10-24,2023-10-28,Autumn,Credit Card,23522.32,7366.85,9713.37,18634.8,6554.51,1473.29,64318.56,4,64318.56,12863.71,16079.64
2941,313,232,76,2023-09-18,2023-11-03,2023-11-05,Autumn,Net Banking,11282.86,2535.57,2307.26,1761.23,1908.48,801.23,18994.17,2,18994.17,3798.83,9497.08
2942,744,10,115,2023-11-29,2024-01-08,2024-01-11,Winter,Credit Card,7077.96,3709.06,5738.46,6586.35,4094.75,1056.81,26149.77,3,26149.77,5229.95,8716.59
2943,107,208,104,2024-03-24,2024-05-01,2024-05-07,Summer,Credit Card,12157.08,11010.34,4168.81,2646.02,739.85,1246.93,29475.17,6,29475.17,5895.03,4912.53
2944,39,385,51,2023-10-18,2023-11-10,2023-11-15,Autumn,Debit Card,20422.8,24005.16,14857.18,15560.29,7687.83,803.54,81729.72,5,81729.72,16345.94,16345.94
2945,387,18,101,2024-10-15,2024-12-07,2024-12-12,Winter,Debit Card,11096.0,6172.89,6511.8,13790.95,4613.96,316.21,41869.39,5,41869.39,8373.88,8373.88
2946,933,69,173,2023-05-26,2023-07-17,2023-07-19,Monsoon,UPI,5936.16,4036.18,7199.47,65.7,7286.7,467.17,24057.04,2,24057.04,4811.41,12028.52
2947,757,118,108,2023-05-11,2023-05-21,2023-05-26,Summer,UPI,25254.5,11116.12,3636.52,3328.59,3906.85,2124.65,45117.93,5,45117.93,9023.59,9023.59
2948,998,209,108,2023-05-19,2023-06-07,2023-06-14,Monsoon,Net Banking,30324.63,10314.24,4552.21,1613.65,2205.84,3164.03,45846.54,7,45846.54,9169.31,6549.51
2949,572,53,99,2024-06-24,2024-07-12,2024-07-19,Monsoon,Cash,11559.45,5446.73,3753.5,5349.29,619.62,303.27,26425.32,7,26425.32,5285.06,3775.05
2950,205,204,56,2024-04-17,2024-06-02,2024-06-05,Monsoon,Debit Card,15891.72,7532.92,2581.36,14519.45,6314.58,1084.79,45755.24,3,45755.24,9151.05,15251.75
2951,14,80,104,2024-06-15,2024-06-20,2024-06-25,Monsoon,Debit Card,7362.45,11204.56,7527.38,5017.51,4561.68,4.2,35669.38,5,35669.38,7133.88,7133.88
2952,712,16,187,2023-02-07,2023-03-14,2023-03-20,Summer,Credit Card,14927.16,8212.87,5477.25,4380.24,4740.37,495.72,37242.17,6,37242.17,7448.43,6207.03
2953,664,277,136,2023-07-17,2023-07-25,2023-07-31,Monsoon,Debit Card,14753.34,21041.78,7508.05,14168.65,4971.36,1143.88,61299.3,6,61299.3,12259.86,10216.55
2954,281,218,81,2023-06-24,2023-07-19,2023-07-22,Monsoon,Net Banking,3795.0,7479.49,7049.67,4373.5,6988.92,99.24,29587.34,3,29587.34,5917.47,9862.45
2955,450,86,37,2024-05-05,2024-07-04,2024-07-11,Monsoon,Credit Card,7240.59,7076.93,4199.08,6720.28,3258.31,817.22,27677.97,7,27677.97,5535.59,3954.0
2956,237,27,82,2024-09-06,2024-10-16,2024-10-18,Autumn,Credit Card,2619.62,10935.06,7623.91,17683.67,14336.66,108.83,53090.09,2,53090.09,10618.02,26545.04
2957,80,435,64,2023-01-17,2023-02-09,2023-02-14,Winter,Credit Card,49496.65,9939.15,4547.89,1584.62,3955.26,1496.38,68027.19,5,68027.19,13605.44,13605.44
2958,430,66,82,2024-03-04,2024-04-10,2024-04-14,Summer,Net Banking,23484.2,6229.83,8530.23,10890.77,7826.12,1499.68,55461.47,4,55461.47,11092.29,13865.37
2959,72,246,3,2023-10-24,2023-11-26,2023-12-01,Autumn,Net Banking,11215.2,2690.0,2664.06,7580.77,2639.27,1093.75,25695.55,5,25695.55,5139.11,5139.11
2960,340,328,157,2022-12-05,2023-01-14,2023-01-20,Winter,Cash,30119.34,6197.64,4390.08,8541.32,1369.05,1865.37,48752.06,6,48752.06,9750.41,8125.34
2961,562,129,1,2024-10-24,2024-12-13,2024-12-16,Winter,Debit Card,36472.11,3640.32,4337.21,3715.3,3233.7,4957.62,46441.02,3,46441.02,9288.2,15480.34
2962,520,140,61,2024-04-13,2024-05-16,2024-05-21,Summer,Net Banking,28520.85,18337.94,4897.53,2761.92,5265.69,4126.42,55657.51,5,55657.51,11131.5,11131.5
2963,518,120,74,2023-04-22,2023-05-15,2023-05-19,Summer,Cash,6080.32,14514.12,9231.78,3802.18,5336.28,902.45,38062.23,4,38062.23,7612.45,9515.56
2964,39,145,132,2024-03-06,2024-03-11,2024-03-14,Summer,UPI,65824.56,18888.19,9215.11,23055.54,3758.11,9736.38,111005.13,3,111005.13,22201.03,37001.71
2965,832,265,4,2024-04-14,2024-05-26,2024-06-01,Summer,Cash,6282.36,20190.37,8374.6,13662.43,5456.69,907.05,53059.4,6,53059.4,10611.88,8843.23
2966,449,370,34,2023-04-26,2023-05-19,2023-05-21,Summer,Debit Card,1719.52,3502.11,3031.71,8194.38,3849.2,78.42,20218.5,2,20218.5,4043.7,10109.25
2967,503,131,58,2022-12-01,2023-01-14,2023-01-20,Winter,Credit Card,18510.18,7612.57,2501.29,3190.22,920.43,1454.93,31279.76,6,31279.76,6255.95,5213.29
2968,796,437,161,2024-01-01,2024-03-01,2024-03-06,Summer,Cash,28882.75,8104.67,8325.62,13568.34,2644.38,2696.85,58828.91,5,58828.91,11765.78,11765.78
2969,34,86,37,2024-06-26,2024-07-19,2024-07-22,Monsoon,UPI,3103.11,5558.01,1263.84,9404.72,1807.18,169.64,20967.22,3,20967.22,4193.44,6989.07
2970,328,244,133,2024-02-22,2024-04-07,2024-04-10,Summer,Cash,2885.73,1820.59,1043.02,9065.87,2233.93,323.87,16725.27,3,16725.27,3345.05,5575.09
2971,4,402,16,2023-05-02,2023-05-28,2023-06-01,Summer,Net Banking,21152.44,5869.95,6962.94,13736.07,6180.08,367.41,53534.07,4,53534.07,10706.81,13383.52
2972,586,208,104,2022-12-23,2023-01-24,2023-01-29,Winter,Credit Card,10130.9,5560.15,4895.14,6740.46,733.94,521.04,27539.55,5,27539.55,5507.91,5507.91
2973,82,226,94,2023-07-08,2023-08-26,2023-08-29,Monsoon,UPI,4313.49,2813.42,2498.1,6008.26,2958.33,59.14,18532.46,3,18532.46,3706.49,6177.49
2974,87,151,48,2024-04-14,2024-05-28,2024-06-02,Summer,UPI,10693.0,5936.28,4387.83,3619.39,1876.2,26.79,26485.91,5,26485.91,5297.18,5297.18
2975,570,98,71,2023-05-08,2023-05-14,2023-05-18,Summer,Debit Card,29987.08,6825.6,6199.13,3148.03,5407.53,2734.82,48832.55,4,48832.55,9766.51,12208.14
2976,603,488,134,2024-04-23,2024-06-13,2024-06-15,Monsoon,Cash,1676.44,3112.61,4419.77,7258.9,2899.28,129.23,19237.77,2,19237.77,3847.55,9618.88
2977,776,164,188,2023-06-29,2023-07-10,2023-07-14,Monsoon,Credit Card,45967.2,6315.56,9849.03,18753.54,4685.1,1793.42,83777.01,4,83777.01,16755.4,20944.25
2978,108,71,108,2024-06-24,2024-08-04,2024-08-07,Monsoon,Net Banking,5978.34,8512.19,8927.55,3163.31,6196.9,544.62,32233.67,3,32233.67,6446.73,10744.56
2979,901,12,184,2024-11-22,2024-12-10,2024-12-12,Winter,Debit Card,3114.64,1254.3,1789.19,9936.34,2995.43,154.34,18935.56,2,18935.56,3787.11,9467.78
2980,451,311,36,2023-05-28,2023-07-02,2023-07-05,Monsoon,UPI,12174.51,11897.42,14855.64,30693.58,8818.39,239.45,78200.09,3,78200.09,15640.02,26066.7
2981,256,30,95,2023-04-17,2023-05-14,2023-05-19,Summer,Cash,44380.6,19628.1,5536.48,1474.02,5767.07,726.68,76059.59,5,76059.59,15211.92,15211.92
2982,807,27,82,2023-03-08,2023-04-13,2023-04-18,Summer,Net Banking,6549.05,19315.92,9974.16,12124.12,6631.8,644.85,53950.2,5,53950.2,10790.04,10790.04
2983,660,104,32,2023-05-10,2023-07-09,2023-07-15,Monsoon,Net Banking,57391.08,26333.86,10337.97,21216.72,7742.82,2827.39,120195.06,6,120195.06,24039.01,20032.51
2984,463,299,92,2023-10-04,2023-12-01,2023-12-07,Winter,UPI,5910.12,6010.35,3680.06,9225.82,2383.33,553.7,26655.98,6,26655.98,5331.2,4442.66
2985,705,143,116,2023-08-27,2023-10-18,2023-10-24,Autumn,Debit Card,14170.08,23016.99,12067.28,14532.56,5313.26,257.36,68842.81,6,68842.81,13768.56,11473.8
2986,692,199,151,2024-05-17,2024-06-25,2024-07-01,Monsoon,Net Banking,13344.06,10570.61,3417.34,5831.24,2608.83,16.32,35755.76,6,35755.76,7151.15,5959.29
2987,785,246,3,2023-06-09,2023-06-19,2023-06-23,Monsoon,Credit Card,8972.16,9423.69,3523.32,10513.54,5599.08,1210.11,36821.68,4,36821.68,7364.34,9205.42
2988,293,313,124,2024-01-03,2024-01-26,2024-01-30,Winter,Net Banking,7217.36,6611.44,5097.9,8149.16,3182.5,295.22,29963.14,4,29963.14,5992.63,7490.78
2989,744,78,82,2024-05-26,2024-06-03,2024-06-09,Monsoon,UPI,50303.7,9491.23,7755.95,2935.97,3894.1,6827.45,67553.5,6,67553.5,13510.7,11258.92
2990,468,163,96,2023-12-08,2023-12-20,2023-12-24,Winter,Net Banking,7184.92,24433.49,7044.97,19660.98,14167.93,1013.75,71478.54,4,71478.54,14295.71,17869.63
2991,32,117,19,2023-04-16,2023-04-22,2023-04-28,Summer,UPI,14326.02,14066.04,5258.22,7.64,5433.35,769.8,38321.47,6,38321.47,7664.29,6386.91
2992,109,98,71,2023-05-02,2023-06-27,2023-07-03,Monsoon,Debit Card,44980.62,11866.15,2574.76,9485.81,3431.33,6277.02,66061.65,6,66061.65,13212.33,11010.28
2993,490,355,193,2024-07-07,2024-07-27,2024-07-29,Monsoon,Net Banking,6237.04,6666.24,2536.39,8065.1,3844.32,684.0,26665.09,2,26665.09,5333.02,13332.54
2994,753,392,188,2024-11-03,2024-12-03,2024-12-06,Winter,Debit Card,10298.01,4945.22,2569.31,7911.2,917.83,15.99,26625.58,3,26625.58,5325.12,8875.19
2995,203,73,174,2024-08-12,2024-09-05,2024-09-12,Autumn,Cash,17092.04,16046.98,3982.74,10980.75,3435.12,939.04,50598.59,7,50598.59,10119.72,7228.37
2996,845,142,40,2024-05-08,2024-07-01,2024-07-05,Monsoon,Debit Card,53354.28,4364.88,2076.1,9554.6,1369.55,2054.47,68664.94,4,68664.94,13732.99,17166.24
2997,577,333,112,2023-04-24,2023-05-05,2023-05-12,Summer,Net Banking,100129.4,13487.49,2148.46,9735.75,1097.85,1145.33,125453.62,7,125453.62,25090.72,17921.95
2998,181,443,38,2023-06-02,2023-07-09,2023-07-12,Monsoon,Cash,6888.66,3082.37,2188.54,13482.2,2140.3,19.4,27762.67,3,27762.67,5552.53,9254.22
2999,253,440,139,2023-04-26,2023-06-10,2023-06-14,Monsoon,Net Banking,71510.08,9266.07,6256.74,10776.03,1141.59,854.16,98096.35,4,98096.35,19619.27,24524.09
3000,174,449,17,2023-05-01,2023-05-26,2023-05-29,Summer,UPI,11879.31,2818.11,3761.16,17152.26,6745.47,1135.54,41220.77,3,41220.77,8244.15,13740.26
3001,335,264,144,2023-08-14,2023-09-15,2023-09-21,Autumn,Net Banking,28181.82,42424.34,4942.02,29188.58,7852.72,3441.73,109147.75,6,109147.75,21829.55,18191.29
3002,746,489,83,2023-11-06,2023-11-26,2023-11-29,Autumn,Debit Card,12387.3,5230.34,2743.56,8414.32,1587.5,287.43,30075.59,3,30075.59,6015.12,10025.2
3003,96,283,166,2024-03-16,2024-04-15,2024-04-20,Summer,Credit Card,26187.65,5606.27,4305.14,6684.86,1113.37,2259.79,41637.5,5,41637.5,8327.5,8327.5
3004,852,468,83,2024-07-13,2024-09-02,2024-09-07,Autumn,UPI,25168.85,2989.97,1855.22,5346.35,720.49,2456.24,33624.64,5,33624.64,6724.93,6724.93
3005,900,250,24,2023-09-20,2023-10-21,2023-10-25,Autumn,Debit Card,9252.76,3271.7,3538.15,4280.27,2953.99,1245.64,22051.23,4,22051.23,4410.25,5512.81
3006,289,220,123,2023-06-10,2023-07-27,2023-07-29,Monsoon,Debit Card,5595.32,3282.53,3166.57,7374.27,1939.76,566.88,20791.57,2,20791.57,4158.31,10395.78
3007,447,134,75,2023-03-04,2023-05-03,2023-05-09,Summer,Cash,7274.34,30811.93,13757.2,18364.87,9380.35,973.97,78614.72,6,78614.72,15722.94,13102.45
3008,696,108,133,2023-08-15,2023-10-11,2023-10-18,Autumn,UPI,13877.64,12168.29,2371.41,7150.82,3364.73,260.98,38671.91,7,38671.91,7734.38,5524.56
3009,546,343,30,2023-09-28,2023-11-16,2023-11-22,Autumn,Credit Card,28245.9,10521.2,1992.24,9573.52,2273.74,4104.84,48501.76,6,48501.76,9700.35,8083.63
3010,466,408,141,2023-02-15,2023-04-08,2023-04-12,Summer,Credit Card,6003.92,4779.19,2092.84,882.1,3543.05,285.75,17015.35,4,17015.35,3403.07,4253.84
3011,384,358,162,2023-11-01,2023-11-22,2023-11-24,Autumn,UPI,4270.14,10853.5,8139.86,9699.66,10776.45,50.01,43689.6,2,43689.6,8737.92,21844.8
3012,61,206,28,2024-07-24,2024-08-04,2024-08-10,Monsoon,UPI,27374.28,17895.06,5071.2,11505.19,1879.87,978.91,62746.69,6,62746.69,12549.34,10457.78
3013,2,119,151,2024-02-18,2024-03-13,2024-03-16,Summer,Cash,26031.18,10043.15,4171.72,16678.51,1893.99,64.13,58754.42,3,58754.42,11750.88,19584.81
3014,329,131,58,2023-11-04,2023-11-19,2023-11-26,Autumn,Debit Card,21595.21,8331.11,4355.43,16647.61,6921.78,1814.65,56036.49,7,56036.49,11207.3,8005.21
3015,249,8,117,2024-11-05,2024-11-22,2024-11-28,Autumn,Credit Card,9041.64,21284.38,3919.15,5431.34,6117.95,857.76,44936.7,6,44936.7,8987.34,7489.45
3016,969,96,90,2023-08-30,2023-09-13,2023-09-15,Autumn,UPI,2172.48,10958.65,14673.2,13236.87,6162.02,302.56,46900.66,2,46900.66,9380.13,23450.33
3017,392,420,193,2024-03-15,2024-04-20,2024-04-24,Summer,Net Banking,4710.2,12203.91,7079.29,7966.3,5256.09,589.46,36626.33,4,36626.33,7325.27,9156.58
3018,830,118,108,2024-06-28,2024-07-07,2024-07-09,Monsoon,Cash,10101.8,3046.12,1317.79,5394.96,2279.62,1154.42,20985.87,2,20985.87,4197.17,10492.94
3019,561,226,94,2023-11-18,2023-12-26,2023-12-28,Winter,Cash,2875.66,7273.14,6193.58,31286.33,8222.72,260.53,55590.9,2,55590.9,11118.18,27795.45
3020,531,102,55,2022-12-06,2023-01-18,2023-01-24,Winter,Net Banking,20106.12,10322.61,3524.65,5885.13,3184.06,1576.21,41446.36,6,41446.36,8289.27,6907.73
3021,414,388,112,2023-07-25,2023-08-27,2023-08-31,Monsoon,UPI,17355.16,7214.64,1629.46,3193.82,3112.53,1666.95,30838.66,4,30838.66,6167.73,7709.66
3022,4,459,97,2023-05-04,2023-05-15,2023-05-21,Summer,Cash,14104.98,12645.48,5546.93,14805.63,1236.76,1226.64,47113.14,6,47113.14,9422.63,7852.19
3023,892,17,97,2023-06-20,2023-07-16,2023-07-23,Monsoon,Debit Card,71825.81,7162.7,4682.8,16095.89,6640.63,9552.86,96854.97,7,96854.97,19370.99,13836.42
3024,295,107,110,2024-09-06,2024-09-27,2024-10-03,Autumn,UPI,4811.1,13176.17,5363.5,11049.8,1161.03,214.96,35346.64,6,35346.64,7069.33,5891.11
3025,814,131,58,2024-10-14,2024-12-01,2024-12-06,Winter,Debit Card,15425.15,26157.17,11867.86,2905.44,8621.89,1444.12,63533.39,5,63533.39,12706.68,12706.68
3026,689,1,50,2023-01-08,2023-03-02,2023-03-05,Summer,Net Banking,36933.57,3697.34,1719.21,6811.3,2771.36,4071.78,47861.0,3,47861.0,9572.2,15953.67
3027,634,413,40,2023-08-04,2023-08-14,2023-08-21,Monsoon,Net Banking,74576.74,7858.64,2681.18,4834.16,3968.54,5467.0,88452.26,7,88452.26,17690.45,12636.04
3028,587,113,36,2024-04-10,2024-05-11,2024-05-15,Summer,Debit Card,5590.44,7931.89,3828.99,5437.08,872.39,574.16,23086.63,4,23086.63,4617.33,5771.66
3029,917,391,33,2023-10-16,2023-10-21,2023-10-23,Autumn,Net Banking,10308.5,1240.16,4463.17,2212.06,817.03,244.83,18796.09,2,18796.09,3759.22,9398.04
3030,583,479,134,2024-01-01,2024-01-10,2024-01-17,Winter,Net Banking,29544.97,12700.94,3845.37,2677.92,3822.9,2436.75,50155.35,7,50155.35,10031.07,7165.05
3031,25,412,198,2023-04-04,2023-05-04,2023-05-09,Summer,Debit Card,70955.6,4091.95,4405.21,3006.97,3428.72,2683.54,83204.91,5,83204.91,16640.98,16640.98
3032,288,243,181,2023-12-09,2024-02-02,2024-02-07,Winter,Credit Card,61188.7,11450.88,9675.13,4737.95,7355.21,4849.48,89558.39,5,89558.39,17911.68,17911.68
3033,907,317,124,2023-12-27,2024-02-04,2024-02-06,Winter,Credit Card,8806.7,2123.8,2958.78,10945.37,4073.83,339.78,28568.7,2,28568.7,5713.74,14284.35
3034,636,415,186,2023-12-13,2023-12-24,2023-12-31,Winter,Credit Card,27671.77,14920.29,7090.92,13813.13,2609.97,2647.02,63459.06,7,63459.06,12691.81,9065.58
3035,695,220,123,2024-05-23,2024-07-15,2024-07-19,Monsoon,Net Banking,11190.64,9999.71,8182.08,14500.01,2316.99,1054.88,45134.55,4,45134.55,9026.91,11283.64
3036,892,373,124,2024-03-20,2024-04-25,2024-05-01,Summer,Credit Card,9306.96,18902.01,1949.25,10495.95,4793.33,863.97,44583.53,6,44583.53,8916.71,7430.59
3037,859,321,137,2024-04-24,2024-05-17,2024-05-23,Summer,Net Banking,9718.86,5830.4,1868.85,429.83,515.61,460.41,17903.14,6,17903.14,3580.63,2983.86
3038,220,100,104,2023-04-10,2023-05-01,2023-05-07,Summer,Cash,9437.88,9133.75,8300.21,16973.16,1015.01,217.89,44642.12,6,44642.12,8928.42,7440.35
3039,976,394,83,2024-05-07,2024-06-09,2024-06-13,Monsoon,Debit Card,9418.44,6874.63,4103.27,4341.66,1517.15,1005.07,25250.08,4,25250.08,5050.02,6312.52
3040,972,218,81,2023-03-01,2023-03-11,2023-03-13,Summer,Net Banking,2530.0,3561.32,1564.26,9862.08,1208.13,73.04,18652.75,2,18652.75,3730.55,9326.38
3041,829,179,122,2023-04-21,2023-06-16,2023-06-19,Monsoon,Net Banking,29128.32,11609.91,7481.26,17311.51,4808.58,3962.39,66377.19,3,66377.19,13275.44,22125.73
3042,802,485,188,2024-09-21,2024-11-18,2024-11-25,Autumn,Credit Card,45030.65,9120.3,3765.5,7134.81,3581.9,534.12,68099.04,7,68099.04,13619.81,9728.43
3043,171,396,188,2023-02-14,2023-03-10,2023-03-17,Summer,Debit Card,37991.24,14870.91,17734.65,24531.06,11613.42,5257.56,101483.72,7,101483.72,20296.74,14497.67
3044,130,48,44,2024-01-15,2024-03-04,2024-03-09,Summer,Cash,94817.1,11853.98,11731.2,32399.41,13953.38,12103.88,152651.19,5,152651.19,30530.24,30530.24
3045,894,233,1,2024-11-10,2024-12-08,2024-12-11,Winter,Credit Card,66596.85,3002.22,4728.44,4839.94,3398.43,4511.27,78054.61,3,78054.61,15610.92,26018.2
3046,75,7,177,2023-05-05,2023-06-13,2023-06-18,Monsoon,Cash,92243.15,13204.51,3773.47,17857.77,6138.25,1395.41,131821.74,5,131821.74,26364.35,26364.35
3047,485,454,119,2024-04-04,2024-05-14,2024-05-20,Summer,UPI,34056.78,8501.17,5159.62,17586.1,3059.59,1622.0,66741.26,6,66741.26,13348.25,11123.54
3048,455,474,107,2024-04-18,2024-05-23,2024-05-26,Summer,Cash,12724.98,5728.81,4593.81,16209.2,1114.24,1384.12,38986.92,3,38986.92,7797.38,12995.64
3049,998,343,30,2024-06-27,2024-08-24,2024-08-26,Monsoon,Credit Card,9415.3,1795.12,3897.99,8818.45,1735.28,913.02,24749.12,2,24749.12,4949.82,12374.56
3050,64,348,21,2023-08-27,2023-10-12,2023-10-14,Autumn,Cash,3687.02,2829.76,2519.92,6674.29,3080.99,77.89,18714.09,2,18714.09,3742.82,9357.04
3051,60,334,158,2024-04-09,2024-05-05,2024-05-12,Summer,Cash,6283.83,14210.86,6854.53,6505.16,6976.36,573.69,40257.05,7,40257.05,8051.41,5751.01
3052,723,177,101,2023-09-13,2023-11-08,2023-11-14,Autumn,UPI,6366.6,6884.34,2705.07,13621.72,5205.29,553.57,34229.45,6,34229.45,6845.89,5704.91
3053,996,466,28,2023-10-29,2023-11-14,2023-11-20,Autumn,Cash,28130.16,3783.8,3878.56,7291.86,1891.62,2791.8,42184.2,6,42184.2,8436.84,7030.7
3054,811,466,28,2023-03-02,2023-03-12,2023-03-19,Summer,Cash,32818.52,20744.6,17007.23,9868.02,8949.57,2005.6,87382.34,7,87382.34,17476.47,12483.19
3055,330,223,77,2024-05-02,2024-06-15,2024-06-22,Monsoon,Debit Card,76745.9,6485.93,1579.89,9021.09,1412.06,8102.43,87142.44,7,87142.44,17428.49,12448.92
3056,475,199,151,2024-04-01,2024-04-24,2024-04-27,Summer,Credit Card,6672.03,7699.6,3859.56,5425.58,4697.04,201.2,28152.61,3,28152.61,5630.52,9384.2
3057,401,271,76,2024-02-11,2024-03-17,2024-03-19,Summer,Cash,5495.82,6315.4,7107.14,11674.02,3349.2,346.75,33594.83,2,33594.83,6718.97,16797.42
3058,173,287,28,2023-08-25,2023-09-18,2023-09-22,Autumn,UPI,17705.04,5157.28,1617.46,1398.56,2168.72,546.38,27500.68,4,27500.68,5500.14,6875.17
3059,105,442,145,2024-12-06,2024-12-17,2024-12-20,Winter,Cash,31720.2,11203.82,5146.79,8048.54,2861.67,1218.56,57762.46,3,57762.46,11552.49,19254.15
3060,107,319,18,2024-05-06,2024-06-09,2024-06-14,Monsoon,UPI,12171.4,7862.7,4399.12,1290.57,1903.27,1115.25,26511.81,5,26511.81,5302.36,5302.36
3061,529,409,156,2023-03-03,2023-04-14,2023-04-17,Summer,Credit Card,10500.75,7289.98,2577.2,2086.24,3600.97,1034.93,25020.21,3,25020.21,5004.04,8340.07
3062,645,284,14,2024-03-18,2024-04-21,2024-04-23,Summer,UPI,4563.54,1021.32,1092.04,8055.77,2038.67,467.5,16303.84,2,16303.84,3260.77,8151.92
3063,727,270,58,2024-11-13,2024-12-14,2024-12-18,Winter,Cash,50204.32,4757.77,2192.47,2258.45,2832.72,895.72,61350.01,4,61350.01,12270.0,15337.5
3064,468,224,88,2022-12-11,2023-01-07,2023-01-13,Winter,UPI,12451.2,28317.33,12775.76,31452.84,3407.1,478.35,87925.88,6,87925.88,17585.18,14654.31
3065,130,147,16,2023-08-14,2023-10-13,2023-10-15,Autumn,Debit Card,13962.66,13103.55,15219.73,11131.79,7938.76,1466.43,59890.06,2,59890.06,11978.01,29945.03
3066,362,160,127,2024-04-23,2024-05-04,2024-05-11,Summer,Cash,6051.78,20771.51,2260.82,1996.34,5715.08,419.82,36375.71,7,36375.71,7275.14,5196.53
3067,228,291,153,2023-07-06,2023-07-21,2023-07-27,Monsoon,Cash,19312.56,10374.23,1941.19,8050.05,2319.22,816.14,41181.11,6,41181.11,8236.22,6863.52
3068,917,364,108,2022-12-02,2023-01-05,2023-01-10,Winter,Credit Card,11215.65,3515.97,2769.77,4898.38,867.89,541.19,22726.47,5,22726.47,4545.29,4545.29
3069,663,257,2,2023-10-30,2023-12-27,2024-01-02,Winter,Credit Card,14340.12,37791.3,4984.0,16232.15,5219.78,1225.91,77341.44,6,77341.44,15468.29,12890.24
3070,967,130,46,2023-01-05,2023-01-22,2023-01-24,Winter,Cash,21057.3,5570.61,3279.79,11323.5,1313.07,1270.88,41273.39,2,41273.39,8254.68,20636.7
3071,848,50,12,2024-11-01,2024-12-11,2024-12-18,Winter,UPI,97951.84,6922.5,6800.65,4411.89,3550.93,4730.37,114907.44,7,114907.44,22981.49,16415.35
3072,842,213,91,2024-06-28,2024-08-05,2024-08-07,Monsoon,Debit Card,7363.78,3085.21,8125.7,5764.44,2024.04,457.35,25905.82,2,25905.82,5181.16,12952.91
3073,14,284,14,2022-11-23,2023-01-22,2023-01-24,Winter,Cash,4563.54,6610.43,6091.66,138.54,2732.0,0.32,20135.85,2,20135.85,4027.17,10067.92
3074,951,100,104,2023-05-19,2023-06-18,2023-06-24,Monsoon,Net Banking,9437.88,17333.32,8287.81,13112.94,5389.76,72.36,53489.35,6,53489.35,10697.87,8914.89
3075,774,98,71,2022-11-04,2023-01-02,2023-01-08,Winter,Credit Card,44980.62,22193.4,5392.81,14758.8,7576.77,1383.62,93518.78,6,93518.78,18703.76,15586.46
3076,725,303,188,2024-05-25,2024-06-06,2024-06-10,Monsoon,UPI,40044.92,2414.57,4404.88,6968.2,3914.39,5959.49,51787.47,4,51787.47,10357.49,12946.87
3077,61,229,3,2022-11-25,2023-01-15,2023-01-18,Winter,Cash,13949.79,8071.54,7789.11,12501.63,2842.0,1718.97,43435.1,3,43435.1,8687.02,14478.37
3078,159,340,130,2023-06-02,2023-07-11,2023-07-14,Monsoon,UPI,39006.84,7428.39,6865.12,7027.97,4424.51,4513.24,60239.59,3,60239.59,12047.92,20079.86
3079,653,420,193,2024-05-26,2024-06-20,2024-06-24,Monsoon,Cash,4710.2,2530.68,3437.5,7712.48,3112.66,664.24,20839.28,4,20839.28,4167.86,5209.82
3080,369,186,112,2024-07-18,2024-09-15,2024-09-18,Autumn,Cash,16009.29,8845.13,4100.36,13095.89,5533.48,1959.64,45624.51,3,45624.51,9124.9,15208.17
3081,100,455,166,2023-05-18,2023-06-12,2023-06-18,Monsoon,Net Banking,14716.14,6291.11,1074.2,6362.45,2554.57,190.48,30807.99,6,30807.99,6161.6,5134.66
3082,737,300,36,2023-06-08,2023-07-26,2023-08-01,Monsoon,UPI,74012.7,7160.72,5744.13,6554.92,5610.49,7239.36,91843.6,6,91843.6,18368.72,15307.27
3083,192,238,96,2023-06-13,2023-07-09,2023-07-13,Monsoon,Cash,36031.12,2485.26,1284.13,9523.81,3854.4,2557.52,50621.2,4,50621.2,10124.24,12655.3
3084,166,263,182,2023-12-28,2024-02-18,2024-02-23,Winter,UPI,8611.2,12423.21,2109.07,794.01,6373.12,543.65,29766.96,5,29766.96,5953.39,5953.39
3085,566,467,147,2024-08-21,2024-10-12,2024-10-18,Autumn,Credit Card,12443.22,11820.46,2973.0,1853.99,574.92,104.16,29561.43,6,29561.43,5912.29,4926.9
3086,654,339,71,2024-01-20,2024-01-26,2024-01-28,Winter,Cash,11437.72,13357.18,7707.23,7571.57,11409.94,1139.86,50343.78,2,50343.78,10068.76,25171.89
3087,330,229,3,2023-04-08,2023-05-22,2023-05-25,Summer,UPI,13949.79,3047.3,4277.12,6975.0,1807.64,1331.46,28725.39,3,28725.39,5745.08,9575.13
3088,513,13,117,2024-07-19,2024-09-14,2024-09-20,Autumn,Credit Card,11662.26,3012.93,2357.84,6533.12,889.27,1365.18,23090.24,6,23090.24,4618.05,3848.37
3089,390,439,59,2023-02-25,2023-04-10,2023-04-17,Summer,UPI,25941.02,21131.25,6684.36,84.04,7030.49,1342.27,59528.89,7,59528.89,11905.78,8504.13
3090,586,355,193,2023-12-12,2024-01-05,2024-01-12,Winter,UPI,21829.64,11701.57,1202.47,9387.52,3330.87,1548.94,45903.13,7,45903.13,9180.63,6557.59
3091,497,460,42,2024-01-14,2024-02-18,2024-02-23,Winter,UPI,45979.1,5935.59,1971.26,8979.06,690.26,4732.61,58822.66,5,58822.66,11764.53,11764.53
3092,218,171,106,2023-06-09,2023-06-20,2023-06-27,Monsoon,Credit Card,29288.7,6998.42,6773.71,7516.25,2582.32,2021.82,51137.58,7,51137.58,10227.52,7305.37
3093,643,395,116,2023-07-06,2023-07-27,2023-07-30,Monsoon,Credit Card,10405.35,4550.81,1627.56,154.1,3233.45,879.78,19091.49,3,19091.49,3818.3,6363.83
3094,897,177,101,2023-03-29,2023-05-25,2023-05-30,Summer,Cash,5305.5,14957.55,7206.53,16753.71,6248.53,300.94,50170.88,5,50170.88,10034.18,10034.18
3095,981,231,128,2024-04-29,2024-05-12,2024-05-16,Summer,Cash,21304.0,8963.46,4590.19,7683.48,4784.25,78.2,47247.18,4,47247.18,9449.44,11811.8
3096,980,219,126,2024-09-12,2024-10-17,2024-10-23,Autumn,Debit Card,6119.94,8920.58,2239.52,9732.12,2155.41,205.78,28961.79,6,28961.79,5792.36,4826.96
3097,53,28,58,2023-12-10,2024-01-09,2024-01-16,Winter,UPI,36561.7,25473.62,7190.3,10285.71,9633.47,1914.67,87230.13,7,87230.13,17446.03,12461.45
3098,600,136,89,2024-07-07,2024-08-10,2024-08-12,Monsoon,UPI,4833.36,6218.6,6763.92,5604.63,1121.93,483.11,24059.33,2,24059.33,4811.87,12029.66
3099,395,109,178,2024-08-31,2024-10-02,2024-10-08,Autumn,UPI,87073.14,31819.82,15879.6,18812.71,9240.78,8467.85,154358.2,6,154358.2,30871.64,25726.37
3100,203,274,158,2024-06-07,2024-07-21,2024-07-25,Monsoon,UPI,51596.32,9689.56,2977.43,10347.6,6817.01,5148.06,76279.86,4,76279.86,15255.97,19069.96
3101,253,453,100,2023-12-01,2023-12-10,2023-12-16,Winter,Cash,6736.5,12856.29,8724.87,8316.33,1448.87,525.25,37557.61,6,37557.61,7511.52,6259.6
3102,882,56,48,2024-05-27,2024-07-15,2024-07-20,Monsoon,UPI,4728.4,9556.26,1774.71,516.02,1424.03,442.38,17557.04,5,17557.04,3511.41,3511.41
3103,3,444,191,2024-08-06,2024-08-20,2024-08-25,Monsoon,Credit Card,32597.85,17929.4,3408.13,7481.27,5748.82,2299.76,64865.71,5,64865.71,12973.14,12973.14
3104,619,106,65,2024-11-20,2024-12-25,2024-12-30,Winter,Cash,44401.9,6499.1,1848.94,5056.44,785.23,4208.32,54383.29,5,54383.29,10876.66,10876.66
3105,93,359,13,2024-10-23,2024-11-26,2024-12-01,Autumn,UPI,11200.75,9756.86,2265.56,6738.94,2388.83,317.63,32033.31,5,32033.31,6406.66,6406.66
3106,809,317,124,2024-03-16,2024-05-06,2024-05-08,Summer,Net Banking,8806.7,3511.68,3944.22,6401.94,596.94,424.42,22837.06,2,22837.06,4567.41,11418.53
3107,680,34,98,2024-01-04,2024-02-01,2024-02-05,Winter,Net Banking,12934.76,13662.54,5615.16,22615.83,11877.47,1460.01,65245.75,4,65245.75,13049.15,16311.44
3108,310,475,177,2024-03-26,2024-05-18,2024-05-23,Summer,Net Banking,16155.45,6799.19,2497.32,8709.68,829.25,413.35,34577.54,5,34577.54,6915.51,6915.51
3109,529,47,195,2024-02-26,2024-03-17,2024-03-22,Summer,Debit Card,72059.4,6637.93,6161.73,13795.74,3439.87,9930.68,92163.99,5,92163.99,18432.8,18432.8
3110,112,88,116,2024-05-30,2024-07-11,2024-07-18,Monsoon,Debit Card,16926.91,11238.24,8487.25,13860.73,1390.56,1902.1,50001.59,7,50001.59,10000.32,7143.08
3111,296,178,170,2024-03-23,2024-04-03,2024-04-08,Summer,Debit Card,4824.4,15447.97,5149.65,13886.34,2997.54,658.82,41647.08,5,41647.08,8329.42,8329.42
3112,290,306,195,2024-01-25,2024-02-07,2024-02-12,Winter,Credit Card,17388.7,6577.09,2517.37,4615.84,6587.49,86.85,37599.64,5,37599.64,7519.93,7519.93
3113,538,381,184,2023-12-09,2024-02-01,2024-02-08,Winter,Net Banking,16525.53,7572.64,4321.66,2737.94,1226.7,1684.92,30699.55,7,30699.55,6139.91,4385.65
3114,3,93,27,2024-06-17,2024-07-07,2024-07-14,Monsoon,UPI,9142.77,13823.7,2331.62,7262.3,2029.14,1103.57,33485.96,7,33485.96,6697.19,4783.71
3115,680,483,56,2023-05-28,2023-06-11,2023-06-13,Monsoon,UPI,2872.34,11387.81,16212.28,9683.42,9861.84,313.46,49704.23,2,49704.23,9940.85,24852.12
3116,970,180,140,2023-11-03,2023-11-16,2023-11-23,Autumn,Debit Card,24343.27,21039.54,9383.91,7317.12,2842.67,2718.32,62208.19,7,62208.19,12441.64,8886.88
3117,675,160,127,2023-07-05,2023-07-13,2023-07-20,Monsoon,Debit Card,6051.78,24260.88,9933.54,6676.03,5585.97,139.58,52368.62,7,52368.62,10473.72,7481.23
3118,173,132,173,2023-12-27,2024-01-24,2024-01-27,Winter,Credit Card,39130.14,4937.3,4579.48,9611.98,3976.94,3596.89,58638.95,3,58638.95,11727.79,19546.32
3119,5,137,27,2023-04-18,2023-05-16,2023-05-23,Summer,Debit Card,27776.84,5561.37,1206.01,4918.15,3132.03,1745.07,40849.33,7,40849.33,8169.87,5835.62
3120,814,463,151,2023-11-12,2023-12-08,2023-12-12,Winter,UPI,6204.76,15879.85,10931.31,21242.38,2597.66,716.78,56139.18,4,56139.18,11227.84,14034.8
3121,570,134,75,2024-09-02,2024-10-10,2024-10-15,Autumn,Cash,6061.95,13408.19,2350.36,6904.72,3517.01,646.91,31595.32,5,31595.32,6319.06,6319.06
3122,214,423,51,2023-09-12,2023-09-17,2023-09-22,Autumn,Cash,6093.1,9801.95,4877.81,4060.56,1859.1,528.28,26164.24,5,26164.24,5232.85,5232.85
3123,296,6,31,2024-07-06,2024-07-12,2024-07-14,Monsoon,Net Banking,9488.58,6159.45,1911.74,7422.74,6184.28,493.89,30672.9,2,30672.9,6134.58,15336.45
3124,331,265,4,2023-06-21,2023-07-21,2023-07-25,Monsoon,Cash,4188.24,7599.87,4470.07,4968.37,3261.93,447.15,24041.33,4,24041.33,4808.27,6010.33
3125,137,84,91,2024-02-28,2024-03-06,2024-03-10,Summer,Debit Card,52549.52,2108.86,2597.19,6902.01,2509.54,6837.25,59829.87,4,59829.87,11965.97,14957.47
3126,847,220,123,2024-07-30,2024-09-27,2024-09-29,Autumn,Debit Card,5595.32,2145.4,1968.72,5917.35,3166.21,668.9,18124.1,2,18124.1,3624.82,9062.05
3127,94,433,99,2023-04-19,2023-04-27,2023-04-30,Summer,Cash,17719.35,11845.91,5523.5,5198.91,3787.21,1092.82,42982.06,3,42982.06,8596.41,14327.35
3128,877,470,157,2023-12-04,2023-12-09,2023-12-16,Winter,Debit Card,173475.54,18320.69,8495.23,5363.04,1817.55,19210.08,188261.97,7,188261.97,37652.39,26894.57
3129,160,88,116,2023-04-16,2023-05-05,2023-05-12,Summer,Debit Card,16926.91,11626.98,1222.9,272.29,1167.39,1136.45,30080.02,7,30080.02,6016.0,4297.15
3130,961,310,104,2023-03-23,2023-05-09,2023-05-12,Summer,UPI,11842.35,1776.17,3344.21,4883.07,835.59,1655.6,21025.79,3,21025.79,4205.16,7008.6
3131,344,118,108,2024-07-01,2024-07-13,2024-07-20,Monsoon,Net Banking,35356.3,13972.93,1735.17,2806.78,3077.8,2754.85,54194.13,7,54194.13,10838.83,7742.02
3132,418,377,97,2024-06-02,2024-06-10,2024-06-16,Monsoon,Cash,27007.74,38929.7,10200.56,33621.85,4515.69,280.0,113995.54,6,113995.54,22799.11,18999.26
3133,282,2,189,2023-06-17,2023-07-21,2023-07-23,Monsoon,Cash,9395.2,2322.52,3967.87,18597.8,3637.02,181.6,37738.81,2,37738.81,7547.76,18869.4
3134,972,97,69,2024-10-10,2024-11-14,2024-11-21,Autumn,Debit Card,7213.5,7924.67,2959.53,9325.21,3232.52,464.54,30190.89,7,30190.89,6038.18,4312.98
3135,602,75,119,2024-04-20,2024-05-23,2024-05-28,Summer,Debit Card,5281.35,23685.07,14273.92,24883.53,4247.49,398.04,71973.32,5,71973.32,14394.66,14394.66
3136,66,144,179,2023-04-20,2023-05-06,2023-05-09,Summer,Cash,3156.45,5343.65,1787.17,7207.2,789.5,236.78,18047.19,3,18047.19,3609.44,6015.73
3137,951,167,47,2023-02-09,2023-03-07,2023-03-13,Summer,Credit Card,7053.12,12926.07,5882.76,548.13,5066.32,746.27,30730.13,6,30730.13,6146.03,5121.69
3138,942,419,39,2023-08-16,2023-09-09,2023-09-11,Autumn,Debit Card,5225.58,1934.5,4697.77,1855.25,3955.72,197.24,17471.58,2,17471.58,3494.32,8735.79
3139,379,199,151,2023-05-01,2023-06-17,2023-06-24,Monsoon,Cash,15568.07,5815.42,3824.93,9050.55,2940.69,813.71,36385.95,7,36385.95,7277.19,5197.99
3140,287,213,91,2023-09-22,2023-11-07,2023-11-12,Autumn,UPI,18409.45,6694.05,9385.16,17181.36,4869.72,2243.54,54296.2,5,54296.2,10859.24,10859.24
3141,907,476,30,2023-10-16,2023-11-23,2023-11-28,Autumn,Cash,10157.35,13193.09,5994.08,14179.75,1402.03,1379.84,43546.46,5,43546.46,8709.29,8709.29
3142,949,313,124,2023-01-18,2023-01-25,2023-01-31,Winter,UPI,10826.04,10912.5,5271.97,10266.88,1272.93,1135.62,37414.7,6,37414.7,7482.94,6235.78
3143,190,177,101,2024-10-17,2024-11-05,2024-11-08,Autumn,Debit Card,3183.3,2813.47,5270.79,10072.06,6406.05,33.44,27712.23,3,27712.23,5542.45,9237.41
3144,447,309,94,2024-10-26,2024-12-13,2024-12-18,Winter,UPI,8391.65,21592.22,12673.53,12602.93,11163.75,123.32,66300.76,5,66300.76,13260.15,13260.15
3145,561,128,43,2024-08-31,2024-09-28,2024-09-30,Autumn,Cash,11154.14,10490.67,9086.25,4909.63,12363.59,766.41,47237.87,2,47237.87,9447.57,23618.94
3146,962,443,38,2023-12-08,2023-12-24,2023-12-28,Winter,Debit Card,9184.88,6064.92,2475.93,8017.64,2837.97,363.97,28217.37,4,28217.37,5643.47,7054.34
3147,641,53,99,2023-08-26,2023-10-25,2023-10-29,Autumn,UPI,6605.4,6433.19,1711.76,3032.81,750.97,418.94,18115.19,4,18115.19,3623.04,4528.8
3148,418,229,3,2023-05-11,2023-06-26,2023-07-02,Monsoon,UPI,27899.58,41569.14,14241.15,20463.27,5607.94,148.16,109632.92,6,109632.92,21926.58,18272.15
3149,206,218,81,2023-10-04,2023-10-27,2023-10-31,Autumn,Debit Card,5060.0,15740.95,3247.06,8603.51,2894.58,551.39,34994.71,4,34994.71,6998.94,8748.68
3150,231,72,28,2023-11-21,2023-12-10,2023-12-14,Winter,Credit Card,4331.12,6172.93,4622.73,8411.22,3982.08,134.97,27385.11,4,27385.11,5477.02,6846.28
3151,73,177,101,2023-11-13,2024-01-07,2024-01-09,Winter,Credit Card,2122.2,2826.09,2340.6,8433.12,1939.42,78.77,17582.66,2,17582.66,3516.53,8791.33
3152,933,16,187,2024-06-18,2024-08-08,2024-08-10,Monsoon,Debit Card,4975.72,2981.2,4907.61,14752.55,6399.33,205.72,33810.69,2,33810.69,6762.14,16905.34
3153,455,145,132,2024-08-31,2024-10-02,2024-10-07,Autumn,Net Banking,109707.6,8421.37,2975.95,7444.39,6799.75,3830.27,131518.79,5,131518.79,26303.76,26303.76
3154,478,338,18,2024-09-07,2024-09-17,2024-09-24,Autumn,Credit Card,85829.73,11183.24,3932.65,1091.37,1530.14,10805.66,92761.47,7,92761.47,18552.29,13251.64
3155,297,269,176,2024-10-01,2024-11-13,2024-11-20,Autumn,UPI,14363.02,26791.34,2838.28,14777.82,4376.56,1543.57,61603.45,7,61603.45,12320.69,8800.49
3156,669,11,52,2024-01-10,2024-01-19,2024-01-21,Winter,Credit Card,2715.6,2317.96,3794.53,6877.14,3061.88,328.15,18438.96,2,18438.96,3687.79,9219.48
3157,940,292,55,2023-01-28,2023-03-10,2023-03-16,Summer,Debit Card,15418.92,5663.68,8694.85,5204.94,6495.51,197.98,41279.92,6,41279.92,8255.98,6879.99
3158,76,31,19,2024-06-04,2024-06-22,2024-06-24,Monsoon,Credit Card,9794.44,6804.29,4963.75,186.66,1617.15,1069.46,22296.83,2,22296.83,4459.37,11148.42
3159,526,234,200,2023-11-12,2023-12-13,2023-12-15,Winter,Net Banking,4676.24,4202.31,7630.97,11654.68,2583.82,185.8,30562.22,2,30562.22,6112.44,15281.11
3160,234,177,101,2024-12-07,2024-12-13,2024-12-19,Winter,UPI,6366.6,4083.96,3877.51,9313.32,2159.45,654.45,25146.39,6,25146.39,5029.28,4191.06
3161,67,176,49,2024-09-23,2024-10-04,2024-10-08,Autumn,Credit Card,12244.24,2704.89,4628.86,4344.26,3527.57,864.84,26584.98,4,26584.98,5317.0,6646.24
3162,99,132,173,2024-05-03,2024-05-20,2024-05-24,Summer,Credit Card,52173.52,3986.22,2556.28,15426.13,6969.96,81.53,81030.58,4,81030.58,16206.12,20257.64
3163,261,489,83,2024-08-12,2024-09-06,2024-09-10,Autumn,Debit Card,16516.4,5457.84,7590.12,9935.56,4494.84,184.28,43810.48,4,43810.48,8762.1,10952.62
3164,150,4,123,2024-06-17,2024-06-24,2024-06-30,Monsoon,UPI,18258.84,11775.86,7796.87,3535.99,7484.84,1503.05,47349.35,6,47349.35,9469.87,7891.56
3165,448,369,40,2024-09-10,2024-10-22,2024-10-25,Autumn,UPI,35697.15,4945.88,1920.94,2347.89,636.42,3599.09,41949.19,3,41949.19,8389.84,13983.06
3166,945,477,50,2023-06-17,2023-06-26,2023-07-02,Monsoon,Credit Card,33987.9,11495.27,3820.72,2688.9,706.23,4136.35,48562.67,6,48562.67,9712.53,8093.78
3167,626,350,126,2023-06-06,2023-07-27,2023-08-02,Monsoon,Net Banking,18726.42,22946.87,2884.77,15826.71,1950.02,1968.54,60366.25,6,60366.25,12073.25,10061.04
3168,812,330,102,2024-03-04,2024-03-28,2024-04-04,Summer,Credit Card,14498.96,7022.03,3364.63,9038.54,2679.18,1741.01,34862.33,7,34862.33,6972.47,4980.33
3169,272,326,134,2024-03-20,2024-03-27,2024-03-30,Summer,Net Banking,57381.84,6837.35,7158.2,9584.07,4727.82,6109.72,79579.56,3,79579.56,15915.91,26526.52
3170,641,305,46,2024-10-30,2024-12-09,2024-12-11,Winter,Credit Card,4102.12,1112.58,1280.28,7659.37,2479.34,448.93,16184.76,2,16184.76,3236.95,8092.38
3171,716,450,110,2024-06-01,2024-06-07,2024-06-14,Monsoon,Net Banking,34589.31,8673.45,2990.75,5166.55,2821.28,2363.4,51877.94,7,51877.94,10375.59,7411.13
3172,520,35,26,2022-11-29,2023-01-17,2023-01-20,Winter,UPI,37848.87,11645.74,6026.54,15847.62,5431.38,472.61,76327.54,3,76327.54,15265.51,25442.51
3173,712,441,80,2023-11-01,2023-12-24,2023-12-26,Winter,UPI,3062.22,4253.79,3084.59,10114.68,5132.55,363.54,25284.29,2,25284.29,5056.86,12642.14
3174,395,43,142,2024-12-06,2024-12-21,2024-12-23,Winter,Credit Card,9777.54,8419.14,17634.17,5437.06,12025.45,477.23,52816.13,2,52816.13,10563.23,26408.06
3175,120,348,21,2024-01-14,2024-03-02,2024-03-08,Summer,Net Banking,11061.06,41615.81,9695.09,3972.77,2901.69,1599.87,67646.55,6,67646.55,13529.31,11274.42
3176,568,139,149,2023-01-14,2023-01-20,2023-01-27,Winter,Cash,64904.84,5395.56,3620.81,9461.02,2171.38,8744.49,76809.12,7,76809.12,15361.82,10972.73
3177,222,388,112,2024-04-13,2024-06-08,2024-06-11,Monsoon,Debit Card,13016.37,10346.02,6764.22,19403.49,1308.31,763.5,50074.91,3,50074.91,10014.98,16691.64
3178,415,330,102,2024-10-07,2024-12-01,2024-12-08,Winter,UPI,14498.96,25989.55,11176.21,954.33,2265.17,1808.34,53075.88,7,53075.88,10615.18,7582.27
3179,50,348,21,2023-11-01,2023-12-02,2023-12-09,Winter,Cash,12904.57,5461.6,1191.82,7097.01,3165.72,1605.56,28215.16,7,28215.16,5643.03,4030.74
3180,360,500,84,2024-11-16,2024-12-10,2024-12-12,Winter,Cash,3411.34,4899.13,3873.04,1215.53,1698.87,108.06,14989.85,2,14989.85,2997.97,7494.92
3181,68,201,166,2023-01-07,2023-01-23,2023-01-29,Winter,Cash,27638.1,15282.33,2104.62,7180.71,4561.94,3160.37,53607.33,6,53607.33,10721.47,8934.56
3182,517,57,22,2024-06-11,2024-07-20,2024-07-23,Monsoon,Net Banking,14875.86,3719.92,2054.11,143.47,968.76,2109.73,19652.39,3,19652.39,3930.48,6550.8
3183,461,227,13,2023-03-11,2023-05-04,2023-05-09,Summer,Net Banking,9555.3,10424.96,4473.72,17442.8,7180.01,1132.61,47944.18,5,47944.18,9588.84,9588.84
3184,286,97,69,2024-08-22,2024-10-21,2024-10-24,Autumn,Credit Card,3091.5,5392.48,5009.58,11603.24,5088.37,61.34,30123.83,3,30123.83,6024.77,10041.28
3185,182,318,160,2023-03-18,2023-04-27,2023-05-02,Summer,Credit Card,10155.6,9303.94,4787.31,588.88,1985.75,443.5,26377.98,5,26377.98,5275.6,5275.6
3186,440,227,13,2024-08-19,2024-09-16,2024-09-19,Autumn,UPI,5733.18,5741.25,4554.42,2483.33,2814.87,843.62,20483.43,3,20483.43,4096.69,6827.81
3187,506,146,143,2023-03-11,2023-03-16,2023-03-22,Summer,Credit Card,9512.82,8166.64,5099.0,805.77,6106.69,36.77,29654.15,6,29654.15,5930.83,4942.36
3188,505,277,136,2023-01-30,2023-02-04,2023-02-07,Winter,Debit Card,7376.67,5109.91,1022.09,1522.26,1337.67,1003.18,15365.42,3,15365.42,3073.08,5121.81
3189,833,394,83,2023-04-15,2023-05-19,2023-05-23,Summer,Net Banking,9418.44,6225.76,3139.07,7968.27,898.2,565.88,27083.86,4,27083.86,5416.77,6770.96
3190,87,289,76,2023-12-16,2024-01-09,2024-01-13,Winter,Cash,7805.56,2287.86,1893.54,5899.81,3107.0,826.72,20167.05,4,20167.05,4033.41,5041.76
3191,909,205,170,2024-09-07,2024-09-21,2024-09-24,Autumn,Debit Card,5263.44,5933.36,3759.27,8815.46,962.82,82.63,24651.72,3,24651.72,4930.34,8217.24
3192,349,138,24,2023-05-16,2023-07-06,2023-07-11,Monsoon,Credit Card,75109.85,14566.49,3096.58,11694.42,6263.98,4644.82,106086.5,5,106086.5,21217.3,21217.3
3193,739,170,90,2023-07-16,2023-08-23,2023-08-29,Monsoon,UPI,13155.54,12895.08,6057.14,8014.18,2751.23,1929.8,40943.37,6,40943.37,8188.67,6823.9
3194,590,460,42,2023-02-08,2023-03-22,2023-03-27,Summer,UPI,45979.1,5142.08,4507.3,9633.89,2362.85,1215.4,66409.82,5,66409.82,13281.96,13281.96
3195,555,151,48,2024-04-09,2024-06-03,2024-06-10,Monsoon,UPI,14970.2,6688.44,1895.43,7161.01,1286.08,1517.65,30483.51,7,30483.51,6096.7,4354.79
3196,452,463,151,2023-03-22,2023-05-20,2023-05-22,Summer,Cash,3102.38,7156.31,8488.09,28004.9,7694.84,142.38,54304.14,2,54304.14,10860.83,27152.07
3197,402,386,80,2023-04-30,2023-05-21,2023-05-24,Summer,Cash,37341.75,2829.9,2940.82,16784.74,1945.42,2728.95,59113.68,3,59113.68,11822.74,19704.56
3198,960,408,141,2023-04-10,2023-05-10,2023-05-17,Summer,Credit Card,10506.86,6832.12,4157.97,8974.91,1058.77,1190.68,30339.95,7,30339.95,6067.99,4334.28
3199,437,252,122,2023-05-20,2023-06-27,2023-07-03,Monsoon,Net Banking,5963.04,3398.02,1078.93,9454.27,1995.19,283.85,21605.6,6,21605.6,4321.12,3600.93
3200,907,319,18,2023-05-30,2023-06-23,2023-06-26,Monsoon,UPI,7302.84,9565.0,4395.84,2354.32,4532.8,609.92,27540.88,3,27540.88,5508.18,9180.29
3201,338,129,1,2023-11-04,2023-12-21,2023-12-25,Winter,UPI,48629.48,5756.04,1071.05,2325.62,2509.91,2913.4,57378.7,4,57378.7,11475.74,14344.68
3202,540,453,100,2024-10-15,2024-11-13,2024-11-19,Autumn,Credit Card,6736.5,7708.58,4995.81,2942.13,2358.7,1006.87,23734.85,6,23734.85,4746.97,3955.81
3203,141,310,104,2024-06-22,2024-07-08,2024-07-15,Monsoon,Cash,27632.15,19712.86,3405.12,1381.11,5075.62,834.78,56372.08,7,56372.08,11274.42,8053.15
3204,491,9,171,2023-10-13,2023-10-20,2023-10-24,Autumn,Cash,47213.68,6176.14,3065.54,9438.13,764.96,439.9,66218.55,4,66218.55,13243.71,16554.64
3205,728,392,188,2023-09-16,2023-10-08,2023-10-12,Autumn,Credit Card,13730.68,3076.09,3111.25,6028.98,2759.58,517.93,28188.65,4,28188.65,5637.73,7047.16
3206,280,386,80,2022-12-15,2023-02-07,2023-02-12,Winter,Cash,62236.25,23063.66,7982.2,17692.32,13217.83,2871.26,121321.0,5,121321.0,24264.2,24264.2
3207,905,180,140,2023-12-01,2024-01-08,2024-01-11,Winter,Credit Card,10432.83,5193.51,3379.33,8260.71,708.5,1112.64,26862.24,3,26862.24,5372.45,8954.08
3208,57,227,13,2024-04-16,2024-06-15,2024-06-19,Monsoon,UPI,7644.24,3606.33,7396.57,3421.98,5624.39,555.16,27138.35,4,27138.35,5427.67,6784.59
3209,930,436,91,2024-08-15,2024-08-23,2024-08-30,Monsoon,Debit Card,41887.86,13717.51,5056.86,3910.98,3351.02,1690.95,66233.28,7,66233.28,13246.66,9461.9
3210,996,130,46,2023-04-20,2023-06-12,2023-06-14,Monsoon,Net Banking,21057.3,3203.75,1599.32,3159.88,1955.1,203.38,30771.97,2,30771.97,6154.39,15385.98
3211,282,261,155,2023-12-02,2023-12-23,2023-12-30,Winter,Debit Card,9157.05,15748.09,6365.42,1503.87,4692.46,955.15,36511.74,7,36511.74,7302.35,5215.96
3212,698,186,112,2024-06-29,2024-07-07,2024-07-12,Monsoon,Credit Card,26682.15,4453.24,4649.65,294.83,2224.1,1020.26,37283.71,5,37283.71,7456.74,7456.74
3213,89,305,46,2023-03-16,2023-03-24,2023-03-26,Summer,Cash,4102.12,2637.45,4768.7,9193.56,2174.21,522.4,22353.64,2,22353.64,4470.73,11176.82
3214,338,475,177,2024-07-14,2024-07-27,2024-08-01,Monsoon,Cash,16155.45,4370.55,4228.67,5568.6,2171.53,926.74,31568.06,5,31568.06,6313.61,6313.61
3215,267,1,50,2024-02-23,2024-04-16,2024-04-18,Summer,UPI,24622.38,2033.65,4543.79,4517.04,2805.42,24.04,38498.24,2,38498.24,7699.65,19249.12
3216,131,273,120,2023-06-18,2023-08-14,2023-08-18,Monsoon,Net Banking,4245.2,7784.67,1723.36,2227.52,2836.7,304.81,18512.64,4,18512.64,3702.53,4628.16
3217,398,92,94,2024-08-24,2024-10-11,2024-10-15,Autumn,Credit Card,8368.04,3406.19,2219.8,6338.95,2285.58,1239.25,21379.31,4,21379.31,4275.86,5344.83
3218,587,127,183,2024-06-23,2024-07-20,2024-07-24,Monsoon,Debit Card,6573.8,4395.86,2193.59,9391.02,1134.21,48.41,23640.07,4,23640.07,4728.01,5910.02
3219,593,135,188,2024-04-18,2024-05-09,2024-05-14,Summer,Net Banking,32528.3,18667.38,16218.99,25138.85,9490.21,4774.02,97269.71,5,97269.71,19453.94,19453.94
3220,725,438,101,2023-10-28,2023-12-18,2023-12-25,Winter,Net Banking,11796.54,7543.45,3764.94,6066.81,3421.87,110.48,32483.13,7,32483.13,6496.63,4640.45
3221,879,123,15,2024-06-10,2024-06-24,2024-06-30,Monsoon,Net Banking,22880.94,3565.0,4504.06,7693.1,2311.97,931.55,40023.52,6,40023.52,8004.7,6670.59
3222,996,333,112,2023-06-18,2023-07-01,2023-07-07,Monsoon,Cash,85825.2,9202.51,2864.59,7168.06,2421.9,4000.29,103481.97,6,103481.97,20696.39,17247.0
3223,894,434,137,2024-04-18,2024-05-02,2024-05-08,Summer,UPI,146612.7,10381.17,3142.47,74.08,2946.08,11338.18,151818.32,6,151818.32,30363.66,25303.05
3224,395,360,25,2023-05-29,2023-07-18,2023-07-23,Monsoon,Net Banking,17219.25,14382.8,16519.0,9177.89,10080.34,1259.52,66119.76,5,66119.76,13223.95,13223.95
3225,315,225,5,2023-11-07,2023-12-04,2023-12-09,Winter,Cash,14223.8,10657.4,5259.06,16971.45,1435.99,1897.27,46650.43,5,46650.43,9330.09,9330.09
3226,126,430,179,2023-10-12,2023-12-03,2023-12-08,Winter,Debit Card,11701.35,9604.16,5210.74,1544.46,5574.93,1268.13,32367.51,5,32367.51,6473.5,6473.5
3227,203,33,63,2023-02-21,2023-04-03,2023-04-10,Summer,Credit Card,10319.89,13818.45,4790.82,13946.04,1657.81,262.56,44270.45,7,44270.45,8854.09,6324.35
3228,765,346,192,2024-07-17,2024-08-16,2024-08-19,Monsoon,Credit Card,6159.27,3759.94,1720.63,4644.43,3907.8,582.05,19610.02,3,19610.02,3922.0,6536.67
3229,129,132,173,2024-06-08,2024-06-15,2024-06-22,Monsoon,Net Banking,91303.66,16474.5,15726.28,3312.08,5172.64,9115.62,122873.54,7,122873.54,24574.71,17553.36
3230,368,236,81,2024-07-07,2024-08-15,2024-08-19,Monsoon,Debit Card,21619.92,11353.28,8142.45,5448.03,8134.72,3181.65,51516.75,4,51516.75,10303.35,12879.19
3231,27,402,16,2024-08-16,2024-08-25,2024-08-28,Monsoon,Net Banking,15864.33,4637.33,4256.05,2314.38,2701.5,1980.59,27793.0,3,27793.0,5558.6,9264.33
3232,838,388,112,2023-02-15,2023-03-12,2023-03-18,Summer,Debit Card,26032.74,19291.41,8630.15,10032.69,6107.91,1301.3,68793.6,6,68793.6,13758.72,11465.6
3233,456,48,44,2023-05-19,2023-07-15,2023-07-17,Monsoon,Net Banking,37926.84,2368.63,3612.64,9751.43,2620.03,4703.16,51576.41,2,51576.41,10315.28,25788.2
3234,120,108,133,2024-02-04,2024-02-28,2024-03-03,Winter,Debit Card,7930.08,19156.39,6381.56,32029.53,3833.04,383.49,68947.11,4,68947.11,13789.42,17236.78
3235,9,438,101,2024-01-19,2024-02-08,2024-02-15,Winter,Debit Card,11796.54,21710.12,2437.53,1804.18,3024.98,530.69,40242.66,7,40242.66,8048.53,5748.95
3236,414,231,128,2023-03-29,2023-05-10,2023-05-16,Summer,Cash,31956.0,6223.49,3283.36,8524.2,2071.51,202.66,51855.9,6,51855.9,10371.18,8642.65
3237,98,360,25,2023-07-11,2023-08-12,2023-08-18,Monsoon,Debit Card,20663.1,6327.22,1784.71,411.13,3646.4,2484.57,30347.99,6,30347.99,6069.6,5058.0
3238,222,169,182,2023-12-28,2024-02-26,2024-02-29,Winter,Net Banking,4677.81,10873.12,6928.62,10312.35,6624.66,682.58,38733.98,3,38733.98,7746.8,12911.33
3239,448,257,2,2024-03-23,2024-05-21,2024-05-25,Summer,UPI,9560.08,6316.14,4591.03,5077.59,909.75,948.88,25505.71,4,25505.71,5101.14,6376.43
3240,954,489,83,2023-02-23,2023-03-26,2023-03-31,Summer,Debit Card,20645.5,24242.5,12726.13,13572.26,10742.22,71.28,81857.33,5,81857.33,16371.47,16371.47
3241,144,445,196,2024-10-22,2024-12-05,2024-12-11,Winter,Debit Card,10977.18,9807.13,1358.32,8295.08,1432.25,432.46,31437.5,6,31437.5,6287.5,5239.58
3242,218,329,46,2024-10-01,2024-11-02,2024-11-08,Autumn,Net Banking,18090.66,14172.22,3020.29,10365.32,5548.53,1363.96,49833.06,6,49833.06,9966.61,8305.51
3243,138,448,196,2023-02-11,2023-03-01,2023-03-07,Summer,Debit Card,7070.04,9509.66,3460.76,1919.7,3148.47,1030.75,24077.88,6,24077.88,4815.58,4012.98
3244,902,428,88,2023-12-07,2023-12-12,2023-12-19,Winter,UPI,10955.7,20055.25,9521.86,9801.42,3980.68,714.16,53600.75,7,53600.75,10720.15,7657.25
3245,771,32,78,2024-07-10,2024-07-17,2024-07-20,Monsoon,Credit Card,7179.51,2896.61,4867.69,308.04,3525.51,351.86,18425.5,3,18425.5,3685.1,6141.83
3246,714,139,149,2023-09-08,2023-11-03,2023-11-10,Autumn,Debit Card,64904.84,17079.51,16116.2,9871.47,13362.44,4052.86,117281.6,7,117281.6,23456.32,16754.51
3247,938,184,183,2023-05-26,2023-06-06,2023-06-13,Monsoon,Credit Card,151253.62,4757.03,4943.01,2660.64,1663.31,14324.28,150953.33,7,150953.33,30190.67,21564.76
3248,672,332,42,2023-07-08,2023-08-25,2023-08-30,Monsoon,Cash,26087.4,28855.98,5151.79,13641.39,14289.02,3463.8,84561.78,5,84561.78,16912.36,16912.36
3249,819,337,71,2023-01-10,2023-02-08,2023-02-12,Winter,Credit Card,5957.08,9881.26,5330.38,19085.27,4982.88,16.15,45220.72,4,45220.72,9044.14,11305.18
3250,862,424,176,2024-02-02,2024-03-18,2024-03-21,Summer,Net Banking,35152.44,1612.76,3280.08,272.96,3573.44,392.97,43498.71,3,43498.71,8699.74,14499.57
3251,845,267,92,2022-11-15,2023-01-11,2023-01-18,Winter,Debit Card,95762.45,13895.3,2665.41,6240.68,1521.96,8740.23,111345.57,7,111345.57,22269.11,15906.51
3252,373,324,148,2023-11-29,2023-12-21,2023-12-27,Winter,Net Banking,96668.4,9736.33,2470.57,17005.04,3898.37,13716.1,116062.61,6,116062.61,23212.52,19343.77
3253,381,101,188,2023-01-24,2023-02-12,2023-02-15,Winter,UPI,6735.54,11687.09,7960.15,18541.33,5740.11,1007.86,49656.36,3,49656.36,9931.27,16552.12
3254,560,380,83,2023-10-03,2023-11-28,2023-12-02,Autumn,Cash,33504.92,4972.73,2058.91,2762.75,3592.15,1660.81,45230.65,4,45230.65,9046.13,11307.66
3255,365,50,12,2023-10-17,2023-12-06,2023-12-10,Winter,Credit Card,55972.48,25417.29,16448.55,22990.47,7475.89,6656.5,121648.18,4,121648.18,24329.64,30412.04
3256,977,401,4,2023-04-10,2023-05-21,2023-05-24,Summer,UPI,42852.12,4312.11,2506.64,26.46,4132.49,4988.66,48841.16,3,48841.16,9768.23,16280.39
3257,76,356,176,2024-03-14,2024-04-16,2024-04-23,Summer,Credit Card,36514.45,20113.87,7424.85,7205.41,1507.54,2778.9,69987.22,7,69987.22,13997.44,9998.17
3258,853,171,106,2024-07-29,2024-09-17,2024-09-19,Autumn,UPI,8368.2,3085.12,1756.54,2604.29,2564.7,41.06,18337.79,2,18337.79,3667.56,9168.9
3259,812,264,144,2023-07-19,2023-09-11,2023-09-17,Autumn,UPI,28181.82,7356.62,4163.07,6087.39,3366.13,2301.03,46854.0,6,46854.0,9370.8,7809.0
3260,197,245,170,2023-12-29,2024-01-16,2024-01-18,Winter,Debit Card,4452.72,2079.41,8763.57,14222.0,3479.94,429.1,32568.54,2,32568.54,6513.71,16284.27
3261,314,266,74,2023-04-24,2023-05-15,2023-05-21,Summer,Net Banking,11844.06,23052.46,2621.14,3777.34,7825.38,1284.14,47836.24,6,47836.24,9567.25,7972.71
3262,358,354,69,2024-07-07,2024-08-01,2024-08-03,Monsoon,Credit Card,6927.4,9578.37,7095.66,30401.96,6667.24,513.6,60157.03,2,60157.03,12031.41,30078.52
3263,35,2,189,2023-11-21,2024-01-17,2024-01-21,Winter,UPI,18790.4,6368.94,1436.62,8503.31,3879.23,380.97,38597.53,4,38597.53,7719.51,9649.38
3264,197,341,138,2023-04-02,2023-06-01,2023-06-08,Monsoon,Cash,83593.44,11675.59,4142.58,5729.88,6469.75,8773.78,102837.46,7,102837.46,20567.49,14691.07
3265,395,75,119,2024-05-04,2024-05-14,2024-05-18,Summer,UPI,4225.08,9384.37,5837.27,34593.91,11415.74,494.06,64962.31,4,64962.31,12992.46,16240.58
3266,578,278,158,2023-06-19,2023-06-27,2023-07-03,Monsoon,Debit Card,70953.06,32227.41,5344.67,5243.36,5022.43,5281.6,113509.33,6,113509.33,22701.87,18918.22
3267,442,57,22,2024-02-27,2024-03-17,2024-03-20,Summer,UPI,14875.86,9751.21,2302.27,8124.46,3399.51,1689.45,36763.86,3,36763.86,7352.77,12254.62
3268,954,347,53,2023-04-23,2023-05-05,2023-05-10,Summer,Net Banking,26726.7,35898.35,11715.51,18585.53,13352.54,3388.88,102889.75,5,102889.75,20577.95,20577.95
3269,62,1,50,2023-02-05,2023-02-23,2023-02-26,Winter,Credit Card,36933.57,2051.53,2819.03,8255.91,1680.41,2042.49,49697.96,3,49697.96,9939.59,16565.99
3270,400,334,158,2023-05-18,2023-06-06,2023-06-12,Monsoon,Debit Card,5386.14,6494.08,2229.72,2934.31,1575.49,317.58,18302.16,6,18302.16,3660.43,3050.36
3271,174,90,43,2023-09-18,2023-10-24,2023-10-28,Autumn,Cash,51862.12,10546.03,4059.23,3594.85,5145.75,6687.32,68520.66,4,68520.66,13704.13,17130.16
3272,586,399,46,2024-09-10,2024-10-24,2024-10-28,Autumn,Credit Card,39414.8,5688.56,4614.23,7294.07,1446.14,3102.19,55355.61,4,55355.61,11071.12,13838.9
3273,71,224,88,2024-07-10,2024-08-05,2024-08-10,Monsoon,Net Banking,10376.0,3843.46,1105.12,5019.25,1147.59,446.2,21045.22,5,21045.22,4209.04,4209.04
3274,947,63,185,2024-11-09,2024-11-19,2024-11-23,Autumn,Net Banking,4529.72,7431.04,3290.27,7477.14,3123.52,57.13,25794.56,4,25794.56,5158.91,6448.64
3275,348,173,82,2024-01-23,2024-02-19,2024-02-26,Winter,UPI,23570.61,5258.4,2696.7,2468.18,1611.01,486.95,35117.95,7,35117.95,7023.59,5016.85
3276,496,102,55,2024-01-15,2024-02-05,2024-02-11,Winter,Net Banking,20106.12,22671.3,7359.98,11330.49,1418.04,488.89,62397.04,6,62397.04,12479.41,10399.51
3277,913,80,104,2024-06-07,2024-07-06,2024-07-10,Monsoon,Credit Card,5889.96,5922.63,1975.88,2626.96,614.63,552.29,16477.77,4,16477.77,3295.55,4119.44
3278,862,252,122,2023-05-28,2023-06-08,2023-06-12,Monsoon,UPI,3975.36,7752.83,4453.44,1371.86,1805.07,36.11,19322.45,4,19322.45,3864.49,4830.61
3279,62,453,100,2023-02-02,2023-02-08,2023-02-10,Winter,Credit Card,2245.5,1339.36,1263.65,4242.93,3414.93,62.28,12444.09,2,12444.09,2488.82,6222.04
3280,289,128,43,2024-04-30,2024-06-17,2024-06-24,Monsoon,Credit Card,39039.49,13627.5,2485.24,6637.91,2660.08,4327.44,60122.78,7,60122.78,12024.56,8588.97
3281,913,245,170,2023-12-09,2023-12-22,2023-12-27,Winter,Credit Card,11131.8,8053.67,3253.45,3995.01,3772.61,789.86,29416.68,5,29416.68,5883.34,5883.34
3282,598,377,97,2024-12-07,2024-12-23,2024-12-27,Winter,Net Banking,18005.16,21712.09,9878.91,28071.93,2780.99,571.73,79877.35,4,79877.35,15975.47,19969.34
3283,16,438,101,2024-05-03,2024-05-26,2024-06-01,Summer,Cash,10111.32,6422.81,1671.57,4472.27,1910.07,330.29,24257.75,6,24257.75,4851.55,4042.96
3284,421,260,196,2023-01-03,2023-01-15,2023-01-17,Winter,Cash,11763.94,6463.33,5393.54,859.02,6877.49,628.51,30728.81,2,30728.81,6145.76,15364.4
3285,189,66,82,2022-11-08,2023-01-05,2023-01-10,Winter,Credit Card,29355.25,7991.66,1569.56,9562.22,1792.68,2509.52,47761.85,5,47761.85,9552.37,9552.37
3286,229,121,158,2023-05-15,2023-07-07,2023-07-13,Monsoon,Credit Card,13896.54,10273.77,1929.2,1117.08,3632.46,1980.24,28868.81,6,28868.81,5773.76,4811.47
3287,442,208,104,2024-05-23,2024-07-10,2024-07-14,Monsoon,Net Banking,8104.72,10986.58,2317.35,2289.5,5225.4,640.74,28282.81,4,28282.81,5656.56,7070.7
3288,735,297,146,2023-05-14,2023-05-26,2023-05-28,Summer,UPI,5349.12,4468.07,8298.85,2310.89,4572.25,732.97,24266.21,2,24266.21,4853.24,12133.1
3289,507,61,147,2024-03-18,2024-04-17,2024-04-19,Summer,Debit Card,2176.3,7945.31,5475.28,14515.45,4039.62,274.39,33877.57,2,33877.57,6775.51,16938.78
3290,348,409,156,2024-06-24,2024-07-23,2024-07-30,Monsoon,Cash,24501.75,12432.1,2783.92,8124.44,2115.9,2026.62,47931.49,7,47931.49,9586.3,6847.36
3291,355,443,38,2022-11-27,2023-01-12,2023-01-19,Winter,Net Banking,16073.54,10084.26,1270.0,9749.05,3457.53,1274.51,39359.87,7,39359.87,7871.97,5622.84
3292,648,158,91,2023-02-13,2023-04-05,2023-04-10,Summer,UPI,33805.0,14947.2,6137.15,3059.73,2833.09,1171.64,59610.53,5,59610.53,11922.11,11922.11
3293,623,423,51,2024-05-06,2024-05-14,2024-05-18,Summer,UPI,4874.48,9418.32,4660.13,17969.0,3788.78,87.4,40623.31,4,40623.31,8124.66,10155.83
3294,537,39,190,2023-04-18,2023-05-24,2023-05-31,Summer,Net Banking,18739.42,10268.47,2183.39,4454.01,1508.78,1173.9,35980.17,7,35980.17,7196.03,5140.02
3295,996,266,74,2024-09-10,2024-09-23,2024-09-28,Autumn,Debit Card,9870.05,7687.09,1969.42,6340.1,858.21,764.66,25960.21,5,25960.21,5192.04,5192.04
3296,823,463,151,2024-05-09,2024-06-14,2024-06-18,Monsoon,UPI,6204.76,5450.9,3708.98,6702.45,5395.09,813.89,26648.29,4,26648.29,5329.66,6662.07
3297,361,176,49,2024-06-26,2024-08-21,2024-08-23,Monsoon,Net Banking,6122.12,2803.38,3876.73,4761.86,2046.88,50.76,19560.21,2,19560.21,3912.04,9780.1
3298,317,324,148,2024-12-01,2024-12-07,2024-12-09,Winter,Credit Card,32222.8,2454.8,1415.52,9281.06,865.15,2275.36,43963.97,2,43963.97,8792.79,21981.98
3299,985,180,140,2023-08-05,2023-08-21,2023-08-27,Monsoon,Cash,20865.66,11189.51,5024.14,2289.21,1229.28,1145.61,39452.19,6,39452.19,7890.44,6575.37
3300,808,331,26,2023-08-13,2023-10-11,2023-10-13,Autumn,Net Banking,10406.82,2407.44,3538.62,3552.18,1622.51,1440.98,20086.59,2,20086.59,4017.32,10043.3
3301,414,158,91,2024-10-05,2024-11-07,2024-11-11,Autumn,Debit Card,27044.0,5031.72,1540.99,1539.29,1146.93,208.06,36094.87,4,36094.87,7218.97,9023.72
3302,75,2,189,2024-04-29,2024-06-02,2024-06-05,Monsoon,Net Banking,14092.8,5457.69,6941.31,17171.37,6419.6,225.88,49856.89,3,49856.89,9971.38,16618.96
3303,286,263,182,2023-04-19,2023-05-20,2023-05-25,Summer,Debit Card,8611.2,10428.13,4492.31,989.02,2403.33,207.7,26716.29,5,26716.29,5343.26,5343.26
3304,121,377,97,2024-04-27,2024-06-24,2024-06-30,Monsoon,Debit Card,27007.74,10102.98,1236.84,7324.69,1978.66,1407.27,46243.64,6,46243.64,9248.73,7707.27
3305,407,458,163,2023-07-02,2023-08-22,2023-08-26,Monsoon,Cash,19630.0,9214.23,3762.22,6322.28,2269.75,736.26,40462.22,4,40462.22,8092.44,10115.56
3306,929,136,89,2023-01-19,2023-01-26,2023-02-02,Winter,Debit Card,16916.76,6927.24,5902.04,8850.15,5604.45,754.85,43445.79,7,43445.79,8689.16,6206.54
3307,971,405,161,2023-08-26,2023-09-06,2023-09-10,Autumn,Credit Card,36607.4,6179.16,4321.19,3150.45,2608.04,2596.07,50270.17,4,50270.17,10054.03,12567.54
3308,812,92,94,2024-11-05,2024-12-01,2024-12-07,Winter,Net Banking,12552.06,6182.81,1322.46,2706.11,3288.02,509.27,25542.19,6,25542.19,5108.44,4257.03
3309,183,92,94,2022-12-23,2023-01-10,2023-01-12,Winter,Credit Card,4184.02,3795.31,2829.65,1659.69,2464.75,159.28,14774.14,2,14774.14,2954.83,7387.07
3310,954,487,80,2024-11-06,2024-12-17,2024-12-20,Winter,Net Banking,41156.25,13283.54,7820.02,19466.54,6808.57,506.48,88028.44,3,88028.44,17605.69,29342.81
3311,793,201,166,2024-10-23,2024-12-22,2024-12-28,Winter,Net Banking,27638.1,11598.77,4622.24,7629.8,2305.76,489.54,53305.13,6,53305.13,10661.03,8884.19
3312,66,413,40,2024-01-18,2024-03-06,2024-03-12,Summer,Debit Card,63922.92,11504.82,3118.52,3641.1,3877.68,1418.57,84646.47,6,84646.47,16929.29,14107.74
3313,477,253,91,2024-03-16,2024-05-10,2024-05-16,Summer,Credit Card,62861.46,6577.8,1968.62,1871.16,1475.3,6423.79,68330.55,6,68330.55,13666.11,11388.42
3314,409,282,199,2022-12-12,2023-02-09,2023-02-11,Winter,Debit Card,10685.32,2254.36,2584.07,7435.74,1637.09,498.46,24098.12,2,24098.12,4819.62,12049.06
3315,479,300,36,2024-04-19,2024-05-02,2024-05-04,Summer,UPI,24670.9,5419.83,2357.28,6939.5,6124.35,2804.62,42707.24,2,42707.24,8541.45,21353.62
3316,320,243,181,2023-08-19,2023-09-02,2023-09-08,Autumn,Net Banking,73426.44,32248.67,12938.27,35556.07,5120.57,909.13,158380.89,6,158380.89,31676.18,26396.82
3317,767,23,36,2024-06-01,2024-07-07,2024-07-12,Monsoon,Credit Card,10934.2,7504.36,7281.88,9168.04,7151.02,541.49,41498.01,5,41498.01,8299.6,8299.6
3318,211,165,158,2023-05-06,2023-06-08,2023-06-11,Monsoon,UPI,6553.71,6572.92,4148.18,6509.95,7935.48,390.49,31329.75,3,31329.75,6265.95,10443.25
3319,302,276,104,2024-07-18,2024-07-28,2024-07-30,Monsoon,Cash,38553.38,2779.49,4645.65,3202.26,1875.22,1360.85,49695.15,2,49695.15,9939.03,24847.58
3320,883,96,90,2024-09-11,2024-09-20,2024-09-22,Autumn,Credit Card,2172.48,3442.68,3034.72,1140.54,1716.74,231.83,11275.33,2,11275.33,2255.07,5637.66
3321,698,233,1,2023-03-01,2023-04-13,2023-04-17,Summer,Debit Card,88795.8,6576.56,1522.96,8480.86,997.11,4637.15,101736.14,4,101736.14,20347.23,25434.04
3322,560,132,173,2023-12-18,2024-02-11,2024-02-16,Winter,Net Banking,65216.9,3149.79,2620.86,6796.36,1066.29,6553.21,72296.99,5,72296.99,14459.4,14459.4
3323,884,468,83,2023-11-12,2023-12-14,2023-12-16,Winter,Net Banking,10067.54,2755.92,1865.15,9970.81,1489.22,775.87,25372.77,2,25372.77,5074.55,12686.38
3324,751,417,90,2024-09-29,2024-10-17,2024-10-22,Autumn,Credit Card,71512.3,5137.62,3538.07,1825.07,1861.71,5604.22,78270.55,5,78270.55,15654.11,15654.11
3325,392,330,102,2023-06-04,2023-07-16,2023-07-20,Monsoon,Net Banking,8285.12,7227.74,2166.13,890.31,6012.87,602.17,23980.0,4,23980.0,4796.0,5995.0
3326,374,7,177,2024-05-26,2024-07-22,2024-07-24,Monsoon,UPI,36897.26,2411.02,1022.91,1553.88,624.79,4952.26,37557.6,2,37557.6,7511.52,18778.8
3327,464,411,35,2023-03-10,2023-03-22,2023-03-25,Summer,Net Banking,3931.71,5598.16,8592.14,9976.43,4981.18,341.34,32738.28,3,32738.28,6547.66,10912.76
3328,647,74,57,2024-06-17,2024-07-28,2024-08-01,Monsoon,UPI,7147.52,2946.82,4292.91,7414.27,940.87,264.15,22478.24,4,22478.24,4495.65,5619.56
3329,747,390,24,2024-04-13,2024-05-24,2024-05-30,Summer,Debit Card,5409.72,4271.78,2237.5,6790.46,1108.51,743.75,19074.22,6,19074.22,3814.84,3179.04
3330,88,401,4,2024-11-13,2024-12-20,2024-12-22,Winter,Net Banking,28568.08,6768.91,6586.51,458.2,5936.39,3508.99,44809.1,2,44809.1,8961.82,22404.55
3331,32,308,163,2023-07-03,2023-07-09,2023-07-15,Monsoon,Debit Card,64717.86,9144.22,7006.87,7876.65,7170.25,7549.76,88366.09,6,88366.09,17673.22,14727.68
3332,338,425,89,2023-12-31,2024-02-12,2024-02-16,Winter,Debit Card,4350.92,4338.25,1930.28,1338.5,2963.08,460.8,14460.23,4,14460.23,2892.05,3615.06
3333,184,95,162,2023-11-01,2023-11-26,2023-11-30,Autumn,Debit Card,20557.6,2876.04,1200.74,963.35,2664.75,1783.79,26478.69,4,26478.69,5295.74,6619.67
3334,796,448,196,2024-04-11,2024-05-09,2024-05-11,Summer,Credit Card,2356.68,6227.73,5157.06,16296.26,7920.82,276.21,37682.34,2,37682.34,7536.47,18841.17
3335,433,3,104,2023-06-02,2023-06-25,2023-07-01,Monsoon,UPI,35204.28,10908.71,1898.95,5810.62,1991.33,3810.25,52003.64,6,52003.64,10400.73,8667.27
3336,973,377,97,2024-09-13,2024-11-11,2024-11-14,Autumn,Cash,13503.87,11978.89,14311.74,32643.38,7834.17,1977.3,78294.75,3,78294.75,15658.95,26098.25
3337,96,263,182,2023-01-17,2023-01-22,2023-01-27,Winter,Debit Card,8611.2,3949.81,3293.4,5829.51,805.44,339.83,22149.53,5,22149.53,4429.91,4429.91
3338,410,169,182,2023-11-24,2023-12-25,2023-12-28,Winter,Net Banking,4677.81,7400.42,6583.78,9154.56,7180.44,552.75,34444.26,3,34444.26,6888.85,11481.42
3339,994,194,199,2024-03-22,2024-05-21,2024-05-25,Summer,UPI,44199.16,11440.62,9512.22,11609.23,7590.82,3957.67,80394.38,4,80394.38,16078.88,20098.6
3340,845,212,186,2024-06-11,2024-08-02,2024-08-05,Monsoon,Debit Card,43407.69,2387.9,2098.96,3063.48,2982.34,5163.16,48777.21,3,48777.21,9755.44,16259.07
3341,356,352,118,2024-02-04,2024-03-08,2024-03-15,Summer,Credit Card,11074.84,11248.5,1788.41,6798.69,3908.42,492.98,34325.88,7,34325.88,6865.18,4903.7
3342,107,437,161,2024-08-26,2024-09-07,2024-09-12,Autumn,Net Banking,28882.75,6020.32,2086.31,9006.82,1017.7,628.74,46385.16,5,46385.16,9277.03,9277.03
3343,879,96,90,2023-09-10,2023-09-21,2023-09-28,Autumn,Cash,7603.68,12334.72,1767.2,5132.14,2838.54,996.7,28679.58,7,28679.58,5735.92,4097.08
3344,699,296,50,2022-12-07,2023-01-09,2023-01-12,Winter,Credit Card,13396.11,12749.96,5053.48,23818.88,9245.61,734.15,63529.89,3,63529.89,12705.98,21176.63
3345,243,374,3,2023-04-26,2023-06-17,2023-06-20,Monsoon,Debit Card,41538.12,8126.32,5056.15,10743.15,4411.61,5956.42,63918.93,3,63918.93,12783.79,21306.31
3346,90,495,137,2024-05-07,2024-05-24,2024-05-31,Summer,UPI,123566.94,25128.68,2271.16,7910.93,1390.45,12487.21,147780.95,7,147780.95,29556.19,21111.56
3347,648,495,137,2023-12-14,2024-02-08,2024-02-11,Winter,UPI,52957.26,4815.65,6323.17,12628.33,6391.28,6873.99,76241.7,3,76241.7,15248.34,25413.9
3348,217,125,133,2023-11-17,2023-12-11,2023-12-13,Winter,Net Banking,2167.68,12248.77,11440.95,34701.11,10485.66,47.84,70996.33,2,70996.33,14199.27,35498.16
3349,408,473,50,2024-04-18,2024-06-11,2024-06-17,Monsoon,Credit Card,111796.98,9127.04,6097.78,6072.8,4226.03,11307.39,126013.24,6,126013.24,25202.65,21002.21
3350,428,294,119,2023-10-15,2023-11-25,2023-12-02,Autumn,Cash,13593.02,13704.49,2708.88,1759.95,3795.01,1217.1,34344.25,7,34344.25,6868.85,4906.32
3351,201,55,8,2024-09-18,2024-11-08,2024-11-13,Autumn,UPI,8170.15,5847.48,3362.29,9311.31,3631.8,964.11,29358.92,5,29358.92,5871.78,5871.78
3352,425,239,177,2024-06-01,2024-07-03,2024-07-05,Monsoon,Net Banking,22976.92,6956.2,4549.74,4820.15,4168.73,68.37,43403.37,2,43403.37,8680.67,21701.68
3353,771,343,30,2023-09-08,2023-10-13,2023-10-15,Autumn,Debit Card,9415.3,2494.47,2038.65,40.61,2619.16,1291.42,15316.77,2,15316.77,3063.35,7658.38
3354,384,494,162,2023-02-23,2023-03-06,2023-03-11,Summer,Cash,55815.75,31013.15,12165.3,30825.53,10154.38,3247.39,136726.72,5,136726.72,27345.34,27345.34
3355,789,231,128,2024-04-01,2024-04-15,2024-04-17,Summer,UPI,10652.0,1267.22,2720.13,6128.57,728.14,1207.8,20288.26,2,20288.26,4057.65,10144.13
3356,109,331,26,2024-05-04,2024-06-18,2024-06-23,Monsoon,UPI,26017.05,8075.41,4744.02,3851.27,1402.46,3764.29,40325.92,5,40325.92,8065.18,8065.18
3357,15,455,166,2023-08-24,2023-10-20,2023-10-23,Autumn,UPI,7358.07,6100.68,9016.18,9061.02,3344.12,882.15,33997.92,3,33997.92,6799.58,11332.64
3358,267,201,166,2024-10-12,2024-11-04,2024-11-11,Autumn,Debit Card,32244.45,9185.77,3932.73,9305.19,671.02,2916.54,52422.62,7,52422.62,10484.52,7488.95
3359,478,65,153,2024-08-19,2024-09-11,2024-09-15,Autumn,Net Banking,96414.96,4508.99,3355.82,574.16,1529.95,3731.24,102652.64,4,102652.64,20530.53,25663.16
3360,365,479,134,2023-07-24,2023-08-20,2023-08-25,Monsoon,Debit Card,21103.55,20034.51,14129.89,7850.46,5959.12,1019.71,68057.82,5,68057.82,13611.56,13611.56
3361,520,387,164,2023-05-17,2023-06-04,2023-06-07,Monsoon,Cash,16363.89,8576.97,5420.0,10234.85,7258.28,2110.02,45743.97,3,45743.97,9148.79,15247.99
3362,208,478,40,2024-04-08,2024-05-20,2024-05-22,Summer,Cash,4646.16,2389.73,4100.89,4092.93,2292.86,356.7,17165.87,2,17165.87,3433.17,8582.94
3363,402,361,89,2023-09-09,2023-10-05,2023-10-12,Autumn,UPI,159216.89,10582.4,6784.67,3530.67,3453.05,12003.12,171564.56,7,171564.56,34312.91,24509.22
3364,100,40,165,2023-05-25,2023-06-26,2023-06-30,Monsoon,Debit Card,8905.68,7791.22,2369.97,7573.84,1714.84,260.85,28094.7,4,28094.7,5618.94,7023.68
3365,276,474,107,2023-03-28,2023-05-14,2023-05-20,Summer,Cash,25449.96,8538.02,3010.21,6573.24,2624.21,2054.27,44141.37,6,44141.37,8828.27,7356.9
3366,242,401,4,2024-08-09,2024-08-23,2024-08-29,Monsoon,UPI,85704.24,5927.44,3511.49,1214.01,2531.36,9009.33,89879.21,6,89879.21,17975.84,14979.87
3367,788,316,185,2023-04-09,2023-05-03,2023-05-09,Summer,Credit Card,14461.98,5369.78,4642.7,3562.23,1585.08,1894.21,27727.56,6,27727.56,5545.51,4621.26
3368,896,17,97,2024-05-29,2024-06-27,2024-06-30,Monsoon,UPI,30782.49,10069.22,5761.77,17137.33,4016.13,152.35,67614.59,3,67614.59,13522.92,22538.2
3369,24,486,174,2023-09-07,2023-10-24,2023-10-31,Autumn,Net Banking,11066.51,10184.5,2860.97,9285.28,569.07,611.17,33355.16,7,33355.16,6671.03,4765.02
3370,944,237,170,2023-04-30,2023-06-02,2023-06-09,Monsoon,Net Banking,16244.9,17079.4,6175.15,5768.49,5102.74,1.13,50369.55,7,50369.55,10073.91,7195.65
3371,29,203,183,2024-05-29,2024-07-25,2024-07-27,Monsoon,Cash,3040.94,3552.49,1092.46,1695.82,3299.99,104.21,12577.49,2,12577.49,2515.5,6288.74
3372,974,413,40,2024-05-17,2024-05-24,2024-05-28,Summer,Credit Card,42615.28,6272.85,1250.18,498.72,1035.29,968.72,50703.6,4,50703.6,10140.72,12675.9
3373,54,301,130,2023-12-12,2024-02-03,2024-02-10,Winter,Debit Card,12488.91,19981.88,2034.98,11702.86,3491.27,119.94,49579.96,7,49579.96,9915.99,7082.85
3374,754,48,44,2024-03-25,2024-05-22,2024-05-27,Summer,Debit Card,94817.1,12828.16,2194.66,6253.84,3231.91,1799.84,117525.83,5,117525.83,23505.17,23505.17
3375,494,259,154,2023-01-24,2023-03-09,2023-03-14,Summer,UPI,11491.8,21962.41,14687.83,11279.09,13496.12,488.17,72429.08,5,72429.08,14485.82,14485.82
3376,140,423,51,2023-04-11,2023-06-07,2023-06-10,Monsoon,Cash,3655.86,3948.16,2230.16,7303.02,1950.32,36.31,19051.21,3,19051.21,3810.24,6350.4
3377,941,22,63,2024-03-01,2024-03-18,2024-03-20,Summer,Cash,2396.76,2544.54,2442.21,740.57,3560.11,17.63,11666.56,2,11666.56,2333.31,5833.28
3378,678,395,116,2024-06-14,2024-07-26,2024-07-28,Monsoon,Debit Card,6936.9,2098.42,3977.08,2430.86,3983.75,964.85,18462.16,2,18462.16,3692.43,9231.08
3379,122,495,137,2024-05-10,2024-06-24,2024-06-27,Monsoon,Debit Card,52957.26,5562.35,7498.15,4674.45,6256.59,5008.29,71940.51,3,71940.51,14388.1,23980.17
3380,981,389,149,2024-07-26,2024-09-04,2024-09-11,Autumn,Debit Card,7444.43,24471.31,2798.98,17012.95,2117.22,894.27,52950.62,7,52950.62,10590.12,7564.37
3381,687,9,171,2023-12-04,2023-12-19,2023-12-22,Winter,Credit Card,35410.26,6977.48,4508.71,17845.23,5094.57,602.81,69233.44,3,69233.44,13846.69,23077.81
3382,87,339,71,2023-06-23,2023-08-18,2023-08-20,Monsoon,Debit Card,11437.72,3776.32,1942.15,5416.67,1343.49,684.75,23231.6,2,23231.6,4646.32,11615.8
3383,592,349,124,2023-05-08,2023-06-25,2023-06-28,Monsoon,UPI,16777.44,6342.82,8155.82,4315.88,3153.56,779.17,37966.35,3,37966.35,7593.27,12655.45
3384,676,33,63,2023-10-20,2023-11-12,2023-11-17,Autumn,Debit Card,7371.35,6425.28,1996.05,9797.45,2954.93,179.72,28365.34,5,28365.34,5673.07,5673.07
3385,827,9,171,2023-10-29,2023-12-17,2023-12-21,Winter,Cash,47213.68,2863.35,1901.91,4748.84,1707.51,533.3,57901.99,4,57901.99,11580.4,14475.5
3386,329,6,31,2023-12-04,2023-12-21,2023-12-27,Winter,UPI,28465.74,17827.1,2796.77,16109.67,4779.0,2625.4,67352.88,6,67352.88,13470.58,11225.48
3387,242,296,50,2023-10-03,2023-11-01,2023-11-08,Autumn,Net Banking,31257.59,5878.04,1852.28,5196.99,2056.26,4548.88,41692.28,7,41692.28,8338.46,5956.04
3388,328,420,193,2024-04-01,2024-05-18,2024-05-20,Summer,Debit Card,2355.1,3076.76,3305.93,3912.1,2655.07,248.81,15056.15,2,15056.15,3011.23,7528.08
3389,242,493,13,2024-05-29,2024-06-24,2024-07-01,Monsoon,Debit Card,106749.44,3785.8,1006.46,9228.3,3936.99,11198.62,113508.37,7,113508.37,22701.67,16215.48
3390,926,355,193,2024-10-29,2024-11-22,2024-11-26,Autumn,UPI,12474.08,9546.14,4032.31,10703.41,924.66,507.12,37173.48,4,37173.48,7434.7,9293.37
3391,376,54,60,2024-09-14,2024-10-01,2024-10-08,Autumn,Debit Card,88830.42,10571.29,7780.6,9041.28,3297.44,8158.57,111362.46,7,111362.46,22272.49,15908.92
3392,138,177,101,2023-11-10,2023-11-19,2023-11-21,Autumn,Debit Card,2122.2,1527.84,3764.55,1058.27,682.83,203.7,8951.99,2,8951.99,1790.4,4476.0
3393,135,261,155,2023-09-13,2023-11-05,2023-11-11,Autumn,Net Banking,7848.9,4550.9,2366.27,8326.1,1643.56,420.54,24315.19,6,24315.19,4863.04,4052.53
3394,993,59,143,2023-02-07,2023-02-15,2023-02-22,Winter,Credit Card,6666.45,8685.64,3429.0,7701.25,3761.61,744.65,29499.3,7,29499.3,5899.86,4214.19
3395,213,360,25,2022-12-10,2023-01-06,2023-01-08,Winter,Net Banking,6887.7,3890.48,4945.72,9585.67,4750.29,121.99,29937.87,2,29937.87,5987.57,14968.94
3396,169,251,88,2022-12-07,2023-02-04,2023-02-07,Winter,Debit Card,16131.81,2863.03,3308.41,7170.35,2466.01,1546.2,30393.41,3,30393.41,6078.68,10131.14
3397,970,189,195,2024-11-28,2024-12-13,2024-12-15,Winter,Cash,3513.12,7726.32,6783.43,14507.47,6914.86,17.33,39427.87,2,39427.87,7885.57,19713.94
3398,918,376,96,2024-04-11,2024-06-03,2024-06-07,Monsoon,Net Banking,14316.04,4186.88,1832.16,4389.92,3460.9,1621.91,26563.99,4,26563.99,5312.8,6641.0
3399,780,285,100,2023-10-12,2023-11-12,2023-11-16,Autumn,Cash,13062.48,7422.05,4884.56,5611.21,4035.57,818.42,34197.45,4,34197.45,6839.49,8549.36
3400,367,461,74,2024-06-26,2024-08-16,2024-08-18,Monsoon,UPI,4865.48,2705.67,5254.67,7307.13,6821.51,289.24,26665.22,2,26665.22,5333.04,13332.61
3401,614,374,3,2024-05-10,2024-07-09,2024-07-13,Monsoon,Credit Card,55384.16,2596.61,3343.59,52.46,2656.86,7256.76,56776.92,4,56776.92,11355.38,14194.23
3402,864,170,90,2024-04-07,2024-05-01,2024-05-04,Summer,Net Banking,6577.77,9649.92,17386.96,17982.69,6299.59,836.77,57060.16,3,57060.16,11412.03,19020.05
3403,559,25,106,2024-09-23,2024-10-23,2024-10-28,Autumn,Credit Card,28970.4,7694.67,3512.29,2203.72,2964.43,3558.6,41786.91,5,41786.91,8357.38,8357.38
3404,188,259,154,2024-04-03,2024-05-04,2024-05-07,Summer,Net Banking,6895.08,5972.16,8871.39,12592.87,2139.33,661.31,35809.52,3,35809.52,7161.9,11936.51
3405,162,93,27,2023-03-13,2023-05-06,2023-05-09,Summer,Cash,3918.33,1556.28,3323.4,6719.83,1485.98,411.39,16592.43,3,16592.43,3318.49,5530.81
3406,392,450,110,2024-11-23,2024-12-13,2024-12-17,Winter,Credit Card,19765.32,13178.11,3914.24,8352.64,4617.7,1397.28,48430.73,4,48430.73,9686.15,12107.68
3407,94,162,16,2023-08-10,2023-09-22,2023-09-26,Autumn,UPI,84656.92,15185.58,15198.81,21538.57,10999.6,6935.77,140643.71,4,140643.71,28128.74,35160.93
3408,229,460,42,2023-07-05,2023-08-11,2023-08-18,Monsoon,UPI,64370.74,9490.05,3509.26,6029.45,2649.46,7264.13,78784.83,7,78784.83,15756.97,11254.98
3409,444,303,188,2024-01-10,2024-02-25,2024-03-03,Winter,Cash,70078.61,21958.45,3145.22,11002.49,4314.37,7143.29,103355.85,7,103355.85,20671.17,14765.12
3410,82,67,101,2023-10-24,2023-12-03,2023-12-05,Winter,Net Banking,8737.82,3002.1,4016.26,4575.12,3181.51,160.56,23352.25,2,23352.25,4670.45,11676.12
3411,295,458,163,2023-09-05,2023-10-07,2023-10-09,Autumn,Cash,9815.0,4731.03,6969.53,16727.75,1238.93,985.6,38496.64,2,38496.64,7699.33,19248.32
3412,289,345,20,2024-10-28,2024-12-20,2024-12-25,Winter,Credit Card,6667.9,7138.39,2809.14,6488.39,1442.17,28.0,24517.99,5,24517.99,4903.6,4903.6
3413,722,186,112,2024-06-17,2024-07-25,2024-07-28,Monsoon,UPI,16009.29,10079.74,8942.91,6437.0,5533.02,403.51,46598.45,3,46598.45,9319.69,15532.82
3414,17,367,170,2023-03-16,2023-04-22,2023-04-26,Summer,Credit Card,11369.16,7258.49,1747.87,6271.83,3822.3,546.64,29923.01,4,29923.01,5984.6,7480.75
3415,584,19,173,2024-07-12,2024-08-06,2024-08-10,Monsoon,Credit Card,5779.08,22451.59,8075.98,12045.4,12974.69,525.51,60801.23,4,60801.23,12160.25,15200.31
3416,588,105,34,2024-05-22,2024-06-25,2024-06-27,Monsoon,Net Banking,27488.46,3485.2,3317.04,3790.74,3659.43,4069.46,37671.41,2,37671.41,7534.28,18835.71
3417,699,206,28,2024-01-28,2024-02-19,2024-02-21,Winter,Debit Card,9124.76,11812.74,15354.35,6186.08,8628.89,1078.79,50028.03,2,50028.03,10005.61,25014.02
3418,570,105,34,2024-03-31,2024-05-25,2024-05-29,Summer,Cash,54976.92,13957.25,6304.76,3202.4,4241.15,507.89,82174.59,4,82174.59,16434.92,20543.65
3419,420,299,92,2023-07-05,2023-08-05,2023-08-11,Monsoon,Credit Card,5910.12,20771.25,5109.31,13456.4,7238.06,530.17,51954.97,6,51954.97,10390.99,8659.16
3420,446,454,119,2022-12-15,2023-01-16,2023-01-18,Winter,Credit Card,11352.26,1858.15,6923.81,6374.13,1384.83,234.15,27659.03,2,27659.03,5531.81,13829.52
3421,946,320,176,2024-10-01,2024-11-12,2024-11-19,Autumn,Net Banking,16696.33,9627.14,2337.31,7811.16,1219.23,653.46,37037.71,7,37037.71,7407.54,5291.1
3422,268,451,191,2024-02-03,2024-03-21,2024-03-26,Summer,Debit Card,9451.85,14521.97,8762.76,31197.12,10556.88,380.77,74109.81,5,74109.81,14821.96,14821.96
3423,710,44,179,2024-01-16,2024-02-23,2024-02-28,Winter,Credit Card,4909.65,3347.49,3063.46,6298.81,2818.1,629.71,19807.8,5,19807.8,3961.56,3961.56
3424,698,45,159,2023-01-12,2023-03-08,2023-03-13,Summer,Cash,6272.25,4943.5,3674.01,1598.36,1207.13,250.22,17445.03,5,17445.03,3489.01,3489.01
3425,171,142,40,2023-11-15,2024-01-01,2024-01-06,Winter,Credit Card,66692.85,12902.89,10846.42,27787.68,7044.87,2457.82,122816.89,5,122816.89,24563.38,24563.38
3426,523,249,115,2023-09-20,2023-10-27,2023-11-03,Autumn,Credit Card,16873.99,19856.92,17244.14,6216.37,2436.45,1284.51,61343.36,7,61343.36,12268.67,8763.34
3427,146,93,27,2024-09-02,2024-10-10,2024-10-14,Autumn,Debit Card,5224.44,7169.15,1448.86,4908.08,3217.08,609.93,21357.68,4,21357.68,4271.54,5339.42
3428,101,213,91,2024-11-04,2024-11-16,2024-11-18,Autumn,UPI,7363.78,7050.9,6614.03,6132.77,4819.59,18.84,31962.23,2,31962.23,6392.45,15981.12
3429,721,401,4,2023-08-25,2023-09-17,2023-09-20,Autumn,Debit Card,42852.12,5474.94,2779.98,874.25,1870.82,5146.87,48705.24,3,48705.24,9741.05,16235.08
3430,670,425,89,2023-11-13,2023-12-28,2023-12-30,Winter,Debit Card,2175.46,4469.89,6666.95,3773.03,1119.97,322.06,17883.24,2,17883.24,3576.65,8941.62
3431,930,31,19,2024-11-04,2024-11-19,2024-11-23,Autumn,Credit Card,19588.88,8978.56,3405.34,16591.22,4179.5,683.58,52059.92,4,52059.92,10411.98,13014.98
3432,513,84,91,2023-08-19,2023-10-03,2023-10-07,Autumn,Debit Card,52549.52,5679.19,4709.74,4865.08,1964.6,2900.87,66867.26,4,66867.26,13373.45,16716.81
3433,295,207,77,2023-04-10,2023-05-13,2023-05-15,Summer,Credit Card,11197.5,4052.14,2113.61,2464.27,1566.35,222.92,21170.95,2,21170.95,4234.19,10585.48
3434,11,235,68,2024-10-22,2024-11-14,2024-11-21,Autumn,UPI,38475.92,18921.77,3334.21,2742.58,4522.75,671.05,67326.18,7,67326.18,13465.24,9618.03
3435,713,126,188,2024-10-18,2024-12-02,2024-12-04,Winter,Credit Card,16700.22,3095.04,3645.26,10903.35,4313.14,1725.19,36931.82,2,36931.82,7386.36,18465.91
3436,904,421,87,2023-07-06,2023-07-19,2023-07-25,Monsoon,Credit Card,103911.54,10576.65,3106.56,5087.34,2549.09,9250.35,115980.83,6,115980.83,23196.17,19330.14
3437,365,140,61,2024-06-11,2024-07-24,2024-07-29,Monsoon,Debit Card,28520.85,18498.62,10313.2,5282.18,13130.94,235.57,75510.22,5,75510.22,15102.04,15102.04
3438,502,129,1,2024-10-18,2024-12-05,2024-12-07,Winter,Net Banking,24314.74,7019.8,5295.41,11380.15,5107.6,3433.19,49684.51,2,49684.51,9936.9,24842.26
3439,833,197,15,2024-04-19,2024-05-10,2024-05-14,Summer,Net Banking,22688.48,6162.59,2452.42,3094.63,738.77,995.14,34141.75,4,34141.75,6828.35,8535.44
3440,326,82,148,2024-06-11,2024-07-10,2024-07-14,Monsoon,Credit Card,44713.28,7308.67,3441.51,8950.68,1375.01,6580.91,59208.24,4,59208.24,11841.65,14802.06
3441,488,476,30,2023-06-13,2023-07-03,2023-07-09,Monsoon,Credit Card,12188.82,5014.29,2747.46,6093.64,3819.5,622.06,29241.65,6,29241.65,5848.33,4873.61
3442,540,113,36,2024-06-11,2024-07-16,2024-07-19,Monsoon,Net Banking,4192.83,4820.16,4994.55,2513.59,1030.64,161.88,17389.89,3,17389.89,3477.98,5796.63
3443,169,163,96,2023-12-05,2023-12-23,2023-12-29,Winter,Debit Card,10777.38,5475.49,1391.76,2879.72,981.06,371.14,21134.27,6,21134.27,4226.85,3522.38
3444,886,439,59,2023-04-30,2023-06-02,2023-06-06,Monsoon,Credit Card,14823.44,5595.19,2382.15,8230.99,672.54,1500.41,30203.9,4,30203.9,6040.78,7550.98
3445,877,220,123,2023-04-07,2023-05-20,2023-05-26,Summer,Cash,16785.96,20023.11,8553.64,3775.27,6923.07,401.1,55659.95,6,55659.95,11131.99,9276.66
3446,1,272,11,2023-04-17,2023-05-21,2023-05-25,Summer,UPI,10081.08,12188.63,6368.58,15706.95,2254.58,627.63,45972.19,4,45972.19,9194.44,11493.05
3447,232,82,148,2024-11-02,2024-12-26,2024-12-30,Winter,Credit Card,44713.28,6363.56,3227.09,3466.65,2275.9,4734.0,55312.48,4,55312.48,11062.5,13828.12
3448,593,265,4,2023-12-05,2023-12-17,2023-12-19,Winter,Cash,2094.12,10299.83,6211.35,4323.78,12105.58,223.27,34811.39,2,34811.39,6962.28,17405.7
3449,241,147,16,2023-01-24,2023-02-14,2023-02-17,Winter,Debit Card,20943.99,4461.1,3352.93,6559.07,3937.04,1066.26,38187.87,3,38187.87,7637.57,12729.29
3450,831,159,92,2024-01-31,2024-03-19,2024-03-24,Summer,Credit Card,72377.95,16529.8,5558.49,12508.91,2892.72,8996.4,100871.47,5,100871.47,20174.29,20174.29
3451,893,290,96,2023-06-13,2023-07-06,2023-07-09,Monsoon,UPI,6861.3,9976.58,8623.64,19422.91,6854.53,32.87,51706.09,3,51706.09,10341.22,17235.36
3452,26,314,12,2024-11-26,2024-12-08,2024-12-13,Winter,Debit Card,51451.55,4161.63,2173.56,2274.15,2801.81,5057.69,57805.01,5,57805.01,11561.0,11561.0
3453,681,255,56,2023-09-19,2023-10-10,2023-10-15,Autumn,Cash,24335.75,4293.38,3291.35,284.03,2200.79,3269.26,31136.04,5,31136.04,6227.21,6227.21
3454,86,467,147,2024-10-03,2024-11-16,2024-11-22,Autumn,Cash,12443.22,24786.25,12241.94,2811.98,3645.76,1589.16,54339.99,6,54339.99,10868.0,9056.66
3455,583,258,200,2023-10-24,2023-12-16,2023-12-19,Winter,UPI,20209.5,2808.96,3493.95,1764.82,630.61,1163.77,27744.07,3,27744.07,5548.81,9248.02
3456,597,322,199,2024-09-09,2024-11-05,2024-11-11,Autumn,Debit Card,9090.96,7534.68,9471.89,11309.49,4451.03,785.82,41072.23,6,41072.23,8214.45,6845.37
3457,110,219,126,2023-03-26,2023-05-04,2023-05-06,Summer,Credit Card,2039.98,4234.61,4374.07,416.81,2007.49,133.9,12939.06,2,12939.06,2587.81,6469.53
3458,61,60,99,2023-07-28,2023-08-08,2023-08-13,Monsoon,Debit Card,106229.35,9083.32,5193.72,1657.95,7092.37,308.3,128948.41,5,128948.41,25789.68,25789.68
3459,396,441,80,2024-07-18,2024-09-16,2024-09-20,Autumn,Debit Card,6124.44,11027.04,9450.2,9495.73,5500.3,504.06,41093.65,4,41093.65,8218.73,10273.41
3460,879,409,156,2023-05-06,2023-06-24,2023-06-30,Monsoon,UPI,21001.5,10217.36,2464.41,745.32,1859.42,2712.31,33575.7,6,33575.7,6715.14,5595.95
3461,949,91,200,2023-03-03,2023-03-18,2023-03-21,Summer,Net Banking,12596.7,4268.93,7943.57,17498.29,2980.28,213.91,45073.86,3,45073.86,9014.77,15024.62
3462,143,306,195,2023-06-25,2023-08-24,2023-08-27,Monsoon,Credit Card,10433.22,1737.23,2522.6,2324.75,586.2,57.99,17546.01,3,17546.01,3509.2,5848.67
3463,802,233,1,2023-11-25,2023-12-22,2023-12-25,Winter,Debit Card,66596.85,4090.91,2304.03,8488.6,3305.31,3363.14,81422.56,3,81422.56,16284.51,27140.85
3464,837,387,164,2024-06-17,2024-07-16,2024-07-19,Monsoon,Credit Card,16363.89,3446.24,1368.97,3705.83,3647.82,2337.18,26195.57,3,26195.57,5239.11,8731.86
3465,55,106,65,2023-03-21,2023-05-12,2023-05-16,Summer,Debit Card,35521.52,25193.03,6537.94,5731.46,14116.58,2328.38,84772.15,4,84772.15,16954.43,21193.04
3466,463,444,191,2023-04-05,2023-05-06,2023-05-13,Summer,Net Banking,45636.99,7593.33,2972.04,6440.16,2558.14,1899.6,63301.06,7,63301.06,12660.21,9043.01
3467,365,385,51,2023-05-11,2023-05-25,2023-05-29,Summer,Debit Card,16338.24,22149.02,8784.31,28142.31,5085.13,2420.28,78078.73,4,78078.73,15615.75,19519.68
3468,376,148,22,2023-06-21,2023-07-13,2023-07-16,Monsoon,Net Banking,2511.18,3747.96,8735.7,19196.7,7488.63,15.07,41665.1,3,41665.1,8333.02,13888.37
3469,663,97,69,2024-03-30,2024-04-08,2024-04-10,Summer,Net Banking,2061.0,4100.98,8610.87,30451.36,4755.35,273.33,49706.23,2,49706.23,9941.25,24853.12
3470,618,190,89,2023-01-09,2023-03-04,2023-03-11,Summer,UPI,80835.16,6439.57,1734.24,48.31,1715.52,8203.86,82568.94,7,82568.94,16513.79,11795.56
3471,268,110,95,2024-09-26,2024-11-20,2024-11-22,Autumn,Cash,25469.2,8091.64,11492.05,19124.06,8247.74,1292.83,71131.86,2,71131.86,14226.37,35565.93
3472,736,384,98,2024-04-01,2024-05-17,2024-05-20,Summer,Net Banking,26543.94,2673.87,2051.64,5618.36,1805.7,2440.43,36253.08,3,36253.08,7250.62,12084.36
3473,589,290,96,2024-06-26,2024-07-09,2024-07-13,Monsoon,UPI,9148.4,15063.71,7056.38,12959.53,1404.78,1054.8,44578.0,4,44578.0,8915.6,11144.5
3474,311,110,95,2023-04-21,2023-05-26,2023-05-30,Summer,Net Banking,50938.4,5090.79,3340.77,4947.46,2851.63,2504.66,64664.39,4,64664.39,12932.88,16166.1
3475,827,355,193,2024-08-18,2024-10-17,2024-10-24,Autumn,Net Banking,21829.64,13027.72,2924.83,1813.12,1611.03,185.75,41020.59,7,41020.59,8204.12,5860.08
3476,524,55,8,2023-03-20,2023-05-18,2023-05-23,Summer,Net Banking,8170.15,6418.29,4110.91,8861.79,1415.39,132.73,28843.8,5,28843.8,5768.76,5768.76
3477,867,489,83,2023-09-24,2023-11-22,2023-11-25,Autumn,UPI,12387.3,3357.28,1284.11,7138.9,2469.4,1102.62,25534.37,3,25534.37,5106.87,8511.46
3478,476,173,82,2024-02-27,2024-03-04,2024-03-06,Summer,Debit Card,6734.46,3184.56,3490.76,7919.87,3539.61,647.14,24222.12,2,24222.12,4844.42,12111.06
3479,196,163,96,2024-01-10,2024-02-12,2024-02-14,Winter,UPI,3592.46,1611.73,1724.53,5627.14,1359.9,41.12,13874.64,2,13874.64,2774.93,6937.32
3480,701,324,148,2023-11-15,2024-01-10,2024-01-15,Winter,UPI,80557.0,15170.27,2580.12,17240.28,1893.6,6819.83,110621.44,5,110621.44,22124.29,22124.29
3481,994,337,71,2023-04-05,2023-05-07,2023-05-12,Summer,UPI,7446.35,12958.79,2113.67,11365.81,6040.12,171.67,39753.07,5,39753.07,7950.61,7950.61
3482,748,396,188,2024-10-24,2024-11-02,2024-11-04,Autumn,Net Banking,10854.64,1232.84,1758.39,338.63,1369.49,1150.98,14403.01,2,14403.01,2880.6,7201.5
3483,29,317,124,2024-04-17,2024-06-14,2024-06-19,Monsoon,Cash,22016.75,2928.06,2861.04,7996.87,1319.45,713.82,36408.35,5,36408.35,7281.67,7281.67
3484,653,55,8,2023-11-18,2023-12-15,2023-12-21,Winter,Debit Card,9804.18,7413.05,2655.12,473.09,650.97,1425.74,19570.67,6,19570.67,3914.13,3261.78
3485,653,312,93,2024-10-24,2024-11-16,2024-11-18,Autumn,Credit Card,3847.78,2783.21,2847.8,629.89,1253.94,213.78,11148.84,2,11148.84,2229.77,5574.42
3486,692,353,98,2024-08-25,2024-10-24,2024-10-26,Autumn,Cash,3683.44,1026.06,1375.01,5266.47,1685.56,134.63,12901.91,2,12901.91,2580.38,6450.96
3487,465,21,62,2023-01-21,2023-01-27,2023-01-29,Winter,Credit Card,4268.62,3757.65,4001.18,1324.08,908.52,449.64,13810.41,2,13810.41,2762.08,6905.2
3488,574,425,89,2023-02-28,2023-03-11,2023-03-18,Summer,Credit Card,7614.11,4779.89,4865.95,766.55,3700.61,623.66,21103.45,7,21103.45,4220.69,3014.78
3489,70,376,96,2023-06-04,2023-06-26,2023-07-03,Monsoon,Cash,25053.07,4674.97,4131.6,9158.94,2027.3,1947.23,43098.65,7,43098.65,8619.73,6156.95
3490,489,432,100,2022-11-27,2023-01-10,2023-01-14,Winter,Credit Card,9077.12,2489.38,4213.12,7769.59,1989.41,1138.2,24400.42,4,24400.42,4880.08,6100.1
3491,573,77,117,2024-07-25,2024-09-04,2024-09-09,Autumn,UPI,6960.55,8297.57,4648.42,9170.86,3779.13,529.21,32327.32,5,32327.32,6465.46,6465.46
3492,396,63,185,2023-05-26,2023-06-04,2023-06-09,Monsoon,Credit Card,5662.15,18014.46,3247.47,6535.21,6976.59,668.16,39767.72,5,39767.72,7953.54,7953.54
3493,610,200,73,2023-03-17,2023-05-06,2023-05-10,Summer,Debit Card,90059.84,7406.3,1334.51,5182.55,3875.43,1917.22,105941.41,4,105941.41,21188.28,26485.35
3494,334,427,29,2023-10-23,2023-12-11,2023-12-16,Winter,UPI,11877.2,12838.79,8790.49,35.53,6444.85,524.5,39462.36,5,39462.36,7892.47,7892.47
3495,992,129,1,2023-11-26,2023-12-14,2023-12-17,Winter,UPI,36472.11,8306.89,5261.31,16666.05,5836.34,2752.84,69789.86,3,69789.86,13957.97,23263.29
3496,510,483,56,2023-01-31,2023-02-05,2023-02-08,Winter,Credit Card,4308.51,3302.79,3760.82,6156.11,2731.51,9.27,20250.47,3,20250.47,4050.09,6750.16
3497,109,399,46,2024-05-17,2024-07-14,2024-07-21,Monsoon,Net Banking,68975.9,6440.78,3072.25,1672.16,2285.98,5061.41,77385.66,7,77385.66,15477.13,11055.09
3498,12,256,173,2023-08-05,2023-10-02,2023-10-06,Autumn,Cash,6310.24,9188.78,2250.32,11572.2,3706.85,370.48,32657.91,4,32657.91,6531.58,8164.48
3499,460,388,112,2023-08-21,2023-09-19,2023-09-21,Autumn,Debit Card,8677.58,7683.93,7672.47,16979.97,7618.31,405.96,48226.3,2,48226.3,9645.26,24113.15
3500,625,307,100,2022-11-15,2023-01-09,2023-01-16,Winter,Net Banking,15117.34,4791.59,2660.11,8217.39,2583.74,1961.28,31408.89,7,31408.89,6281.78,4486.98
3501,851,497,67,2024-04-30,2024-05-24,2024-05-29,Summer,UPI,59980.75,10814.95,6962.16,2124.68,5233.56,8099.23,77016.87,5,77016.87,15403.37,15403.37
3502,462,57,22,2024-04-02,2024-05-06,2024-05-12,Summer,Cash,29751.72,9814.18,8738.58,10422.49,6942.36,3435.22,62234.11,6,62234.11,12446.82,10372.35
3503,150,480,91,2023-09-22,2023-10-26,2023-10-31,Autumn,Net Banking,111462.85,19412.96,4056.47,14672.7,5421.02,2141.59,152884.41,5,152884.41,30576.88,30576.88
3504,882,157,137,2024-05-26,2024-07-14,2024-07-18,Monsoon,UPI,50562.0,5768.07,3590.56,1891.05,3053.39,5461.3,59403.77,4,59403.77,11880.75,14850.94
3505,160,330,102,2024-01-10,2024-02-08,2024-02-13,Winter,UPI,10356.4,8176.05,4569.94,5634.57,1756.86,1422.05,29071.77,5,29071.77,5814.35,5814.35
3506,568,284,14,2023-02-13,2023-03-05,2023-03-09,Summer,UPI,9127.08,6339.46,1873.45,3875.97,2301.43,221.67,23295.72,4,23295.72,4659.14,5823.93
3507,136,397,169,2024-09-29,2024-10-27,2024-11-01,Autumn,UPI,5613.9,8594.09,8291.74,2677.66,933.37,662.91,25447.85,5,25447.85,5089.57,5089.57
3508,227,431,73,2023-06-17,2023-07-04,2023-07-07,Monsoon,Net Banking,9255.39,7874.52,2327.22,11006.82,6571.24,932.93,36102.26,3,36102.26,7220.45,12034.09
3509,494,498,117,2023-12-22,2024-01-03,2024-01-05,Winter,UPI,4903.1,11685.9,11207.92,22921.5,12355.38,155.82,62917.98,2,62917.98,12583.6,31458.99
3510,363,125,133,2023-08-09,2023-08-18,2023-08-20,Monsoon,UPI,2167.68,5272.15,9002.44,18389.08,3365.15,187.57,38008.93,2,38008.93,7601.79,19004.46
3511,66,193,80,2024-04-23,2024-05-21,2024-05-23,Summer,UPI,11779.98,3660.95,4281.09,6055.03,3249.48,242.27,28784.26,2,28784.26,5756.85,14392.13
3512,893,411,35,2023-04-08,2023-05-21,2023-05-27,Summer,Credit Card,7863.42,7118.17,7155.7,17099.18,3064.3,17.85,42282.92,6,42282.92,8456.58,7047.15
3513,143,236,81,2023-06-20,2023-06-25,2023-07-02,Monsoon,Net Banking,37834.86,7026.93,3263.44,1460.36,2751.35,3566.93,48770.01,7,48770.01,9754.0,6967.14
3514,567,5,78,2023-07-15,2023-09-13,2023-09-16,Autumn,Debit Card,3733.92,5421.01,4239.41,4171.81,1292.14,359.21,18499.08,3,18499.08,3699.82,6166.36
3515,90,159,92,2023-02-17,2023-03-15,2023-03-18,Summer,Cash,43426.77,6773.8,7943.31,15500.35,7152.76,1799.96,78997.03,3,78997.03,15799.41,26332.34
3516,273,436,91,2023-10-24,2023-12-14,2023-12-18,Winter,Debit Card,23935.92,5551.52,1122.95,3763.96,3981.91,923.72,37432.54,4,37432.54,7486.51,9358.14
3517,391,455,166,2022-12-28,2023-02-17,2023-02-20,Winter,Cash,7358.07,10848.72,2505.94,9944.44,5960.74,148.3,36469.61,3,36469.61,7293.92,12156.54
3518,554,372,46,2024-07-12,2024-09-10,2024-09-12,Autumn,UPI,3078.92,2596.91,3626.56,2595.65,2451.76,269.69,14080.11,2,14080.11,2816.02,7040.06
3519,501,450,110,2023-12-31,2024-02-26,2024-02-29,Winter,UPI,14823.99,6003.57,6856.97,18249.87,4890.97,1311.04,49514.33,3,49514.33,9902.87,16504.78
3520,183,96,90,2024-11-14,2024-12-11,2024-12-18,Winter,UPI,7603.68,3777.0,3604.92,2795.66,927.42,10.75,18697.93,7,18697.93,3739.59,2671.13
3521,308,326,134,2024-07-23,2024-08-04,2024-08-09,Monsoon,Net Banking,95636.4,11611.07,7561.51,6691.77,4464.99,11995.93,113969.81,5,113969.81,22793.96,22793.96
3522,33,370,34,2024-04-30,2024-05-13,2024-05-20,Summer,Net Banking,6018.32,35074.19,15834.06,7738.32,8938.13,723.29,72879.73,7,72879.73,14575.95,10411.39
3523,949,476,30,2023-07-12,2023-09-02,2023-09-09,Autumn,Debit Card,14220.29,18667.29,7115.28,16961.9,4647.53,1835.81,59776.48,7,59776.48,11955.3,8539.5
3524,188,444,191,2024-08-05,2024-08-23,2024-08-28,Monsoon,Net Banking,32597.85,15022.9,3745.57,3514.22,3511.58,1522.91,56869.21,5,56869.21,11373.84,11373.84
3525,544,369,40,2023-10-16,2023-11-04,2023-11-06,Autumn,Credit Card,23798.1,1187.53,2404.22,4905.33,2834.62,1302.37,33827.43,2,33827.43,6765.49,16913.72
3526,201,211,130,2024-01-17,2024-02-27,2024-03-05,Winter,Debit Card,19071.78,8649.87,2423.11,7717.32,2846.86,630.16,40078.78,7,40078.78,8015.76,5725.54
3527,508,454,119,2023-06-06,2023-06-15,2023-06-18,Monsoon,UPI,17028.39,5779.15,4536.05,2157.51,3636.16,1708.92,31428.34,3,31428.34,6285.67,10476.11
3528,698,300,36,2023-01-16,2023-03-12,2023-03-16,Summer,Cash,49341.8,7379.62,4104.46,1741.05,2016.27,5340.64,59242.56,4,59242.56,11848.51,14810.64
3529,496,110,95,2024-06-20,2024-08-07,2024-08-10,Monsoon,Credit Card,38203.8,6874.15,8137.96,3.94,5196.25,809.15,57606.95,3,57606.95,11521.39,19202.32
3530,563,216,14,2024-07-26,2024-08-18,2024-08-21,Monsoon,Net Banking,44770.44,13198.88,5081.75,8000.37,10082.1,5306.54,75827.0,3,75827.0,15165.4,25275.67
3531,49,355,193,2024-05-06,2024-07-02,2024-07-07,Monsoon,Net Banking,15592.6,12815.43,2547.66,16798.17,1709.12,1713.98,47749.0,5,47749.0,9549.8,9549.8
3532,322,495,137,2024-08-22,2024-09-17,2024-09-23,Autumn,UPI,105914.52,5621.79,2681.49,8216.1,1328.01,1578.38,122183.53,6,122183.53,24436.71,20363.92
3533,927,43,142,2024-01-11,2024-02-25,2024-03-03,Winter,Cash,34221.39,13671.94,9714.49,3402.96,6239.62,642.59,66607.81,7,66607.81,13321.56,9515.4
3534,531,22,63,2023-05-03,2023-05-23,2023-05-28,Summer,Debit Card,5991.9,3773.36,3738.97,7397.03,2424.52,779.22,22546.56,5,22546.56,4509.31,4509.31
3535,149,305,46,2024-10-31,2024-11-27,2024-12-02,Autumn,Credit Card,10255.3,3994.53,4580.09,8365.2,3071.37,369.89,29896.6,5,29896.6,5979.32,5979.32
3536,636,264,144,2023-11-04,2023-12-21,2023-12-25,Winter,Cash,18787.88,6722.6,4113.45,4877.0,6719.58,560.32,40660.19,4,40660.19,8132.04,10165.05
3537,5,238,96,2024-06-09,2024-07-27,2024-08-01,Monsoon,Net Banking,45038.9,6016.58,2164.04,6482.53,1527.26,2838.18,58391.13,5,58391.13,11678.23,11678.23
3538,862,384,98,2024-10-17,2024-10-28,2024-11-03,Autumn,Debit Card,53087.88,3873.82,1977.94,7577.68,3599.78,1765.37,68351.73,6,68351.73,13670.35,11391.96
3539,805,488,134,2024-10-31,2024-11-07,2024-11-11,Autumn,Net Banking,3352.88,12815.16,5706.66,10112.94,3658.22,439.95,35205.91,4,35205.91,7041.18,8801.48
3540,465,30,95,2024-01-27,2024-03-01,2024-03-08,Summer,Net Banking,62132.84,7990.67,1178.44,3865.54,2742.58,3328.37,74581.7,7,74581.7,14916.34,10654.53
3541,528,480,91,2023-05-04,2023-05-14,2023-05-16,Summer,Net Banking,44585.14,2538.69,2639.03,3461.41,3465.85,1398.98,55291.14,2,55291.14,11058.23,27645.57
3542,395,391,33,2024-10-10,2024-12-09,2024-12-11,Winter,UPI,10308.5,4292.4,13283.83,504.0,11282.24,402.02,39268.95,2,39268.95,7853.79,19634.47
3543,583,224,88,2023-05-30,2023-07-11,2023-07-16,Monsoon,Credit Card,10376.0,2553.43,4527.46,5521.74,2902.39,12.03,25868.99,5,25868.99,5173.8,5173.8
3544,526,250,24,2023-02-05,2023-03-17,2023-03-19,Summer,Cash,4626.38,2963.83,6674.42,11365.28,1814.1,56.37,27387.64,2,27387.64,5477.53,13693.82
3545,98,260,196,2023-05-21,2023-07-18,2023-07-20,Monsoon,Cash,11763.94,2602.86,4500.99,1285.75,1946.6,4.81,22095.33,2,22095.33,4419.07,11047.66
3546,869,269,176,2024-11-26,2024-12-24,2024-12-29,Winter,Net Banking,10259.3,14550.31,2538.33,575.74,4175.52,1096.91,31002.29,5,31002.29,6200.46,6200.46
3547,701,432,100,2023-03-05,2023-04-05,2023-04-08,Summer,UPI,6807.84,7536.52,2422.86,2316.53,4165.49,229.61,23019.63,3,23019.63,4603.93,7673.21
3548,523,55,8,2024-09-26,2024-10-28,2024-11-01,Autumn,Credit Card,6536.12,17729.84,10644.98,2797.07,2851.42,602.26,39957.17,4,39957.17,7991.43,9989.29
3549,824,236,81,2023-10-15,2023-11-04,2023-11-08,Autumn,Debit Card,21619.92,6279.16,4172.41,4889.1,3825.63,2594.73,38191.49,4,38191.49,7638.3,9547.87
3550,803,411,35,2023-04-14,2023-05-16,2023-05-23,Summer,UPI,9173.99,7483.32,8001.84,15806.65,2919.07,1036.83,42348.04,7,42348.04,8469.61,6049.72
3551,435,321,137,2023-06-25,2023-07-13,2023-07-19,Monsoon,Credit Card,9718.86,7101.85,2875.21,7672.68,1381.41,1010.61,27739.4,6,27739.4,5547.88,4623.23
3552,424,89,144,2023-06-28,2023-07-10,2023-07-13,Monsoon,UPI,5891.94,5780.58,6504.27,14481.05,10791.45,275.0,43174.29,3,43174.29,8634.86,14391.43
3553,607,213,91,2024-10-09,2024-11-11,2024-11-15,Autumn,UPI,14727.56,4567.37,2261.21,7088.6,2385.96,253.83,30776.87,4,30776.87,6155.37,7694.22
3554,868,456,140,2024-09-24,2024-11-07,2024-11-13,Autumn,Debit Card,93990.36,7903.18,3016.77,6598.42,3281.87,7659.76,107130.84,6,107130.84,21426.17,17855.14
3555,502,491,90,2023-05-29,2023-06-25,2023-06-27,Monsoon,Debit Card,4807.14,6617.17,4723.53,4159.95,6349.03,273.46,26383.36,2,26383.36,5276.67,13191.68
3556,56,280,131,2024-07-24,2024-09-11,2024-09-16,Autumn,Cash,27965.65,6719.93,2715.32,7450.89,2409.3,3310.59,43950.5,5,43950.5,8790.1,8790.1
3557,301,246,3,2023-09-14,2023-10-08,2023-10-10,Autumn,Debit Card,4486.08,3633.1,3516.15,14429.64,6165.78,620.52,31610.23,2,31610.23,6322.05,15805.12
3558,796,328,157,2023-01-28,2023-03-01,2023-03-05,Summer,Net Banking,20079.56,13924.11,3082.73,14606.68,7842.29,1869.73,57665.64,4,57665.64,11533.13,14416.41
3559,457,216,14,2024-09-22,2024-11-14,2024-11-17,Autumn,Credit Card,44770.44,19602.52,15379.11,22743.84,12724.33,5990.06,109230.18,3,109230.18,21846.04,36410.06
3560,239,110,95,2024-11-10,2024-12-28,2025-01-02,Winter,Net Banking,63673.0,15909.92,15795.3,1204.98,11065.54,9472.87,98175.87,5,98175.87,19635.17,19635.17
3561,573,129,1,2024-03-13,2024-05-04,2024-05-06,Summer,Cash,24314.74,1558.03,3818.46,9021.07,1262.43,3344.91,36629.82,2,36629.82,7325.96,18314.91
3562,282,19,173,2023-05-20,2023-07-11,2023-07-17,Monsoon,Debit Card,8668.62,14592.38,7473.41,18390.18,4399.4,893.93,52630.06,6,52630.06,10526.01,8771.68
3563,944,70,19,2023-09-27,2023-10-07,2023-10-14,Autumn,Credit Card,30302.86,14562.0,4640.89,16220.47,5324.64,438.38,70612.48,7,70612.48,14122.5,10087.5
3564,969,257,2,2024-10-23,2024-12-17,2024-12-23,Winter,Net Banking,14340.12,34003.1,12851.92,16812.11,8718.75,2125.3,84600.7,6,84600.7,16920.14,14100.12
3565,359,438,101,2024-05-30,2024-07-20,2024-07-24,Monsoon,Net Banking,6740.88,11166.16,5235.05,1781.16,6404.93,87.57,31240.61,4,31240.61,6248.12,7810.15
3566,940,493,13,2024-07-05,2024-07-14,2024-07-21,Monsoon,Cash,106749.44,7323.64,4504.13,12752.53,6822.36,12808.63,125343.47,7,125343.47,25068.69,17906.21
3567,654,368,141,2024-06-28,2024-07-04,2024-07-10,Monsoon,Debit Card,101446.26,41523.47,14571.72,24141.95,13923.21,5972.38,189634.23,6,189634.23,37926.85,31605.7
3568,878,218,81,2024-06-29,2024-07-05,2024-07-07,Monsoon,Debit Card,2530.0,3123.71,5082.13,16205.03,1423.29,86.64,28277.52,2,28277.52,5655.5,14138.76
3569,51,450,110,2023-01-29,2023-02-09,2023-02-11,Winter,UPI,9882.66,3264.72,1157.35,4429.8,1924.51,1251.01,19408.03,2,19408.03,3881.61,9704.02
3570,826,115,7,2023-02-14,2023-03-27,2023-03-31,Summer,Cash,28217.84,7634.47,4948.15,4476.75,7133.89,3187.76,49223.34,4,49223.34,9844.67,12305.84
3571,428,442,145,2023-08-27,2023-09-18,2023-09-25,Autumn,Cash,74013.8,5228.16,3874.0,4778.53,1553.58,3523.12,85924.95,7,85924.95,17184.99,12274.99
3572,535,490,39,2024-06-04,2024-06-13,2024-06-16,Monsoon,Cash,17499.57,3518.9,2963.66,1523.39,3824.43,2467.53,26862.42,3,26862.42,5372.48,8954.14
3573,201,172,167,2024-02-20,2024-04-13,2024-04-15,Summer,UPI,3134.38,5694.79,8907.43,2168.87,5568.53,439.36,25034.64,2,25034.64,5006.93,12517.32
3574,939,263,182,2024-08-22,2024-10-18,2024-10-25,Autumn,Cash,12055.68,45402.33,13870.41,13056.16,14146.24,120.05,98410.77,7,98410.77,19682.15,14058.68
3575,892,468,83,2024-01-12,2024-01-19,2024-01-23,Winter,Credit Card,20135.08,14101.68,2012.67,3156.66,1555.21,2045.94,38915.36,4,38915.36,7783.07,9728.84
3576,33,111,37,2024-05-17,2024-06-06,2024-06-11,Monsoon,Debit Card,91877.15,14878.69,6545.62,29421.0,3678.7,862.81,145538.35,5,145538.35,29107.67,29107.67
3577,906,321,137,2024-05-02,2024-06-28,2024-07-03,Monsoon,Debit Card,8099.05,8837.81,4038.57,7836.64,2141.68,1036.95,29916.8,5,29916.8,5983.36,5983.36
3578,676,418,155,2024-11-10,2024-11-24,2024-12-01,Autumn,Cash,38788.96,5365.38,1140.25,1036.17,975.25,5191.95,42114.06,7,42114.06,8422.81,6016.29
3579,555,393,181,2023-12-30,2024-02-03,2024-02-07,Winter,Credit Card,19152.6,6392.24,2961.35,5674.32,1325.8,646.15,34860.16,4,34860.16,6972.03,8715.04
3580,281,352,118,2024-01-21,2024-02-19,2024-02-21,Winter,Cash,3164.24,6661.81,6833.49,17528.8,2909.61,289.68,36808.27,2,36808.27,7361.65,18404.13
3581,402,88,116,2024-05-08,2024-06-12,2024-06-14,Monsoon,Net Banking,4836.26,3508.64,6768.86,16231.28,3630.99,368.12,34607.91,2,34607.91,6921.58,17303.96
3582,167,428,88,2023-10-09,2023-11-15,2023-11-19,Autumn,Net Banking,6260.4,4774.94,3704.38,9721.97,930.42,61.82,25330.29,4,25330.29,5066.06,6332.57
3583,605,293,50,2023-11-17,2023-12-16,2023-12-23,Winter,Net Banking,157417.89,6319.68,8011.21,17650.09,4912.68,34.1,194277.45,7,194277.45,38855.49,27753.92
3584,176,332,42,2024-06-10,2024-06-25,2024-07-02,Monsoon,UPI,36522.36,6713.88,1732.15,5057.72,3466.98,5198.95,48294.14,7,48294.14,9658.83,6899.16
3585,1,359,13,2023-11-11,2023-12-20,2023-12-25,Winter,Cash,11200.75,14556.9,2319.9,19752.13,7769.36,711.75,54887.29,5,54887.29,10977.46,10977.46
3586,975,175,111,2024-08-12,2024-09-24,2024-09-26,Autumn,Cash,27795.06,4487.67,7164.27,16474.14,3128.2,2714.72,56334.62,2,56334.62,11266.92,28167.31
3587,499,357,38,2023-04-07,2023-04-23,2023-04-25,Summer,Debit Card,19459.74,6330.19,3129.76,7561.76,7012.84,1175.35,42318.94,2,42318.94,8463.79,21159.47
3588,483,14,1,2023-11-18,2023-12-16,2023-12-20,Winter,Net Banking,3507.96,9338.01,7460.14,5165.04,3949.9,365.0,29056.05,4,29056.05,5811.21,7264.01
3589,396,455,166,2023-04-05,2023-04-19,2023-04-23,Summer,Net Banking,9810.76,7454.43,2144.52,10105.4,2557.5,220.88,31851.73,4,31851.73,6370.35,7962.93
3590,355,236,81,2024-04-20,2024-05-03,2024-05-06,Summer,Net Banking,16214.94,3269.56,4009.86,6922.14,1807.08,1849.41,30374.17,3,30374.17,6074.83,10124.72
3591,586,144,179,2024-10-21,2024-12-12,2024-12-19,Winter,Net Banking,7365.05,5940.35,2145.88,5701.1,2808.24,468.36,23492.26,7,23492.26,4698.45,3356.04
3592,182,75,119,2024-07-14,2024-08-16,2024-08-21,Monsoon,Credit Card,5281.35,4010.76,3221.74,8054.64,3883.74,47.05,24405.18,5,24405.18,4881.04,4881.04
3593,985,36,106,2022-12-15,2023-01-09,2023-01-15,Winter,Cash,123607.74,16367.01,4885.74,2037.7,3796.89,10893.62,139801.46,6,139801.46,27960.29,23300.24
3594,613,309,94,2024-11-30,2024-12-20,2024-12-27,Winter,Debit Card,11748.31,11436.46,3451.25,2030.66,2269.15,1276.65,29659.18,7,29659.18,5931.84,4237.03
3595,540,229,3,2023-06-28,2023-08-18,2023-08-23,Monsoon,Cash,23249.65,6856.4,3117.28,3454.98,929.66,1560.33,36047.64,5,36047.64,7209.53,7209.53
3596,571,446,176,2023-10-17,2023-11-13,2023-11-16,Autumn,Debit Card,30838.41,9441.49,4134.89,29097.68,9800.75,3857.01,79456.21,3,79456.21,15891.24,26485.4
3597,647,316,185,2024-03-18,2024-05-08,2024-05-15,Summer,UPI,16872.31,4897.23,3319.06,5227.69,1819.15,1306.96,30828.48,7,30828.48,6165.7,4404.07
3598,946,469,35,2023-07-05,2023-07-22,2023-07-25,Monsoon,UPI,40789.62,2294.29,4634.81,7799.86,3036.45,351.89,58203.14,3,58203.14,11640.63,19401.05
3599,405,238,96,2023-02-26,2023-04-14,2023-04-21,Summer,Net Banking,63054.46,5443.55,1352.71,565.78,1914.56,4321.51,68009.55,7,68009.55,13601.91,9715.65
3600,455,413,40,2024-08-29,2024-10-15,2024-10-22,Autumn,Debit Card,74576.74,19553.19,5271.48,9589.94,1325.95,6810.39,103506.91,7,103506.91,20701.38,14786.7
3601,368,334,158,2024-05-08,2024-06-14,2024-06-20,Monsoon,Cash,5386.14,18176.63,4075.21,7759.18,7922.44,34.66,43284.94,6,43284.94,8656.99,7214.16
3602,435,81,152,2023-12-01,2023-12-13,2023-12-15,Winter,Debit Card,5646.28,1724.84,2118.62,5561.04,2152.82,159.06,17044.54,2,17044.54,3408.91,8522.27
3603,359,56,48,2024-05-13,2024-06-25,2024-06-27,Monsoon,Cash,1891.36,4697.21,4743.77,7082.18,2232.29,164.64,20482.17,2,20482.17,4096.43,10241.08
3604,22,205,170,2024-02-29,2024-03-16,2024-03-20,Summer,Net Banking,7017.92,4417.73,1815.57,5507.32,2165.3,155.19,20768.65,4,20768.65,4153.73,5192.16
3605,407,339,71,2024-06-27,2024-07-02,2024-07-07,Monsoon,Debit Card,28594.3,11962.21,6673.66,5383.11,2327.71,2780.81,52160.18,5,52160.18,10432.04,10432.04
3606,712,182,172,2023-05-20,2023-07-01,2023-07-07,Monsoon,Cash,35296.92,20190.08,4886.89,16188.81,6776.92,3009.65,80329.97,6,80329.97,16065.99,13388.33
3607,803,358,162,2024-12-17,2024-12-23,2024-12-27,Winter,Credit Card,8540.28,13009.32,6237.67,5588.27,5659.86,957.76,38077.64,4,38077.64,7615.53,9519.41
3608,354,370,34,2024-07-21,2024-08-09,2024-08-13,Monsoon,UPI,3439.04,6136.38,4548.26,5286.2,4461.62,51.76,23819.74,4,23819.74,4763.95,5954.94
3609,63,250,24,2024-06-01,2024-06-15,2024-06-18,Monsoon,Debit Card,6939.57,3845.22,4890.82,15664.57,3286.83,702.59,33924.42,3,33924.42,6784.88,11308.14
3610,775,166,33,2023-11-27,2023-12-02,2023-12-05,Winter,Net Banking,10699.23,1549.99,2840.86,3633.19,709.59,1359.05,18073.81,3,18073.81,3614.76,6024.6
3611,863,215,19,2024-09-06,2024-10-25,2024-10-30,Autumn,Cash,12396.3,8648.56,6300.18,774.02,3234.28,468.85,30884.49,5,30884.49,6176.9,6176.9
3612,247,446,176,2023-07-03,2023-08-04,2023-08-10,Monsoon,Credit Card,61676.82,4394.5,4826.3,374.81,1697.14,59.17,72910.4,6,72910.4,14582.08,12151.73
3613,26,207,77,2023-06-14,2023-07-12,2023-07-18,Monsoon,UPI,33592.5,11351.48,1876.17,5854.22,2815.93,4358.38,51131.92,6,51131.92,10226.38,8521.99
3614,888,133,120,2024-03-19,2024-04-14,2024-04-17,Summer,Debit Card,24819.03,2316.74,1383.67,7430.67,2376.29,2289.68,36036.72,3,36036.72,7207.34,12012.24
3615,287,393,181,2024-02-11,2024-02-21,2024-02-26,Winter,Net Banking,23940.75,13460.13,3592.6,18755.28,2669.28,284.19,62133.85,5,62133.85,12426.77,12426.77
3616,445,299,92,2023-04-11,2023-04-16,2023-04-20,Summer,Net Banking,3940.08,5586.42,3833.52,130.19,2009.84,483.0,15017.05,4,15017.05,3003.41,3754.26
3617,422,463,151,2023-03-13,2023-03-26,2023-04-01,Summer,Net Banking,9307.14,5621.42,3819.73,5024.9,895.76,632.95,24036.0,6,24036.0,4807.2,4006.0
3618,196,13,117,2023-08-20,2023-09-27,2023-09-30,Autumn,Credit Card,5831.13,2739.28,1529.34,4408.05,3997.13,454.34,18050.59,3,18050.59,3610.12,6016.86
3619,617,388,112,2024-04-29,2024-06-05,2024-06-11,Monsoon,Debit Card,26032.74,3067.01,3567.01,5524.95,697.43,564.29,38324.85,6,38324.85,7664.97,6387.48
3620,515,184,183,2024-02-20,2024-02-28,2024-03-05,Winter,Debit Card,129645.96,19392.85,6567.65,2995.39,3858.76,5108.19,157352.42,6,157352.42,31470.48,26225.4
3621,748,280,131,2024-04-20,2024-05-11,2024-05-17,Summer,Cash,33558.78,3611.66,4893.1,2723.4,554.08,4399.0,40942.02,6,40942.02,8188.4,6823.67
3622,557,484,114,2024-10-19,2024-11-12,2024-11-17,Autumn,Credit Card,11692.1,12899.78,3144.58,8992.43,6220.05,90.22,42858.72,5,42858.72,8571.74,8571.74
3623,976,191,71,2024-04-02,2024-05-10,2024-05-15,Summer,Credit Card,23616.25,5021.89,2522.25,2250.39,3502.65,3282.42,33631.01,5,33631.01,6726.2,6726.2
3624,49,427,29,2023-07-04,2023-08-19,2023-08-23,Monsoon,UPI,9501.76,10362.38,8075.56,6492.8,6312.09,197.44,40547.15,4,40547.15,8109.43,10136.79
3625,911,465,38,2023-10-03,2023-10-11,2023-10-16,Autumn,Net Banking,66900.7,14425.63,8878.04,8655.31,1387.06,9887.87,90358.87,5,90358.87,18071.77,18071.77
3626,369,15,18,2023-11-20,2023-12-27,2023-12-31,Winter,UPI,5152.2,12354.8,5425.59,9694.0,7239.18,164.43,39701.34,4,39701.34,7940.27,9925.33
3627,824,244,133,2023-07-08,2023-07-19,2023-07-25,Monsoon,UPI,5771.46,7387.62,1903.01,1519.65,2484.33,513.87,18552.2,6,18552.2,3710.44,3092.03
3628,722,98,71,2023-03-15,2023-05-03,2023-05-09,Summer,Net Banking,44980.62,18490.04,1931.61,2245.49,1769.94,2851.24,66566.46,6,66566.46,13313.29,11094.41
3629,801,140,61,2024-05-16,2024-06-06,2024-06-13,Monsoon,Debit Card,39929.19,9481.57,2525.12,14641.33,4559.59,783.23,70353.57,7,70353.57,14070.71,10050.51
3630,664,214,76,2023-09-02,2023-10-08,2023-10-13,Autumn,Debit Card,11073.55,17892.42,8509.0,1963.21,2281.01,1422.29,40296.9,5,40296.9,8059.38,8059.38
3631,256,4,123,2023-06-13,2023-07-04,2023-07-08,Monsoon,Debit Card,12172.56,6998.69,6272.09,15365.15,1091.44,563.63,41336.3,4,41336.3,8267.26,10334.08
3632,223,410,116,2023-04-14,2023-05-17,2023-05-21,Summer,Debit Card,19621.0,6818.73,2667.38,4034.11,3646.08,1625.98,35161.32,4,35161.32,7032.26,8790.33
3633,424,390,24,2024-06-11,2024-06-18,2024-06-20,Monsoon,Credit Card,1803.24,11327.72,16666.84,20727.65,6205.89,238.16,56493.18,2,56493.18,11298.64,28246.59
3634,772,111,37,2024-04-19,2024-06-16,2024-06-20,Monsoon,Credit Card,73501.72,7477.19,4412.96,2695.59,2896.09,10887.18,80096.37,4,80096.37,16019.27,20024.09
3635,765,413,40,2024-12-07,2024-12-18,2024-12-24,Winter,Credit Card,63922.92,11652.41,2816.38,9666.3,2993.48,2624.74,88426.75,6,88426.75,17685.35,14737.79
3636,949,371,120,2024-11-09,2024-12-17,2024-12-19,Winter,UPI,3465.06,5416.41,7869.0,17686.71,6192.32,496.46,40133.04,2,40133.04,8026.61,20066.52
3637,278,219,126,2024-04-27,2024-05-09,2024-05-14,Summer,Credit Card,5099.95,2766.5,4470.71,4066.73,1772.05,645.21,17530.73,5,17530.73,3506.15,3506.15
3638,933,203,183,2024-04-12,2024-06-10,2024-06-14,Monsoon,UPI,6081.88,6819.33,8990.19,13699.6,2538.82,849.48,37280.34,4,37280.34,7456.07,9320.08
3639,509,218,81,2024-05-08,2024-06-20,2024-06-22,Monsoon,Debit Card,2530.0,2988.12,2102.13,9227.53,3291.35,88.42,20050.71,2,20050.71,4010.14,10025.36
3640,822,288,102,2024-01-21,2024-02-06,2024-02-11,Winter,Net Banking,32816.15,35257.21,10949.36,11150.1,9942.45,2591.62,97523.65,5,97523.65,19504.73,19504.73
3641,402,50,12,2023-06-10,2023-07-18,2023-07-21,Monsoon,Net Banking,41979.36,4465.18,4213.09,16928.57,5053.0,4734.43,67904.77,3,67904.77,13580.95,22634.92
3642,206,45,159,2023-07-04,2023-07-21,2023-07-23,Monsoon,Debit Card,2508.9,4073.05,2909.46,2185.5,4109.93,1.81,15785.03,2,15785.03,3157.01,7892.52
3643,497,260,196,2023-04-16,2023-05-10,2023-05-15,Summer,Cash,29409.85,8415.4,2782.46,7481.46,1293.32,2737.73,46644.76,5,46644.76,9328.95,9328.95
3644,826,383,15,2024-01-19,2024-03-03,2024-03-10,Summer,Net Banking,29209.39,16837.98,8144.11,6232.4,4341.6,2919.25,61846.23,7,61846.23,12369.25,8835.18
3645,536,486,174,2024-12-05,2024-12-22,2024-12-24,Winter,Debit Card,3161.86,2903.77,4005.1,6962.18,2882.82,144.38,19771.35,2,19771.35,3954.27,9885.67
3646,541,230,108,2024-03-02,2024-05-01,2024-05-06,Summer,Debit Card,60938.3,7075.6,1605.93,6284.61,865.24,4452.49,72317.19,5,72317.19,14463.44,14463.44
3647,418,175,111,2023-06-01,2023-06-13,2023-06-19,Monsoon,Debit Card,83385.18,34801.08,7380.61,11836.9,2887.76,470.05,139821.48,6,139821.48,27964.3,23303.58
3648,324,134,75,2023-04-02,2023-05-19,2023-05-22,Summer,UPI,3637.17,7092.42,16875.2,18499.39,7243.08,169.82,53177.44,3,53177.44,10635.49,17725.81
3649,258,4,123,2024-01-05,2024-02-28,2024-03-01,Winter,Net Banking,6086.28,2058.96,7790.37,12014.99,2487.09,830.89,29606.8,2,29606.8,5921.36,14803.4
3650,312,157,137,2023-03-28,2023-05-16,2023-05-20,Summer,Debit Card,50562.0,3816.76,7696.79,6861.06,1502.45,3302.05,67137.01,4,67137.01,13427.4,16784.25
3651,690,56,48,2024-05-07,2024-06-03,2024-06-08,Monsoon,Debit Card,4728.4,3908.42,2701.84,9717.53,1445.45,513.39,21988.25,5,21988.25,4397.65,4397.65
3652,91,104,32,2024-05-08,2024-05-17,2024-05-19,Summer,Cash,19130.36,3662.28,5202.37,13476.19,9893.66,1885.26,49479.6,2,49479.6,9895.92,24739.8
3653,307,463,151,2024-04-22,2024-05-19,2024-05-21,Summer,UPI,3102.38,2747.26,3762.29,3591.42,2362.76,88.15,15477.96,2,15477.96,3095.59,7738.98
3654,499,440,139,2023-04-24,2023-05-28,2023-05-31,Summer,Cash,53632.56,6546.39,7811.79,16898.08,4622.22,4304.8,85206.24,3,85206.24,17041.25,28402.08
3655,248,459,97,2023-04-17,2023-06-13,2023-06-19,Monsoon,UPI,14104.98,15530.33,8860.76,14270.37,7853.25,1379.76,59239.93,6,59239.93,11847.99,9873.32
3656,24,422,199,2023-09-09,2023-09-15,2023-09-19,Autumn,Net Banking,6470.28,3652.84,2361.54,2361.03,2820.49,366.54,17299.64,4,17299.64,3459.93,4324.91
3657,3,134,75,2023-04-08,2023-05-22,2023-05-28,Summer,Credit Card,7274.34,13688.34,7838.19,8629.35,2229.32,31.13,39628.41,6,39628.41,7925.68,6604.74
3658,505,327,28,2023-10-10,2023-10-23,2023-10-28,Autumn,Debit Card,15072.65,3747.46,4128.67,2219.83,1993.52,1937.83,25224.3,5,25224.3,5044.86,5044.86
3659,61,135,188,2023-11-22,2023-12-21,2023-12-23,Winter,UPI,13011.32,4959.74,3674.64,4208.83,2228.32,1645.97,26436.88,2,26436.88,5287.38,13218.44
3660,169,215,19,2024-08-28,2024-10-09,2024-10-12,Autumn,Credit Card,7437.78,5843.99,4264.74,3439.78,1232.26,1068.93,21149.62,3,21149.62,4229.92,7049.87
3661,480,455,166,2024-02-28,2024-03-27,2024-03-29,Summer,Debit Card,4905.38,3031.14,2386.88,6145.75,2020.2,106.74,18382.61,2,18382.61,3676.52,9191.3
3662,61,325,154,2023-05-17,2023-05-23,2023-05-29,Summer,Cash,41341.26,15478.87,5100.42,8406.94,6459.66,4344.91,72442.24,6,72442.24,14488.45,12073.71
3663,92,133,120,2023-06-06,2023-08-04,2023-08-09,Monsoon,UPI,41365.05,3183.46,1275.45,6149.29,811.56,1241.66,51543.15,5,51543.15,10308.63,10308.63
3664,376,215,19,2023-02-27,2023-04-21,2023-04-24,Summer,UPI,7437.78,11317.88,9081.76,3466.68,1285.06,460.48,32128.68,3,32128.68,6425.74,10709.56
3665,553,386,80,2023-11-19,2023-12-06,2023-12-12,Winter,UPI,74683.5,4832.81,4403.75,6092.17,2656.05,6024.42,86643.86,6,86643.86,17328.77,14440.64
3666,612,164,188,2024-11-02,2024-12-12,2024-12-18,Winter,Debit Card,68950.8,7920.87,2259.33,8686.57,6363.32,3331.16,90849.73,6,90849.73,18169.95,15141.62
3667,611,139,149,2024-07-13,2024-08-12,2024-08-16,Monsoon,UPI,37088.48,4703.05,5507.38,13985.07,4132.45,4936.41,60480.02,4,60480.02,12096.0,15120.0
3668,688,171,106,2023-12-01,2023-12-18,2023-12-23,Winter,Net Banking,20920.5,5558.81,2388.23,4540.64,1235.62,2307.09,32336.71,5,32336.71,6467.34,6467.34
3669,81,86,37,2023-03-20,2023-04-08,2023-04-15,Summer,Cash,7240.59,15617.94,7459.39,11538.1,5185.78,284.25,46757.55,7,46757.55,9351.51,6679.65
3670,76,155,47,2023-03-03,2023-04-27,2023-05-01,Summer,UPI,33992.64,12110.77,8062.75,15090.45,4178.48,2875.26,70559.83,4,70559.83,14111.97,17639.96
3671,540,365,81,2024-07-31,2024-08-17,2024-08-23,Monsoon,Debit Card,26529.24,6258.15,2486.59,2863.52,625.71,3410.8,35352.41,6,35352.41,7070.48,5892.07
3672,961,175,111,2024-06-27,2024-07-06,2024-07-10,Monsoon,Credit Card,55590.12,4941.12,3721.11,2865.28,1829.22,7884.56,61062.29,4,61062.29,12212.46,15265.57
3673,22,482,81,2023-10-03,2023-10-24,2023-10-29,Autumn,Credit Card,4737.8,9718.64,2903.3,3208.9,3620.12,12.21,24176.55,5,24176.55,4835.31,4835.31
3674,48,341,138,2023-12-08,2023-12-26,2023-12-28,Winter,Debit Card,23883.84,2769.36,2538.72,2517.85,4567.41,3443.49,32833.69,2,32833.69,6566.74,16416.84
3675,110,92,94,2024-02-12,2024-03-20,2024-03-23,Summer,Debit Card,6276.03,4719.27,6443.9,18224.45,1691.05,918.98,36435.72,3,36435.72,7287.14,12145.24
3676,958,85,152,2023-06-08,2023-06-21,2023-06-26,Monsoon,Debit Card,50018.25,6036.18,3701.39,3652.42,3891.27,2521.49,64778.02,5,64778.02,12955.6,12955.6
3677,38,137,27,2024-04-07,2024-05-16,2024-05-21,Summer,Net Banking,19840.6,6628.37,4239.2,7657.83,3860.03,2020.75,40205.28,5,40205.28,8041.06,8041.06
3678,655,181,68,2023-09-21,2023-10-07,2023-10-12,Autumn,Cash,11232.8,8529.93,3208.98,3148.08,5222.67,320.43,31022.03,5,31022.03,6204.41,6204.41
3679,364,407,130,2023-03-21,2023-04-07,2023-04-14,Summer,Net Banking,41956.11,21844.28,5850.94,3388.99,1121.11,5530.27,68631.16,7,68631.16,13726.23,9804.45
3680,350,228,114,2024-01-23,2024-02-08,2024-02-11,Winter,Cash,11692.77,7023.19,7823.27,12187.67,7521.29,1732.87,44515.32,3,44515.32,8903.06,14838.44
3681,573,374,3,2023-05-23,2023-06-21,2023-06-23,Monsoon,Debit Card,27692.08,3636.53,2318.93,2841.82,3956.06,2422.83,38022.59,2,38022.59,7604.52,19011.29
3682,15,319,18,2024-07-05,2024-08-17,2024-08-19,Monsoon,Cash,4868.56,6345.55,2099.61,13917.26,4056.39,685.0,30602.37,2,30602.37,6120.47,15301.18
3683,402,292,55,2023-06-14,2023-07-22,2023-07-24,Monsoon,Cash,5139.64,7190.22,2687.99,16103.56,4479.37,433.24,35167.54,2,35167.54,7033.51,17583.77
3684,838,467,147,2024-09-01,2024-09-13,2024-09-16,Autumn,Debit Card,6221.61,10502.07,2400.99,12526.82,955.31,132.54,32474.26,3,32474.26,6494.85,10824.75
3685,94,186,112,2024-05-03,2024-05-28,2024-06-03,Summer,Net Banking,32018.58,40155.44,16540.53,33168.05,4455.35,981.53,125356.42,6,125356.42,25071.28,20892.74
3686,170,451,191,2023-04-24,2023-06-17,2023-06-23,Monsoon,Cash,11342.22,11909.69,8732.11,9029.21,5998.51,1591.12,45420.62,6,45420.62,9084.12,7570.1
3687,378,417,90,2024-06-28,2024-07-07,2024-07-09,Monsoon,Net Banking,28604.92,1484.7,1268.11,7123.91,2929.18,1521.2,39889.62,2,39889.62,7977.92,19944.81
3688,869,387,164,2024-02-22,2024-03-27,2024-03-30,Summer,Cash,16363.89,10272.5,7085.23,12319.39,2728.13,493.25,48275.89,3,48275.89,9655.18,16091.96
3689,19,175,111,2024-03-17,2024-05-03,2024-05-05,Summer,Debit Card,27795.06,6081.95,9986.3,15450.8,4226.64,2390.11,61150.64,2,61150.64,12230.13,30575.32
3690,43,286,165,2024-11-19,2024-12-18,2024-12-24,Winter,Net Banking,5264.28,15248.03,8918.33,15617.69,2786.18,202.03,47632.48,6,47632.48,9526.5,7938.75
3691,165,97,69,2024-01-30,2024-02-25,2024-02-28,Winter,Credit Card,3091.5,2259.7,3828.8,9652.65,2418.74,21.04,21230.35,3,21230.35,4246.07,7076.78
3692,143,330,102,2023-11-11,2023-12-25,2023-12-31,Winter,Credit Card,12427.68,7964.01,3728.51,477.51,2509.86,1619.52,25488.05,6,25488.05,5097.61,4248.01
3693,747,373,124,2023-09-29,2023-10-11,2023-10-15,Autumn,Credit Card,6204.64,3750.86,2433.09,595.84,1720.3,619.13,14085.6,4,14085.6,2817.12,3521.4
3694,721,124,190,2024-08-30,2024-09-21,2024-09-28,Autumn,Debit Card,33642.0,27375.8,7504.39,18177.48,6485.19,1285.08,91899.78,7,91899.78,18379.96,13128.54
3695,911,94,23,2024-03-08,2024-04-10,2024-04-13,Summer,UPI,8518.53,9228.81,7514.53,13987.22,6178.61,227.84,45199.86,3,45199.86,9039.97,15066.62
3696,349,109,178,2024-06-03,2024-08-01,2024-08-05,Monsoon,Debit Card,58048.76,6337.85,5665.45,1505.82,2684.0,5477.8,68764.08,4,68764.08,13752.82,17191.02
3697,142,189,195,2024-08-02,2024-09-17,2024-09-21,Autumn,Debit Card,7026.24,4713.23,4252.21,9955.29,2260.9,186.47,28021.4,4,28021.4,5604.28,7005.35
3698,583,51,5,2023-11-22,2023-12-06,2023-12-10,Winter,Net Banking,8315.32,4338.82,4742.98,8837.22,3227.7,669.67,28792.37,4,28792.37,5758.47,7198.09
3699,620,412,198,2023-04-19,2023-06-01,2023-06-06,Monsoon,Cash,70955.6,15589.0,6859.16,13481.57,3505.64,9726.26,100664.71,5,100664.71,20132.94,20132.94
3700,851,426,160,2023-07-30,2023-09-03,2023-09-07,Autumn,Debit Card,45578.6,6145.93,4967.01,2434.95,6227.17,6121.05,59232.61,4,59232.61,11846.52,14808.15
3701,245,256,173,2023-06-19,2023-07-18,2023-07-20,Monsoon,UPI,3155.12,13299.7,6993.64,27480.35,13404.98,260.46,64073.33,2,64073.33,12814.67,32036.66
3702,185,394,83,2024-03-28,2024-05-03,2024-05-06,Summer,Credit Card,7063.83,4580.93,2293.32,2401.26,586.84,211.6,16714.58,3,16714.58,3342.92,5571.53
3703,890,96,90,2024-03-24,2024-05-19,2024-05-24,Summer,UPI,5431.2,10508.03,3610.25,16220.55,2102.32,738.29,37134.06,5,37134.06,7426.81,7426.81
3704,72,473,50,2023-02-17,2023-03-20,2023-03-26,Summer,Debit Card,111796.98,8491.69,4947.69,7505.62,2923.24,2647.63,133017.59,6,133017.59,26603.52,22169.6
3705,423,336,179,2023-04-18,2023-05-12,2023-05-15,Summer,Credit Card,10316.88,7503.35,7802.56,528.37,2199.97,1490.55,26860.58,3,26860.58,5372.12,8953.53
3706,967,160,127,2023-08-30,2023-09-08,2023-09-12,Autumn,Net Banking,3458.16,11687.12,3567.88,16396.46,3654.14,257.36,38506.4,4,38506.4,7701.28,9626.6
3707,213,206,28,2023-04-01,2023-04-11,2023-04-18,Summer,UPI,31936.66,12439.12,3123.01,13587.6,1754.74,666.86,62174.27,7,62174.27,12434.85,8882.04
3708,333,352,118,2024-03-31,2024-05-17,2024-05-21,Summer,Debit Card,6328.48,12497.79,6088.22,13720.47,4479.19,675.91,42438.24,4,42438.24,8487.65,10609.56
3709,611,435,64,2024-04-20,2024-05-15,2024-05-21,Summer,Debit Card,59395.98,21576.07,3392.69,3173.11,5114.86,4420.83,88231.88,6,88231.88,17646.38,14705.31
3710,700,199,151,2024-04-30,2024-05-10,2024-05-13,Summer,Debit Card,6672.03,5683.34,4781.03,7380.82,767.04,281.12,25003.14,3,25003.14,5000.63,8334.38
3711,160,158,91,2024-03-30,2024-04-17,2024-04-19,Summer,Net Banking,13522.0,3669.92,1058.14,3998.8,996.09,1286.74,21958.21,2,21958.21,4391.64,10979.1
3712,982,98,71,2023-06-28,2023-07-09,2023-07-11,Monsoon,UPI,14993.54,2752.22,9588.36,12570.71,2407.05,2088.39,40223.49,2,40223.49,8044.7,20111.74
3713,957,153,165,2023-03-15,2023-03-24,2023-03-27,Summer,Net Banking,33922.62,11524.85,4092.0,6265.83,2994.31,1971.85,56827.76,3,56827.76,11365.55,18942.59
3714,429,261,155,2024-10-19,2024-11-20,2024-11-25,Autumn,UPI,6540.75,9763.24,6332.95,16685.95,3334.32,504.12,42153.09,5,42153.09,8430.62,8430.62
3715,727,100,104,2023-01-04,2023-01-23,2023-01-26,Winter,Debit Card,4718.94,2096.66,3460.2,5609.42,3308.47,508.78,18684.91,3,18684.91,3736.98,6228.3
3716,972,70,19,2024-09-16,2024-10-01,2024-10-08,Autumn,Net Banking,30302.86,10496.03,2935.8,6030.27,1846.83,1348.22,50263.57,7,50263.57,10052.71,7180.51
3717,618,145,132,2024-11-10,2024-12-04,2024-12-11,Winter,Net Banking,153590.64,7224.21,4803.52,9746.72,3086.56,18343.74,160107.91,7,160107.91,32021.58,22872.56
3718,558,145,132,2024-12-09,2024-12-23,2024-12-28,Winter,Credit Card,109707.6,8643.46,3061.74,1839.24,1051.92,8256.51,116047.45,5,116047.45,23209.49,23209.49
3719,580,161,135,2023-05-17,2023-07-10,2023-07-12,Monsoon,Credit Card,5611.72,4854.29,4538.61,1258.83,6794.49,517.69,22540.25,2,22540.25,4508.05,11270.12
3720,636,451,191,2024-02-06,2024-03-15,2024-03-21,Summer,Credit Card,11342.22,20159.83,5433.7,14343.4,1172.7,967.13,51484.72,6,51484.72,10296.94,8580.79
3721,196,29,143,2023-08-19,2023-10-10,2023-10-17,Autumn,Net Banking,8634.43,11235.46,4272.56,9602.54,3070.5,101.48,36714.01,7,36714.01,7342.8,5244.86
3722,51,71,108,2023-04-30,2023-06-27,2023-07-04,Monsoon,Debit Card,13949.46,12991.52,4493.07,6253.25,3858.71,1335.87,40210.14,7,40210.14,8042.03,5744.31
3723,853,170,90,2023-08-06,2023-09-23,2023-09-26,Autumn,Cash,6577.77,4317.57,4926.21,351.93,1033.58,194.37,17012.69,3,17012.69,3402.54,5670.9
3724,809,105,34,2023-02-17,2023-03-08,2023-03-14,Summer,Cash,82465.38,8555.59,2437.5,1055.64,919.89,2982.3,92451.7,6,92451.7,18490.34,15408.62
3725,783,318,160,2024-07-06,2024-07-26,2024-08-01,Monsoon,Net Banking,12186.72,8414.52,2756.02,9912.67,1865.08,799.96,34335.05,6,34335.05,6867.01,5722.51
3726,547,421,87,2023-12-18,2024-02-01,2024-02-07,Winter,UPI,103911.54,16707.93,12141.45,13794.88,12794.19,13215.13,146134.86,6,146134.86,29226.97,24355.81
3727,418,169,182,2024-01-01,2024-01-22,2024-01-28,Winter,Net Banking,9355.62,21777.37,7498.84,850.98,6876.96,1150.83,45208.94,6,45208.94,9041.79,7534.82
3728,392,271,76,2023-12-16,2024-01-26,2024-02-01,Winter,Credit Card,16487.46,14919.24,6861.82,2542.04,1991.01,1459.56,41342.01,6,41342.01,8268.4,6890.34
3729,82,33,63,2023-02-23,2023-03-17,2023-03-20,Summer,Debit Card,4422.81,4132.55,4998.71,8984.29,2527.21,364.69,24700.88,3,24700.88,4940.18,8233.63
3730,773,39,190,2024-08-19,2024-09-19,2024-09-22,Autumn,Debit Card,8031.18,5742.54,8461.55,46.8,7527.6,1146.73,28662.94,3,28662.94,5732.59,9554.31
3731,586,492,19,2024-04-20,2024-05-10,2024-05-13,Summer,Net Banking,11323.77,1935.68,4361.96,1660.92,2454.57,1104.22,20632.68,3,20632.68,4126.54,6877.56
3732,7,73,174,2024-08-31,2024-09-21,2024-09-23,Autumn,Net Banking,4883.44,2518.82,5022.12,4262.07,5787.01,299.21,22174.25,2,22174.25,4434.85,11087.12
3733,184,140,61,2024-08-16,2024-08-28,2024-09-04,Monsoon,Net Banking,39929.19,5942.76,1962.11,1037.67,2215.05,5863.19,45223.59,7,45223.59,9044.72,6460.51
3734,754,164,188,2024-05-27,2024-06-03,2024-06-06,Monsoon,Net Banking,34475.4,6028.48,2942.9,7459.13,5495.01,3107.85,53293.07,3,53293.07,10658.61,17764.36
3735,126,368,141,2024-03-18,2024-04-26,2024-04-29,Summer,Cash,50723.13,5534.37,7577.82,4216.83,4006.33,557.48,71501.0,3,71501.0,14300.2,23833.67
3736,819,61,147,2024-04-21,2024-05-23,2024-05-28,Summer,Cash,5440.75,9120.49,5830.9,16462.01,2194.26,743.2,38305.21,5,38305.21,7661.04,7661.04
3737,61,406,173,2023-08-09,2023-10-06,2023-10-12,Autumn,Credit Card,33187.8,20626.41,5554.19,15463.9,6299.39,4291.47,76840.22,6,76840.22,15368.04,12806.7
3738,702,62,17,2024-09-07,2024-09-17,2024-09-19,Autumn,Credit Card,6398.02,2562.5,5071.85,2632.87,6361.33,355.76,22670.81,2,22670.81,4534.16,11335.4
3739,912,173,82,2024-08-02,2024-08-17,2024-08-23,Monsoon,Cash,20203.38,11277.77,14898.11,34626.4,8576.92,2573.24,87009.34,6,87009.34,17401.87,14501.56
3740,710,125,133,2023-05-16,2023-05-26,2023-05-31,Summer,Net Banking,5419.2,8627.12,2580.85,1428.6,832.78,456.01,18432.54,5,18432.54,3686.51,3686.51
3741,185,238,96,2024-05-25,2024-06-28,2024-07-04,Monsoon,Net Banking,54046.68,11624.95,3181.13,8537.65,1195.65,7736.97,70849.09,6,70849.09,14169.82,11808.18
3742,236,158,91,2024-06-17,2024-06-24,2024-06-28,Monsoon,Credit Card,27044.0,2075.74,4272.22,7420.42,1394.3,943.54,41263.14,4,41263.14,8252.63,10315.78
3743,2,322,199,2023-08-02,2023-08-17,2023-08-19,Monsoon,Debit Card,3030.32,2682.42,2629.02,5961.31,4578.22,141.39,18739.9,2,18739.9,3747.98,9369.95
3744,908,439,59,2024-03-05,2024-03-24,2024-03-26,Summer,UPI,7411.72,5905.32,4025.76,10207.54,4254.91,654.49,31150.76,2,31150.76,6230.15,15575.38
3745,151,408,141,2024-03-15,2024-04-08,2024-04-14,Summer,Credit Card,9005.88,9846.57,4719.15,5907.45,1969.28,972.77,30475.56,6,30475.56,6095.11,5079.26
3746,624,116,76,2024-02-22,2024-03-01,2024-03-05,Summer,Credit Card,6565.24,10279.33,2442.88,1559.69,4866.63,211.21,25502.56,4,25502.56,5100.51,6375.64
3747,454,398,157,2024-03-29,2024-05-03,2024-05-05,Summer,Net Banking,4883.72,3108.52,1425.07,6852.78,1906.78,537.49,17639.38,2,17639.38,3527.88,8819.69
3748,876,212,186,2023-03-11,2023-04-26,2023-04-28,Summer,Cash,28938.46,2566.62,1505.91,3095.22,2331.42,3617.28,34820.35,2,34820.35,6964.07,17410.18
3749,73,263,182,2023-12-20,2024-01-19,2024-01-25,Winter,Debit Card,10333.44,5036.92,2123.14,8967.83,695.13,573.32,26583.14,6,26583.14,5316.63,4430.52
3750,146,436,91,2024-11-21,2024-12-25,2024-12-28,Winter,Credit Card,17951.94,5058.96,4122.09,4099.25,1186.1,2598.71,29819.63,3,29819.63,5963.93,9939.88
3751,157,14,1,2023-12-09,2023-12-14,2023-12-21,Winter,UPI,6138.93,9634.24,4685.66,9521.33,2169.74,645.35,31504.55,7,31504.55,6300.91,4500.65
3752,885,100,104,2023-01-01,2023-02-03,2023-02-05,Winter,Net Banking,3145.96,4540.87,8590.63,18433.44,2699.49,206.63,37203.76,2,37203.76,7440.75,18601.88
3753,103,358,162,2024-06-16,2024-07-26,2024-08-01,Monsoon,Debit Card,12810.42,38090.67,10995.8,9006.87,10867.14,1442.49,80328.41,6,80328.41,16065.68,13388.07
3754,53,414,60,2024-08-09,2024-10-02,2024-10-06,Autumn,Net Banking,17127.8,9108.43,16505.15,5721.63,7048.22,997.54,54513.69,4,54513.69,10902.74,13628.42
3755,355,197,15,2024-07-18,2024-09-04,2024-09-09,Autumn,UPI,28360.6,5462.81,2678.37,951.27,2104.35,3372.24,36185.16,5,36185.16,7237.03,7237.03
3756,115,498,117,2022-12-29,2023-01-05,2023-01-10,Winter,Credit Card,12257.75,3284.25,3755.06,176.93,1681.59,967.99,20187.59,5,20187.59,4037.52,4037.52
3757,581,99,101,2024-10-02,2024-11-16,2024-11-22,Autumn,Debit Card,27067.5,10236.03,4536.76,1824.21,3025.03,1376.68,45312.85,6,45312.85,9062.57,7552.14
3758,354,236,81,2024-04-12,2024-06-01,2024-06-08,Monsoon,Debit Card,37834.86,9844.37,8076.62,10933.18,4856.94,3664.0,67881.97,7,67881.97,13576.39,9697.42
3759,549,25,106,2024-09-27,2024-11-03,2024-11-08,Autumn,Cash,28970.4,8053.21,1764.71,100.42,1385.04,1217.88,39055.9,5,39055.9,7811.18,7811.18
3760,149,83,172,2024-07-21,2024-08-18,2024-08-21,Monsoon,Debit Card,32909.13,5217.84,1495.49,6899.33,725.92,1186.91,46060.8,3,46060.8,9212.16,15353.6
3761,923,299,92,2023-05-21,2023-07-01,2023-07-03,Monsoon,UPI,1970.04,1839.73,3580.4,16781.48,6412.42,101.86,30482.21,2,30482.21,6096.44,15241.1
3762,317,427,29,2023-11-10,2023-12-04,2023-12-06,Winter,UPI,4750.88,2297.95,3943.13,1480.56,1731.81,390.71,13813.62,2,13813.62,2762.72,6906.81
3763,39,345,20,2023-06-25,2023-07-20,2023-07-26,Monsoon,Credit Card,8001.48,15433.86,16805.95,26476.27,8901.71,325.54,75293.73,6,75293.73,15058.75,12548.96
3764,198,203,183,2023-06-12,2023-07-25,2023-07-31,Monsoon,Credit Card,9122.82,15294.06,3543.22,10433.69,7166.24,726.13,44833.9,6,44833.9,8966.78,7472.32
3765,554,97,69,2024-04-18,2024-05-19,2024-05-21,Summer,Net Banking,2061.0,3101.42,2555.41,4450.76,3883.57,273.74,15778.42,2,15778.42,3155.68,7889.21
3766,467,470,157,2024-07-25,2024-09-06,2024-09-11,Autumn,Cash,123911.1,15599.08,9466.95,15771.78,5822.56,11575.46,158996.01,5,158996.01,31799.2,31799.2
3767,367,438,101,2024-01-10,2024-02-18,2024-02-25,Winter,Credit Card,11796.54,21103.92,4118.26,13803.15,2804.76,1472.95,52153.68,7,52153.68,10430.74,7450.53
3768,815,228,114,2024-06-04,2024-07-02,2024-07-04,Monsoon,Cash,7795.18,3413.92,2889.9,9320.2,643.29,502.74,23559.75,2,23559.75,4711.95,11779.88
3769,272,152,128,2023-07-28,2023-09-18,2023-09-25,Autumn,Cash,15707.44,18190.06,8569.25,7709.07,4616.16,1394.16,53397.82,7,53397.82,10679.56,7628.26
3770,377,443,38,2023-01-07,2023-01-19,2023-01-25,Winter,Debit Card,13777.32,27828.09,4496.2,33154.52,12357.73,166.76,91447.1,6,91447.1,18289.42,15241.18
3771,897,87,138,2022-11-12,2023-01-09,2023-01-15,Winter,Cash,10460.1,19307.1,3324.92,17728.02,5607.02,856.41,55570.75,6,55570.75,11114.15,9261.79
3772,783,476,30,2023-12-09,2024-01-01,2024-01-06,Winter,Debit Card,10157.35,4839.7,3131.79,6873.28,1186.07,545.01,25643.18,5,25643.18,5128.64,5128.64
3773,451,475,177,2023-05-28,2023-07-14,2023-07-17,Monsoon,Net Banking,9693.27,20234.08,6949.47,18055.83,8987.9,351.72,63568.83,3,63568.83,12713.77,21189.61
3774,327,398,157,2024-03-15,2024-04-21,2024-04-25,Summer,Debit Card,9767.44,7785.18,1714.56,628.41,3115.75,1443.18,21568.16,4,21568.16,4313.63,5392.04
3775,887,469,35,2024-06-21,2024-07-20,2024-07-26,Monsoon,Net Banking,81579.24,7047.93,5115.57,12923.13,2085.6,9567.04,99184.43,6,99184.43,19836.89,16530.74
3776,484,290,96,2023-09-24,2023-11-23,2023-11-30,Autumn,Cash,16009.7,9913.78,4710.55,6331.79,3272.4,1967.78,38270.44,7,38270.44,7654.09,5467.21
3777,866,409,156,2024-09-10,2024-10-13,2024-10-18,Autumn,Credit Card,17501.25,5990.29,3386.77,3722.25,824.36,104.05,31320.87,5,31320.87,6264.17,6264.17
3778,732,431,73,2023-04-06,2023-05-11,2023-05-18,Summer,Net Banking,21595.91,8813.6,2208.62,17919.27,4842.78,109.07,55271.11,7,55271.11,11054.22,7895.87
3779,540,14,1,2024-08-06,2024-08-12,2024-08-14,Monsoon,Credit Card,1753.98,3295.48,2191.27,736.99,1992.53,221.75,9748.5,2,9748.5,1949.7,4874.25
3780,787,196,182,2023-09-22,2023-11-12,2023-11-17,Autumn,Debit Card,11474.35,6226.55,2735.22,8019.45,3667.93,322.52,31800.98,5,31800.98,6360.2,6360.2
3781,168,59,143,2023-05-18,2023-06-27,2023-06-30,Monsoon,Cash,2857.05,9304.76,4563.38,9189.67,1822.7,97.21,27640.35,3,27640.35,5528.07,9213.45
3782,490,363,21,2023-08-19,2023-09-22,2023-09-25,Autumn,Credit Card,13580.55,9045.95,3732.33,17820.79,2954.64,1997.11,45137.15,3,45137.15,9027.43,15045.72
3783,198,426,160,2023-09-17,2023-10-21,2023-10-26,Autumn,UPI,56973.25,11306.66,5806.83,18480.16,7548.64,3315.57,96799.97,5,96799.97,19359.99,19359.99
3784,559,167,47,2023-02-25,2023-03-09,2023-03-13,Summer,Cash,4702.08,3697.51,2674.28,9770.08,2615.13,685.95,22773.13,4,22773.13,4554.63,5693.28
3785,746,19,173,2024-09-07,2024-10-12,2024-10-19,Autumn,UPI,10113.39,8090.74,2378.06,3387.62,3124.36,833.06,26261.11,7,26261.11,5252.22,3751.59
3786,404,421,87,2023-03-07,2023-04-25,2023-05-01,Summer,Debit Card,103911.54,10986.68,5587.53,4841.52,3701.43,10621.17,118407.53,6,118407.53,23681.51,19734.59
3787,868,335,113,2024-07-04,2024-08-03,2024-08-07,Monsoon,Debit Card,51448.44,6203.08,6170.97,19507.2,2454.6,832.43,84951.86,4,84951.86,16990.37,21237.96
3788,564,240,186,2024-05-18,2024-06-08,2024-06-15,Monsoon,Credit Card,68341.84,12748.54,6478.32,9568.9,4396.55,3081.29,98452.86,7,98452.86,19690.57,14064.69
3789,964,209,108,2024-06-01,2024-07-22,2024-07-24,Monsoon,Credit Card,8664.18,1579.8,3095.5,4388.43,3216.2,1299.02,19645.09,2,19645.09,3929.02,9822.54
3790,841,92,94,2024-09-03,2024-11-02,2024-11-07,Autumn,Cash,10460.05,11324.47,5557.93,6876.34,5105.99,1228.13,38096.65,5,38096.65,7619.33,7619.33
3791,748,471,74,2023-01-22,2023-03-11,2023-03-18,Summer,Credit Card,21270.48,10479.13,4365.4,4706.65,3887.67,1287.2,43422.13,7,43422.13,8684.43,6203.16
3792,148,422,199,2022-11-16,2023-01-09,2023-01-14,Winter,UPI,8087.85,3194.83,3884.92,8575.57,3201.65,419.93,26524.89,5,26524.89,5304.98,5304.98
3793,88,68,7,2022-11-24,2023-01-22,2023-01-25,Winter,Cash,4636.11,3715.39,6233.44,11549.46,3950.99,32.61,30052.78,3,30052.78,6010.56,10017.59
3794,767,426,160,2024-07-18,2024-09-11,2024-09-13,Autumn,UPI,22789.3,4620.2,5278.87,1061.31,6520.75,1689.18,38581.25,2,38581.25,7716.25,19290.62
3795,820,393,181,2023-08-20,2023-09-20,2023-09-25,Autumn,Credit Card,23940.75,6605.26,9179.2,13754.34,3587.14,3113.72,53952.97,5,53952.97,10790.59,10790.59
3796,189,199,151,2023-04-10,2023-05-09,2023-05-13,Summer,UPI,8896.04,2925.06,3632.38,7355.62,1764.53,648.95,23924.68,4,23924.68,4784.94,5981.17
3797,464,495,137,2023-07-30,2023-08-11,2023-08-16,Monsoon,Cash,88262.1,8577.26,2045.48,16324.57,2113.77,11698.72,105624.46,5,105624.46,21124.89,21124.89
3798,734,64,86,2023-02-09,2023-02-17,2023-02-19,Winter,Debit Card,18804.46,1246.79,2112.09,5188.4,611.56,2157.21,25806.09,2,25806.09,5161.22,12903.04
3799,547,131,58,2024-03-29,2024-05-27,2024-05-31,Summer,UPI,12340.12,16847.62,10596.8,10444.07,9929.44,277.06,59880.99,4,59880.99,11976.2,14970.25
3800,185,118,108,2023-09-24,2023-10-07,2023-10-14,Autumn,Credit Card,35356.3,9272.86,4293.24,2410.45,1865.79,4305.18,48893.46,7,48893.46,9778.69,6984.78
3801,269,320,176,2024-06-12,2024-07-19,2024-07-26,Monsoon,Credit Card,16696.33,9005.91,2560.17,5159.48,3138.6,516.7,36043.79,7,36043.79,7208.76,5149.11
3802,592,401,4,2024-05-26,2024-06-17,2024-06-21,Monsoon,Net Banking,57136.16,5130.09,2570.61,11660.58,3837.31,5357.62,74977.13,4,74977.13,14995.43,18744.28
3803,266,469,35,2024-04-01,2024-05-12,2024-05-18,Summer,Cash,81579.24,34331.18,12267.33,13665.67,13517.92,343.81,155017.53,6,155017.53,31003.51,25836.26
3804,305,240,186,2023-06-26,2023-07-27,2023-07-30,Monsoon,Net Banking,29289.36,5619.13,7763.99,6631.97,7269.96,4050.72,52523.69,3,52523.69,10504.74,17507.9
3805,605,284,14,2024-04-17,2024-06-09,2024-06-13,Monsoon,Net Banking,9127.08,13405.55,8783.04,1477.92,5485.59,936.88,37342.3,4,37342.3,7468.46,9335.58
3806,816,72,28,2023-09-03,2023-09-19,2023-09-24,Autumn,UPI,5413.9,6894.32,3741.91,8272.11,2561.12,74.75,26808.61,5,26808.61,5361.72,5361.72
3807,82,74,57,2023-04-16,2023-04-25,2023-04-29,Summer,Credit Card,7147.52,7926.33,3581.72,5078.1,773.93,410.93,24096.67,4,24096.67,4819.33,6024.17
3808,286,17,97,2023-04-24,2023-05-23,2023-05-30,Summer,UPI,71825.81,9421.71,3455.49,141.31,5728.31,9261.35,81311.28,7,81311.28,16262.26,11615.9
3809,463,256,173,2023-06-12,2023-06-20,2023-06-22,Monsoon,Debit Card,3155.12,1527.72,4855.93,4309.12,2165.34,135.8,15877.43,2,15877.43,3175.49,7938.72
3810,894,238,96,2024-05-24,2024-06-08,2024-06-13,Monsoon,Net Banking,45038.9,9663.49,4522.62,3095.77,1452.58,4295.51,59477.85,5,59477.85,11895.57,11895.57
3811,80,398,157,2022-12-18,2023-01-05,2023-01-08,Winter,Cash,7325.58,5692.62,4232.16,8110.02,1349.47,785.94,25923.91,3,25923.91,5184.78,8641.3
3812,982,456,140,2023-05-28,2023-06-24,2023-06-30,Monsoon,UPI,93990.36,15685.11,2617.26,8456.54,6205.45,10743.84,116210.88,6,116210.88,23242.18,19368.48
3813,617,492,19,2023-07-14,2023-08-05,2023-08-08,Monsoon,Credit Card,11323.77,5601.89,3721.4,8792.62,1022.4,1618.13,28843.95,3,28843.95,5768.79,9614.65
3814,375,483,56,2023-06-10,2023-07-24,2023-07-27,Monsoon,Debit Card,4308.51,2869.78,5712.89,4810.23,1703.92,501.22,18904.11,3,18904.11,3780.82,6301.37
3815,338,240,186,2024-01-07,2024-01-15,2024-01-20,Winter,Net Banking,48815.6,8737.11,3813.85,7305.0,3018.73,5983.55,65706.74,5,65706.74,13141.35,13141.35
3816,191,431,73,2024-07-28,2024-09-23,2024-09-27,Autumn,UPI,12340.52,11550.18,8636.65,5865.84,4695.68,810.98,42277.89,4,42277.89,8455.58,10569.47
3817,106,119,151,2024-08-04,2024-09-26,2024-10-03,Autumn,Net Banking,60739.42,11904.35,4335.3,2108.9,2858.22,1189.13,80757.06,7,80757.06,16151.41,11536.72
3818,162,199,151,2024-06-30,2024-08-20,2024-08-25,Monsoon,Debit Card,11120.05,6789.18,2119.03,4274.24,1503.5,856.6,24949.4,5,24949.4,4989.88,4989.88
3819,726,51,5,2023-10-09,2023-12-07,2023-12-11,Winter,Cash,8315.32,6075.78,3013.7,4762.33,1823.05,849.74,23140.44,4,23140.44,4628.09,5785.11
3820,712,412,198,2023-06-11,2023-06-27,2023-07-02,Monsoon,Credit Card,70955.6,12680.2,4599.86,3316.65,5599.18,1841.23,95310.26,5,95310.26,19062.05,19062.05
3821,563,400,169,2023-05-21,2023-06-28,2023-07-04,Monsoon,Credit Card,18142.5,26631.12,9859.67,14910.56,11091.11,2112.98,78521.98,6,78521.98,15704.4,13087.0
3822,653,158,91,2024-06-03,2024-07-02,2024-07-09,Monsoon,Cash,47327.0,12155.44,3315.24,6204.99,3048.52,4850.58,67200.61,7,67200.61,13440.12,9600.09
3823,120,289,76,2024-08-17,2024-10-08,2024-10-15,Autumn,Debit Card,13659.73,25659.6,5667.06,20921.43,11731.41,352.75,77286.48,7,77286.48,15457.3,11040.93
3824,912,40,165,2024-09-14,2024-11-01,2024-11-03,Autumn,Credit Card,4452.84,4032.96,16157.03,6436.13,14250.61,239.75,45089.82,2,45089.82,9017.96,22544.91
3825,135,384,98,2023-01-28,2023-03-19,2023-03-23,Summer,Net Banking,35391.92,7915.33,1197.19,5712.47,606.12,2254.47,48568.56,4,48568.56,9713.71,12142.14
3826,73,435,64,2023-06-18,2023-06-28,2023-07-02,Monsoon,Net Banking,39597.32,7179.98,1725.41,8088.48,3385.55,5327.39,54649.35,4,54649.35,10929.87,13662.34
3827,629,370,34,2023-01-30,2023-02-16,2023-02-22,Winter,Credit Card,5158.56,10114.9,2674.86,582.88,1910.12,410.77,20030.55,6,20030.55,4006.11,3338.42
3828,746,258,200,2024-08-18,2024-08-25,2024-08-28,Monsoon,Net Banking,20209.5,5766.67,1787.42,4247.17,1335.19,2993.05,30352.9,3,30352.9,6070.58,10117.63
3829,55,79,190,2024-08-02,2024-09-01,2024-09-04,Autumn,Debit Card,7921.62,17420.26,14898.17,34243.8,13558.0,825.82,87216.03,3,87216.03,17443.21,29072.01
3830,358,80,104,2024-07-18,2024-09-03,2024-09-08,Autumn,Cash,7362.45,30968.37,14802.14,22885.55,5755.96,990.98,80783.49,5,80783.49,16156.7,16156.7
3831,391,275,135,2024-04-20,2024-06-13,2024-06-20,Monsoon,UPI,15908.97,15646.44,8855.34,2402.13,2160.77,1205.17,43768.48,7,43768.48,8753.7,6252.64
3832,9,9,171,2022-12-09,2023-01-27,2023-01-29,Winter,Debit Card,23606.84,5904.23,8735.3,4735.66,3718.28,960.4,45739.91,2,45739.91,9147.98,22869.96
3833,750,50,12,2023-12-02,2024-01-08,2024-01-11,Winter,Debit Card,41979.36,10466.54,2860.34,15247.45,6831.68,4314.09,73071.28,3,73071.28,14614.26,24357.09
3834,707,115,7,2024-01-31,2024-03-25,2024-03-28,Summer,Debit Card,21163.38,19508.98,6610.71,8471.23,5951.73,366.99,61339.04,3,61339.04,12267.81,20446.35
3835,283,61,147,2024-05-09,2024-06-12,2024-06-18,Monsoon,Net Banking,6528.9,23976.42,5496.72,846.0,5560.44,35.0,42373.48,6,42373.48,8474.7,7062.25
3836,909,180,140,2023-07-19,2023-08-17,2023-08-20,Monsoon,UPI,10432.83,3748.1,4008.63,6231.49,2689.24,322.55,26787.74,3,26787.74,5357.55,8929.25
3837,309,261,155,2023-11-02,2023-11-10,2023-11-13,Autumn,Net Banking,3924.45,5867.34,3568.58,3889.12,3716.18,132.62,20833.05,3,20833.05,4166.61,6944.35
3838,983,164,188,2024-11-24,2024-12-21,2024-12-28,Winter,Cash,80442.6,8004.67,2150.91,9618.36,4487.93,4084.07,100620.4,7,100620.4,20124.08,14374.34
3839,337,51,5,2023-10-28,2023-12-04,2023-12-07,Winter,Cash,6236.49,4222.31,3540.64,1084.4,6193.96,262.75,21015.05,3,21015.05,4203.01,7005.02
3840,263,199,151,2024-05-21,2024-06-01,2024-06-08,Monsoon,Debit Card,15568.07,10125.64,1350.56,5065.53,3002.18,2115.31,32996.67,7,32996.67,6599.33,4713.81
3841,306,437,161,2024-01-22,2024-03-06,2024-03-09,Summer,Debit Card,17329.65,5779.95,3959.42,9908.07,2087.5,170.85,38893.74,3,38893.74,7778.75,12964.58
3842,883,415,186,2024-11-19,2024-12-08,2024-12-13,Winter,Credit Card,19765.55,3000.82,2688.94,1925.92,654.78,873.2,27162.81,5,27162.81,5432.56,5432.56
3843,742,424,176,2023-07-02,2023-08-06,2023-08-12,Monsoon,Debit Card,70304.88,6680.03,2074.07,2804.29,3344.83,6826.09,78382.01,6,78382.01,15676.4,13063.67
3844,493,240,186,2023-02-24,2023-04-14,2023-04-16,Summer,UPI,19526.24,1347.49,2734.62,8207.56,537.4,2840.01,29513.3,2,29513.3,5902.66,14756.65
3845,394,207,77,2023-07-08,2023-09-03,2023-09-10,Autumn,Cash,39191.25,5462.14,3308.82,8635.42,2971.5,5802.29,53766.84,7,53766.84,10753.37,7680.98
3846,321,258,200,2023-09-02,2023-10-12,2023-10-15,Autumn,Credit Card,20209.5,4133.22,2287.1,9886.36,2918.74,600.91,38834.01,3,38834.01,7766.8,12944.67
3847,981,135,188,2023-08-03,2023-09-17,2023-09-23,Autumn,Net Banking,39033.96,23792.85,2755.57,13720.87,1840.54,2780.38,78363.41,6,78363.41,15672.68,13060.57
3848,663,203,183,2023-05-15,2023-06-09,2023-06-16,Monsoon,UPI,10643.29,42786.57,17415.24,33706.48,10210.54,270.73,114491.39,7,114491.39,22898.28,16355.91
3849,30,214,76,2023-08-18,2023-10-11,2023-10-15,Autumn,Cash,8858.84,6642.79,1217.88,1981.5,3415.84,710.53,21406.32,4,21406.32,4281.26,5351.58
3850,680,360,25,2024-06-12,2024-07-12,2024-07-19,Monsoon,Debit Card,24106.95,22199.7,7773.77,3487.27,12594.97,141.71,70020.95,7,70020.95,14004.19,10002.99
3851,531,179,122,2024-08-10,2024-09-18,2024-09-21,Autumn,Credit Card,29128.32,5521.45,4335.17,9030.93,2042.28,4319.15,45739.0,3,45739.0,9147.8,15246.33
3852,959,232,76,2024-09-23,2024-11-17,2024-11-20,Autumn,UPI,16924.29,3081.37,5997.21,12340.59,6002.95,349.53,43996.88,3,43996.88,8799.38,14665.63
3853,981,257,2,2022-11-27,2023-01-13,2023-01-18,Winter,Credit Card,11950.1,18479.06,5928.61,13309.39,1834.44,404.94,51096.66,5,51096.66,10219.33,10219.33
3854,45,90,43,2024-01-09,2024-01-28,2024-02-02,Winter,Credit Card,64827.65,22448.86,8198.58,27246.88,5097.57,4606.57,123212.97,5,123212.97,24642.59,24642.59
3855,629,34,98,2023-05-07,2023-07-01,2023-07-03,Monsoon,Credit Card,6467.38,3255.0,4505.9,902.27,1335.79,808.6,15657.74,2,15657.74,3131.55,7828.87
3856,704,327,28,2023-01-11,2023-03-09,2023-03-15,Summer,Cash,18087.18,3165.89,4662.84,796.89,3043.24,2434.28,27321.76,6,27321.76,5464.35,4553.63
3857,855,404,25,2023-06-07,2023-07-04,2023-07-11,Monsoon,Cash,101854.41,12576.26,4519.38,5802.22,2131.25,7517.17,119366.35,7,119366.35,23873.27,17052.34
3858,151,137,27,2024-04-22,2024-05-23,2024-05-27,Summer,UPI,15872.48,4264.51,3070.83,9197.14,3586.55,738.67,35252.84,4,35252.84,7050.57,8813.21
3859,575,294,119,2024-09-08,2024-10-23,2024-10-29,Autumn,Debit Card,11651.16,4857.23,2588.69,3282.95,3160.64,541.03,24999.64,6,24999.64,4999.93,4166.61
3860,906,23,36,2023-10-04,2023-11-10,2023-11-15,Autumn,Credit Card,10934.2,7024.43,3789.38,6089.72,552.27,837.95,27552.05,5,27552.05,5510.41,5510.41
3861,230,115,7,2023-11-05,2023-12-27,2024-01-01,Winter,UPI,35272.3,11330.92,6532.51,10693.84,6622.98,3072.13,67380.42,5,67380.42,13476.08,13476.08
3862,557,455,166,2023-12-13,2024-01-13,2024-01-20,Winter,Cash,17168.83,17267.12,4572.25,15224.72,6216.66,2246.47,58203.11,7,58203.11,11640.62,8314.73
3863,747,368,141,2024-12-16,2024-12-22,2024-12-29,Winter,Cash,118353.97,12024.17,2697.31,7847.46,1742.81,16336.92,126328.8,7,126328.8,25265.76,18046.97
3864,811,152,128,2024-09-15,2024-11-12,2024-11-18,Autumn,Net Banking,13463.52,25131.04,17330.37,21616.67,13261.55,990.46,89812.69,6,89812.69,17962.54,14968.78
3865,494,110,95,2023-07-30,2023-09-02,2023-09-06,Autumn,Credit Card,50938.4,23019.11,9525.26,4791.87,10061.27,1896.34,96439.57,4,96439.57,19287.91,24109.89
3866,487,121,158,2023-08-30,2023-09-19,2023-09-23,Autumn,Net Banking,9264.36,6633.97,3764.85,9265.95,3016.14,603.11,31342.16,4,31342.16,6268.43,7835.54
3867,576,257,2,2024-04-07,2024-04-15,2024-04-20,Summer,Debit Card,11950.1,13204.46,5721.29,16910.18,2547.56,721.74,49611.85,5,49611.85,9922.37,9922.37
3868,762,381,184,2023-10-30,2023-12-03,2023-12-06,Winter,Debit Card,7082.37,1800.19,1871.42,6381.89,2298.84,466.18,18968.53,3,18968.53,3793.71,6322.84
3869,574,299,92,2023-01-15,2023-03-06,2023-03-13,Summer,Debit Card,6895.14,9678.44,4267.29,3336.68,3131.43,844.97,26464.01,7,26464.01,5292.8,3780.57
3870,408,317,124,2023-09-09,2023-10-17,2023-10-23,Autumn,Debit Card,26420.1,14967.0,7469.42,8772.74,6123.43,2875.62,60877.07,6,60877.07,12175.41,10146.18
3871,853,356,176,2023-11-01,2023-11-14,2023-11-17,Autumn,Credit Card,15649.05,3056.08,2128.14,7729.29,1527.61,184.82,29905.35,3,29905.35,5981.07,9968.45
3872,847,252,122,2024-03-17,2024-05-01,2024-05-07,Summer,UPI,5963.04,7871.1,2588.0,1240.46,2961.41,674.85,19949.16,6,19949.16,3989.83,3324.86
3873,163,151,48,2024-06-15,2024-07-27,2024-08-01,Monsoon,Debit Card,10693.0,7957.34,4841.96,14946.71,7035.96,1376.73,44098.24,5,44098.24,8819.65,8819.65
3874,994,316,185,2024-03-21,2024-05-05,2024-05-12,Summer,Net Banking,16872.31,27242.95,3428.0,216.72,5247.99,414.94,52593.03,7,52593.03,10518.61,7513.29
3875,681,253,91,2022-11-07,2023-01-05,2023-01-07,Winter,UPI,20953.82,3623.64,2592.54,4488.21,720.58,2721.19,29657.6,2,29657.6,5931.52,14828.8
3876,79,262,162,2024-05-30,2024-06-04,2024-06-08,Monsoon,UPI,19430.16,12589.75,6578.15,11971.62,6014.96,131.36,56453.28,4,56453.28,11290.66,14113.32
3877,830,41,196,2023-09-19,2023-10-05,2023-10-07,Autumn,Debit Card,18310.92,1313.9,3221.02,6478.48,613.24,95.99,29841.57,2,29841.57,5968.31,14920.78
3878,941,160,127,2023-04-26,2023-05-16,2023-05-20,Summer,Credit Card,3458.16,13733.37,5273.82,12721.32,6641.12,144.63,41683.16,4,41683.16,8336.63,10420.79
3879,856,484,114,2024-05-01,2024-05-11,2024-05-14,Summer,Debit Card,7015.26,5367.2,4734.42,3402.65,2554.52,436.73,22637.32,3,22637.32,4527.46,7545.77
3880,774,155,47,2023-07-28,2023-09-12,2023-09-17,Autumn,Net Banking,42490.8,7900.78,7522.03,7636.94,2628.86,2626.37,65553.04,5,65553.04,13110.61,13110.61
3881,316,261,155,2023-02-28,2023-04-02,2023-04-06,Summer,UPI,5232.6,3252.75,1717.44,8035.06,3465.23,1.13,21701.95,4,21701.95,4340.39,5425.49
3882,581,45,159,2023-05-23,2023-06-13,2023-06-18,Monsoon,Credit Card,6272.25,8553.0,3605.14,6133.3,3454.61,588.32,27429.98,5,27429.98,5486.0,5486.0
3883,695,246,3,2023-04-29,2023-06-27,2023-06-30,Monsoon,UPI,6729.12,3222.5,7536.64,2694.67,6873.8,278.04,26778.69,3,26778.69,5355.74,8926.23
3884,959,222,89,2023-02-24,2023-04-22,2023-04-26,Summer,Debit Card,16053.4,7337.88,1976.44,311.59,2572.57,2320.02,25931.86,4,25931.86,5186.37,6482.96
3885,753,388,112,2024-01-04,2024-02-02,2024-02-05,Winter,Cash,13016.37,2190.37,3844.49,6369.82,1914.1,191.98,27143.17,3,27143.17,5428.63,9047.72
3886,926,105,34,2024-01-26,2024-02-03,2024-02-05,Winter,UPI,27488.46,5138.45,5996.51,15581.24,3604.35,3931.87,53877.14,2,53877.14,10775.43,26938.57
3887,926,399,46,2023-01-27,2023-02-17,2023-02-22,Winter,Credit Card,49268.5,14393.94,5838.59,10365.47,1896.86,127.05,81636.31,5,81636.31,16327.26,16327.26
3888,50,477,50,2024-07-10,2024-07-28,2024-07-31,Monsoon,Cash,16993.95,4542.63,4768.46,6588.15,3363.83,2041.1,34215.92,3,34215.92,6843.18,11405.31
3889,131,163,96,2023-04-06,2023-06-05,2023-06-11,Monsoon,Net Banking,10777.38,6251.76,3987.15,1197.23,3938.24,1394.84,24756.92,6,24756.92,4951.38,4126.15
3890,623,87,138,2023-10-29,2023-12-05,2023-12-12,Winter,Debit Card,12203.45,6349.14,1991.48,3117.39,2405.62,973.85,25093.23,7,25093.23,5018.65,3584.75
3891,525,109,178,2023-10-12,2023-11-09,2023-11-11,Autumn,Net Banking,29024.38,4963.23,2714.25,9002.9,1856.42,3114.17,44447.01,2,44447.01,8889.4,22223.5
3892,448,5,78,2023-04-30,2023-06-04,2023-06-07,Monsoon,Cash,3733.92,5769.7,4468.57,2371.45,3810.76,393.83,19760.57,3,19760.57,3952.11,6586.86
3893,579,63,185,2023-04-24,2023-05-12,2023-05-14,Summer,UPI,2264.86,1741.71,2727.08,7118.49,2401.94,156.41,16097.67,2,16097.67,3219.53,8048.84
3894,141,368,141,2024-02-25,2024-04-23,2024-04-30,Summer,Credit Card,118353.97,20879.89,6974.96,17951.91,5259.96,10199.35,159221.34,7,159221.34,31844.27,22745.91
3895,107,137,27,2024-06-11,2024-08-03,2024-08-08,Monsoon,Cash,19840.6,3743.44,3664.77,5382.6,771.32,1936.03,31466.7,5,31466.7,6293.34,6293.34
3896,298,147,16,2023-05-16,2023-05-27,2023-06-01,Summer,Debit Card,34906.65,9567.83,6104.83,70.35,4196.06,4467.74,50377.98,5,50377.98,10075.6,10075.6
3897,292,330,102,2024-10-25,2024-11-08,2024-11-15,Autumn,Debit Card,14498.96,5785.88,1556.21,1381.7,1055.51,941.26,23337.0,7,23337.0,4667.4,3333.86
3898,464,446,176,2023-07-07,2023-08-13,2023-08-20,Monsoon,Credit Card,71956.29,10329.78,4010.99,5872.17,7994.46,10079.61,90084.08,7,90084.08,18016.82,12869.15
3899,797,249,115,2024-11-19,2024-12-16,2024-12-22,Winter,Credit Card,14463.42,10995.46,5724.77,13931.9,4099.47,677.29,48537.73,6,48537.73,9707.55,8089.62
3900,280,138,24,2024-01-04,2024-02-15,2024-02-19,Winter,Credit Card,60087.88,15552.94,8233.05,27203.8,4533.28,5218.87,110392.08,4,110392.08,22078.42,27598.02
3901,648,66,82,2024-03-14,2024-04-22,2024-04-25,Summer,UPI,17613.15,8587.64,2654.65,17109.78,3224.98,2428.14,46762.06,3,46762.06,9352.41,15587.35
3902,772,282,199,2024-10-22,2024-11-16,2024-11-20,Autumn,Net Banking,21370.64,2817.75,3174.97,1208.87,1627.85,1444.02,28756.06,4,28756.06,5751.21,7189.02
3903,934,220,123,2024-05-07,2024-06-26,2024-06-28,Monsoon,Credit Card,5595.32,3117.75,4755.45,1872.0,1552.64,553.41,16339.75,2,16339.75,3267.95,8169.88
3904,460,228,114,2024-10-21,2024-12-20,2024-12-24,Winter,Cash,15590.36,15112.31,3320.12,10359.87,5091.26,302.41,49171.51,4,49171.51,9834.3,12292.88
3905,120,179,122,2023-04-06,2023-05-01,2023-05-06,Summer,Cash,48547.2,12604.75,4339.19,35330.32,12577.2,3704.5,109694.16,5,109694.16,21938.83,21938.83
3906,22,371,120,2023-05-14,2023-06-20,2023-06-26,Monsoon,Debit Card,10395.18,4539.42,1144.03,8271.85,1747.46,976.29,25121.65,6,25121.65,5024.33,4186.94
3907,5,332,42,2024-09-11,2024-09-25,2024-09-28,Autumn,UPI,15652.44,4554.31,2964.46,820.0,673.74,368.18,24296.77,3,24296.77,4859.35,8098.92
3908,887,399,46,2023-08-12,2023-09-06,2023-09-08,Autumn,Credit Card,19707.4,1883.48,6642.48,3020.85,3918.92,1659.65,33513.48,2,33513.48,6702.7,16756.74
3909,818,70,19,2024-09-25,2024-11-19,2024-11-25,Autumn,Cash,25973.88,11102.3,1990.53,7888.24,2919.55,2879.97,46994.53,6,46994.53,9398.91,7832.42
3910,257,476,30,2024-03-19,2024-03-26,2024-03-29,Summer,Debit Card,6094.41,5283.33,2198.6,5509.5,3494.88,427.63,22153.09,3,22153.09,4430.62,7384.36
3911,658,17,97,2023-12-17,2024-01-25,2024-01-27,Winter,Net Banking,20521.66,2634.81,4777.27,17924.66,4794.66,456.88,50196.18,2,50196.18,10039.24,25098.09
3912,391,7,177,2024-05-17,2024-06-27,2024-06-30,Monsoon,Credit Card,55345.89,7872.19,2936.53,7162.88,6465.1,1164.67,78617.92,3,78617.92,15723.58,26205.97
3913,881,262,162,2024-04-26,2024-05-02,2024-05-08,Summer,Cash,29145.24,17217.44,5653.73,13792.43,5044.93,4014.73,66839.04,6,66839.04,13367.81,11139.84
3914,106,399,46,2024-05-11,2024-05-19,2024-05-22,Summer,Net Banking,29561.1,2830.63,4684.32,7206.62,1368.36,557.96,45093.07,3,45093.07,9018.61,15031.02
3915,353,315,15,2023-07-14,2023-07-25,2023-07-28,Monsoon,UPI,17498.85,4209.9,2704.29,2792.84,2913.53,706.27,29413.14,3,29413.14,5882.63,9804.38
3916,235,358,162,2024-01-02,2024-02-18,2024-02-23,Winter,Net Banking,10675.35,5504.51,4048.13,16911.84,5040.14,294.85,41885.12,5,41885.12,8377.02,8377.02
3917,843,375,194,2024-09-08,2024-10-22,2024-10-28,Autumn,UPI,31151.16,36823.62,4776.78,20934.92,7335.39,4063.07,96958.8,6,96958.8,19391.76,16159.8
3918,509,27,82,2022-11-25,2023-01-20,2023-01-22,Winter,Credit Card,2619.62,1696.54,1754.63,4016.13,1279.7,137.27,11229.35,2,11229.35,2245.87,5614.68
3919,153,59,143,2024-07-20,2024-08-06,2024-08-10,Monsoon,Credit Card,3809.4,15491.98,8026.39,1733.14,3243.74,549.86,31754.79,4,31754.79,6350.96,7938.7
3920,954,279,99,2024-07-25,2024-08-14,2024-08-16,Monsoon,UPI,4197.64,10800.45,11404.37,2032.96,3184.93,215.87,31404.48,2,31404.48,6280.9,15702.24
3921,150,440,139,2023-08-06,2023-10-04,2023-10-11,Autumn,Cash,125142.64,22956.8,6965.38,6760.1,2797.53,13317.75,151304.7,7,151304.7,30260.94,21614.96
3922,118,320,176,2023-11-25,2024-01-11,2024-01-17,Winter,UPI,14311.14,8116.66,3642.31,7878.31,3729.92,655.75,37022.59,6,37022.59,7404.52,6170.43
3923,123,143,116,2023-04-23,2023-05-26,2023-05-30,Summer,Credit Card,9446.72,14305.14,7160.19,12599.01,4470.98,82.32,47899.72,4,47899.72,9579.94,11974.93
3924,120,423,51,2024-01-28,2024-03-08,2024-03-11,Summer,Debit Card,3655.86,9833.99,7507.84,5720.84,6176.39,145.6,32749.32,3,32749.32,6549.86,10916.44
3925,942,292,55,2024-08-17,2024-10-03,2024-10-09,Autumn,Cash,15418.92,8628.38,3004.37,6417.33,2204.92,1512.42,34161.5,6,34161.5,6832.3,5693.58
3926,339,440,139,2024-05-08,2024-05-20,2024-05-24,Summer,UPI,71510.08,7235.08,2602.82,5580.5,3266.53,9573.47,80621.54,4,80621.54,16124.31,20155.38
3927,920,110,95,2024-03-06,2024-04-18,2024-04-21,Summer,Credit Card,38203.8,5886.01,2134.52,2727.95,2335.79,3485.86,47802.21,3,47802.21,9560.44,15934.07
3928,72,18,101,2024-11-24,2024-12-19,2024-12-24,Winter,Cash,11096.0,6557.01,3411.51,7015.19,1158.72,1616.93,27621.5,5,27621.5,5524.3,5524.3
3929,917,98,71,2024-01-26,2024-03-19,2024-03-22,Summer,Net Banking,22490.31,5096.54,2152.25,7622.52,3425.91,801.74,39985.79,3,39985.79,7997.16,13328.6
3930,50,229,3,2024-03-23,2024-05-19,2024-05-25,Summer,Cash,27899.58,3243.72,4785.5,2780.89,2305.62,251.86,40763.45,6,40763.45,8152.69,6793.91
3931,459,57,22,2023-01-02,2023-02-15,2023-02-20,Winter,UPI,24793.1,3234.63,4218.02,9927.89,2618.58,3085.45,41706.77,5,41706.77,8341.35,8341.35
3932,27,277,136,2023-08-19,2023-09-24,2023-09-28,Autumn,Cash,9835.56,6532.57,6772.16,12830.34,2132.91,277.67,37825.87,4,37825.87,7565.17,9456.47
3933,538,187,23,2024-10-23,2024-12-13,2024-12-20,Winter,UPI,23131.57,6188.9,3258.8,2457.65,3715.32,3315.19,35437.05,7,35437.05,7087.41,5062.44
3934,109,407,130,2024-01-08,2024-02-17,2024-02-23,Winter,Credit Card,35962.38,3065.03,3510.9,7973.32,3095.15,4710.27,48896.51,6,48896.51,9779.3,8149.42
3935,722,322,199,2023-10-23,2023-11-02,2023-11-08,Autumn,Net Banking,9090.96,6045.03,7671.38,411.81,4853.18,716.24,27356.12,6,27356.12,5471.22,4559.35
3936,476,379,35,2023-06-07,2023-06-23,2023-06-27,Monsoon,UPI,17883.68,7506.49,3177.09,848.59,3092.15,2239.19,30268.81,4,30268.81,6053.76,7567.2
3937,666,60,99,2024-01-15,2024-02-15,2024-02-17,Winter,UPI,42491.74,3553.86,3182.07,4498.45,2260.03,1695.98,54290.17,2,54290.17,10858.03,27145.08
3938,130,135,188,2024-02-06,2024-03-26,2024-03-28,Summer,Credit Card,13011.32,6342.77,13081.73,5001.89,14133.47,1187.15,50384.03,2,50384.03,10076.81,25192.02
3939,903,211,130,2023-03-11,2023-04-06,2023-04-10,Summer,UPI,10898.16,13044.74,5724.45,14353.66,3674.78,1086.41,46609.38,4,46609.38,9321.88,11652.34
3940,818,181,68,2024-01-13,2024-02-03,2024-02-09,Winter,Cash,13479.36,3160.54,4380.24,9863.6,2807.39,535.06,33156.07,6,33156.07,6631.21,5526.01
3941,710,450,110,2023-08-18,2023-09-11,2023-09-18,Autumn,UPI,34589.31,6768.24,3285.86,1699.62,3102.39,1941.21,47504.21,7,47504.21,9500.84,6786.32
3942,849,57,22,2023-04-22,2023-06-18,2023-06-24,Monsoon,Net Banking,29751.72,10350.2,4803.5,7403.85,3279.55,4356.35,51232.47,6,51232.47,10246.49,8538.75
3943,813,466,28,2024-08-15,2024-09-13,2024-09-20,Autumn,Net Banking,32818.52,8603.7,3806.28,8468.5,2754.92,894.65,55557.27,7,55557.27,11111.45,7936.75
3944,991,432,100,2024-02-03,2024-03-16,2024-03-22,Summer,Net Banking,13615.68,3081.49,4684.27,3471.66,2450.95,209.27,27094.78,6,27094.78,5418.96,4515.8
3945,135,143,116,2023-04-21,2023-05-26,2023-05-31,Summer,Cash,11808.4,4253.38,1894.95,426.21,3291.01,746.6,20927.35,5,20927.35,4185.47,4185.47
3946,524,25,106,2023-10-02,2023-11-05,2023-11-07,Autumn,Net Banking,11588.16,2245.38,1825.27,9078.0,2761.48,622.5,26875.79,2,26875.79,5375.16,13437.9
3947,926,215,19,2023-12-19,2024-01-21,2024-01-24,Winter,Net Banking,7437.78,5480.82,5435.53,15081.66,2185.3,884.69,34736.4,3,34736.4,6947.28,11578.8
3948,446,51,5,2024-02-08,2024-04-05,2024-04-10,Summer,Credit Card,10394.15,5610.14,8908.51,17474.07,4370.29,333.39,46423.77,5,46423.77,9284.75,9284.75
3949,662,397,169,2023-10-18,2023-11-02,2023-11-06,Autumn,Debit Card,4491.12,2258.53,4320.03,8693.42,1896.7,494.62,21165.18,4,21165.18,4233.04,5291.3
3950,18,400,169,2024-05-20,2024-06-08,2024-06-10,Monsoon,Credit Card,6047.5,2020.37,2180.07,5070.88,1633.11,376.2,16575.73,2,16575.73,3315.15,8287.86
3951,974,431,73,2024-10-25,2024-11-11,2024-11-18,Autumn,Credit Card,21595.91,11654.81,2034.56,9336.31,3469.85,770.17,47321.27,7,47321.27,9464.25,6760.18
3952,295,289,76,2023-12-10,2024-02-05,2024-02-12,Winter,Cash,13659.73,14142.7,4419.68,9376.49,5635.54,774.93,46459.21,7,46459.21,9291.84,6637.03
3953,199,333,112,2023-06-24,2023-07-07,2023-07-10,Monsoon,Credit Card,42912.6,6215.75,8871.46,12832.49,4135.03,3001.85,71965.48,3,71965.48,14393.1,23988.49
3954,98,263,182,2022-12-09,2023-01-27,2023-01-31,Winter,UPI,6888.96,4936.15,4875.57,8233.71,806.64,138.31,25602.72,4,25602.72,5120.54,6400.68
3955,825,386,80,2023-06-26,2023-08-04,2023-08-10,Monsoon,Debit Card,74683.5,11663.94,3769.61,2903.66,3492.08,873.27,95639.52,6,95639.52,19127.9,15939.92
3956,589,366,192,2023-11-21,2024-01-09,2024-01-16,Winter,UPI,7591.08,20219.49,9062.22,17910.1,6158.1,1056.61,59884.38,7,59884.38,11976.88,8554.91
3957,774,365,81,2024-04-06,2024-05-07,2024-05-12,Summer,Credit Card,22107.7,6536.27,2982.73,2726.74,2597.08,3233.83,33716.69,5,33716.69,6743.34,6743.34
3958,707,498,117,2024-04-20,2024-06-04,2024-06-09,Monsoon,UPI,12257.75,19276.93,17704.66,29166.66,10886.08,317.58,88974.5,5,88974.5,17794.9,17794.9
3959,6,25,106,2023-11-24,2023-12-10,2023-12-13,Winter,Debit Card,17382.24,10540.06,5040.74,7243.54,3325.86,594.45,42937.99,3,42937.99,8587.6,14312.66
3960,223,339,71,2024-05-08,2024-07-03,2024-07-09,Monsoon,Cash,34313.16,8581.85,3507.53,1598.51,729.04,353.65,48376.44,6,48376.44,9675.29,8062.74
3961,137,491,90,2023-10-23,2023-12-15,2023-12-17,Winter,Cash,4807.14,3793.45,3313.64,7254.35,1975.85,339.74,20804.69,2,20804.69,4160.94,10402.34
3962,646,132,173,2023-03-01,2023-04-24,2023-04-26,Summer,Net Banking,26086.76,7521.05,8679.6,17261.77,2719.11,156.96,62111.33,2,62111.33,12422.27,31055.66
3963,42,314,12,2023-10-29,2023-12-22,2023-12-26,Winter,Net Banking,41161.24,3987.37,7709.17,3346.91,6718.15,1922.27,61000.57,4,61000.57,12200.11,15250.14
3964,349,424,176,2024-01-22,2024-03-18,2024-03-23,Summer,UPI,58587.4,5700.77,3241.7,15153.53,3157.4,4149.54,81691.26,5,81691.26,16338.25,16338.25
3965,649,93,27,2023-03-17,2023-04-27,2023-04-30,Summer,Cash,3918.33,1536.72,2362.14,2144.67,1576.26,310.8,11227.32,3,11227.32,2245.46,3742.44
3966,558,444,191,2024-11-24,2024-12-25,2024-12-31,Winter,Net Banking,39117.42,6212.08,2892.47,3989.1,1591.54,3354.97,50447.64,6,50447.64,10089.53,8407.94
3967,986,306,195,2023-11-07,2023-12-09,2023-12-12,Winter,Credit Card,10433.22,2247.86,3624.73,2954.46,2893.06,405.6,21747.73,3,21747.73,4349.55,7249.24
3968,268,298,112,2023-06-03,2023-07-03,2023-07-05,Monsoon,Cash,9436.64,6465.94,15212.08,19588.74,13751.44,789.87,63664.97,2,63664.97,12732.99,31832.48
3969,149,84,91,2024-02-29,2024-03-22,2024-03-29,Summer,Cash,91961.66,11882.37,2113.74,7890.32,2836.78,4166.91,112517.96,7,112517.96,22503.59,16073.99
3970,312,269,176,2024-01-12,2024-02-25,2024-03-03,Winter,UPI,14363.02,11992.93,4165.71,12593.66,2015.88,1355.84,43775.36,7,43775.36,8755.07,6253.62
3971,475,72,28,2023-07-27,2023-08-09,2023-08-14,Monsoon,Credit Card,5413.9,10975.26,3379.81,14207.4,1437.51,190.28,35223.6,5,35223.6,7044.72,7044.72
3972,548,67,101,2024-04-22,2024-05-22,2024-05-24,Summer,Debit Card,8737.82,3269.37,6808.64,6451.41,3568.43,1210.84,27624.83,2,27624.83,5524.97,13812.42
3973,653,472,158,2024-03-14,2024-04-24,2024-04-26,Summer,Debit Card,3274.52,2324.47,4355.46,104.95,1946.4,230.16,11775.64,2,11775.64,2355.13,5887.82
3974,654,441,80,2023-11-02,2023-12-20,2023-12-25,Winter,Cash,7655.55,9712.54,15882.29,22027.3,4494.6,459.72,59312.56,5,59312.56,11862.51,11862.51
3975,405,83,172,2023-12-24,2024-01-11,2024-01-17,Winter,Credit Card,65818.26,10350.6,1348.85,6593.01,2741.98,9397.39,77455.31,6,77455.31,15491.06,12909.22
3976,563,478,40,2022-12-21,2023-02-17,2023-02-24,Winter,Debit Card,16261.56,45990.77,14016.32,473.59,4776.5,1220.5,80298.24,7,80298.24,16059.65,11471.18
3977,545,327,28,2024-11-03,2024-12-01,2024-12-03,Winter,Net Banking,6029.06,4550.94,4289.18,12324.36,2570.27,120.38,29643.43,2,29643.43,5928.69,14821.72
3978,993,258,200,2024-07-28,2024-08-06,2024-08-11,Monsoon,Net Banking,33682.5,9444.77,3699.66,8755.45,1120.03,1162.27,55540.14,5,55540.14,11108.03,11108.03
3979,518,425,89,2023-12-11,2024-02-09,2024-02-13,Winter,Net Banking,4350.92,14421.98,9890.88,1665.67,6921.16,175.26,37075.35,4,37075.35,7415.07,9268.84
3980,617,232,76,2023-04-10,2023-05-03,2023-05-07,Summer,Net Banking,22565.72,6497.55,1976.45,2616.1,1635.15,1129.34,34161.63,4,34161.63,6832.33,8540.41
3981,4,46,118,2023-03-27,2023-04-05,2023-04-11,Summer,Cash,7859.76,15882.14,5420.06,10077.18,2188.18,151.08,41276.24,6,41276.24,8255.25,6879.37
3982,55,492,19,2023-03-23,2023-05-02,2023-05-08,Summer,Cash,22647.54,30811.37,6972.53,35899.15,10637.67,2220.78,104747.48,6,104747.48,20949.5,17457.91
3983,190,78,82,2023-08-30,2023-09-23,2023-09-25,Autumn,Net Banking,16767.9,4104.31,8392.3,10658.2,1187.46,2008.94,39101.23,2,39101.23,7820.25,19550.62
3984,838,349,124,2023-04-13,2023-05-23,2023-05-26,Summer,Cash,16777.44,4033.54,6893.93,8070.6,1280.3,2341.15,34714.66,3,34714.66,6942.93,11571.55
3985,683,4,123,2024-06-27,2024-07-16,2024-07-20,Monsoon,UPI,12172.56,9867.64,4748.45,6576.25,6123.56,639.13,38849.33,4,38849.33,7769.87,9712.33
3986,19,375,194,2023-01-10,2023-02-07,2023-02-11,Winter,Debit Card,20767.44,4621.56,3294.36,4434.95,5792.0,618.47,38291.84,4,38291.84,7658.37,9572.96
3987,747,133,120,2023-05-07,2023-05-15,2023-05-20,Summer,Net Banking,41365.05,7260.11,4662.85,2984.42,580.05,3907.97,52944.51,5,52944.51,10588.9,10588.9
3988,275,264,144,2023-01-18,2023-03-03,2023-03-10,Summer,UPI,32878.79,13052.19,2321.93,9553.55,2942.51,890.4,59858.57,7,59858.57,11971.71,8551.22
3989,912,441,80,2024-07-24,2024-08-08,2024-08-10,Monsoon,Net Banking,3062.22,12353.07,17093.59,26540.79,13219.25,357.56,71911.36,2,71911.36,14382.27,35955.68
3990,565,430,179,2024-02-06,2024-02-11,2024-02-14,Winter,Net Banking,7020.81,5207.08,3383.17,7984.58,548.1,1018.37,23125.37,3,23125.37,4625.07,7708.46
3991,836,107,110,2023-10-31,2023-11-15,2023-11-18,Autumn,Cash,2405.55,13546.87,14856.64,20757.76,13906.75,209.27,65264.3,3,65264.3,13052.86,21754.77
3992,813,374,3,2024-07-07,2024-08-13,2024-08-19,Monsoon,Cash,83076.24,3130.84,1124.57,6324.29,1691.81,9580.24,85767.51,6,85767.51,17153.5,14294.58
3993,909,371,120,2024-02-15,2024-03-10,2024-03-17,Summer,Debit Card,12127.71,3835.88,1698.73,2113.11,3985.34,187.77,23573.0,7,23573.0,4714.6,3367.57
3994,261,445,196,2023-09-17,2023-11-14,2023-11-17,Autumn,Net Banking,5488.59,3160.75,7103.87,9932.03,2824.9,114.69,28395.45,3,28395.45,5679.09,9465.15
3995,30,24,198,2024-08-17,2024-09-02,2024-09-09,Autumn,Cash,9191.0,6584.93,4145.85,8865.36,2048.92,846.17,29989.89,7,29989.89,5997.98,4284.27
3996,233,309,94,2024-11-14,2024-12-24,2024-12-30,Winter,Credit Card,10069.98,3424.35,2050.34,3694.45,851.05,525.76,19564.41,6,19564.41,3912.88,3260.74
3997,612,13,117,2024-07-11,2024-09-06,2024-09-10,Autumn,Cash,7774.84,11776.88,5563.54,11393.69,2842.38,895.33,38456.0,4,38456.0,7691.2,9614.0
3998,512,496,120,2023-01-16,2023-02-22,2023-02-28,Winter,Net Banking,95995.68,13304.97,5949.97,6286.82,5851.03,4654.86,122733.61,6,122733.61,24546.72,20455.6
3999,964,206,28,2023-06-24,2023-08-05,2023-08-07,Monsoon,Debit Card,9124.76,2368.31,4071.61,338.71,720.73,759.19,15864.93,2,15864.93,3172.99,7932.46
4000,289,346,192,2023-12-29,2024-01-28,2024-02-04,Winter,Debit Card,14371.63,5912.45,4122.79,6915.85,3756.53,667.99,34411.26,7,34411.26,6882.25,4915.89
4001,794,329,46,2024-08-10,2024-09-04,2024-09-11,Autumn,Cash,21105.77,5452.71,4818.18,5012.83,985.05,2784.1,34590.44,7,34590.44,6918.09,4941.49
4002,390,252,122,2024-07-29,2024-08-09,2024-08-14,Monsoon,UPI,4969.2,7767.16,5001.16,16517.44,5530.41,568.96,39216.41,5,39216.41,7843.28,7843.28
4003,452,285,100,2024-03-20,2024-05-07,2024-05-12,Summer,Credit Card,16328.1,19203.62,7006.37,2450.32,14189.57,278.07,58899.91,5,58899.91,11779.98,11779.98
4004,981,208,104,2024-06-24,2024-08-19,2024-08-23,Monsoon,Debit Card,8104.72,7728.54,9244.43,2353.38,4655.08,365.69,31720.46,4,31720.46,6344.09,7930.12
4005,561,84,91,2023-02-17,2023-04-09,2023-04-16,Summer,Debit Card,91961.66,19150.29,4864.37,4412.13,2831.76,2283.37,120936.84,7,120936.84,24187.37,17276.69
4006,947,412,198,2023-11-11,2023-11-23,2023-11-27,Autumn,Cash,56764.48,6001.69,1270.48,765.63,796.93,6313.87,59285.34,4,59285.34,11857.07,14821.34
4007,47,413,40,2024-01-02,2024-01-26,2024-01-31,Winter,UPI,53269.1,7752.02,1372.98,3133.15,2162.76,3485.34,64204.67,5,64204.67,12840.93,12840.93
4008,603,446,176,2023-09-14,2023-11-07,2023-11-13,Autumn,Credit Card,61676.82,4674.88,1270.95,2575.53,3312.83,4986.8,68524.21,6,68524.21,13704.84,11420.7
4009,269,439,59,2023-07-11,2023-07-17,2023-07-24,Monsoon,Net Banking,25941.02,3953.6,1721.77,5173.99,3252.64,1745.63,38297.39,7,38297.39,7659.48,5471.06
4010,750,99,101,2024-03-11,2024-04-06,2024-04-10,Summer,Debit Card,18045.0,10909.99,6688.4,1093.6,1985.09,1690.43,37031.65,4,37031.65,7406.33,9257.91
4011,111,323,59,2024-04-13,2024-05-13,2024-05-18,Summer,Cash,42525.9,12949.04,8437.29,27.03,5783.15,1111.56,68610.85,5,68610.85,13722.17,13722.17
4012,471,77,117,2023-02-11,2023-02-23,2023-03-02,Winter,Cash,9744.77,20606.97,9810.82,10175.47,3871.71,1011.93,53197.81,7,53197.81,10639.56,7599.69
4013,214,424,176,2024-11-23,2024-12-12,2024-12-18,Winter,Net Banking,70304.88,11513.9,4496.53,467.98,1103.36,9423.38,78463.27,6,78463.27,15692.65,13077.21
4014,21,353,98,2024-01-24,2024-03-13,2024-03-19,Summer,Cash,11050.32,3413.23,1553.67,3031.58,506.74,1530.13,18025.41,6,18025.41,3605.08,3004.24
4015,462,265,4,2023-04-23,2023-05-22,2023-05-28,Summer,UPI,6282.36,17123.08,4368.62,13693.03,5749.65,276.41,46940.33,6,46940.33,9388.07,7823.39
4016,999,235,68,2024-07-07,2024-08-10,2024-08-14,Monsoon,Credit Card,21986.24,4077.29,4582.73,6329.81,1083.58,2948.2,35111.45,4,35111.45,7022.29,8777.86
4017,19,429,55,2023-08-25,2023-10-18,2023-10-21,Autumn,Debit Card,12585.6,9151.12,3172.43,19160.07,1113.96,1287.38,43895.8,3,43895.8,8779.16,14631.93
4018,177,305,46,2023-04-30,2023-06-14,2023-06-19,Monsoon,Cash,10255.3,3541.9,2072.39,3140.62,1597.3,7.33,20600.18,5,20600.18,4120.04,4120.04
4019,151,77,117,2023-02-19,2023-03-04,2023-03-10,Summer,Cash,8352.66,3931.45,3493.72,2047.98,3829.72,1026.87,20628.66,6,20628.66,4125.73,3438.11
4020,839,112,161,2023-12-09,2023-12-23,2023-12-26,Winter,Debit Card,5901.48,13417.14,6847.23,9325.61,5175.83,795.47,39871.82,3,39871.82,7974.36,13290.61
4021,903,201,166,2023-10-11,2023-11-18,2023-11-25,Autumn,Credit Card,32244.45,11106.1,5711.61,11667.43,2607.46,4534.94,58802.11,7,58802.11,11760.42,8400.3
4022,171,344,133,2023-01-20,2023-02-05,2023-02-11,Winter,UPI,7332.24,24569.11,15952.18,14226.85,9381.65,623.69,70838.34,6,70838.34,14167.67,11806.39
4023,84,24,198,2023-05-19,2023-06-25,2023-06-30,Monsoon,Debit Card,6565.0,3600.3,4663.21,1109.27,2751.1,439.29,18249.59,5,18249.59,3649.92,3649.92
4024,771,355,193,2023-03-10,2023-05-03,2023-05-07,Summer,UPI,12474.08,5972.07,4301.63,2573.55,959.29,894.53,25386.09,4,25386.09,5077.22,6346.52
4025,732,27,82,2024-11-05,2024-11-26,2024-11-30,Autumn,Debit Card,5239.24,13412.59,6534.92,11039.67,6319.89,157.68,42388.63,4,42388.63,8477.73,10597.16
4026,224,252,122,2024-05-13,2024-05-21,2024-05-27,Summer,Debit Card,5963.04,10049.61,2751.79,2688.27,1278.11,656.73,22074.09,6,22074.09,4414.82,3679.02
4027,770,464,72,2023-08-27,2023-10-13,2023-10-15,Autumn,Cash,1766.32,3479.14,7112.48,9092.43,2702.15,115.18,24037.34,2,24037.34,4807.47,12018.67
4028,681,196,182,2024-05-21,2024-06-17,2024-06-23,Monsoon,Cash,13769.22,6975.89,2946.1,936.27,3067.6,1517.92,26177.16,6,26177.16,5235.43,4362.86
4029,480,431,73,2023-04-22,2023-05-11,2023-05-17,Summer,Debit Card,18510.78,7489.35,4881.0,9664.95,1145.22,1483.17,40208.13,6,40208.13,8041.63,6701.36
4030,953,384,98,2024-07-09,2024-08-26,2024-08-28,Monsoon,UPI,17695.96,4620.91,7851.25,13580.88,4209.48,2022.81,45935.67,2,45935.67,9187.13,22967.84
4031,975,314,12,2023-02-12,2023-04-05,2023-04-12,Summer,Credit Card,72032.17,16689.76,7055.88,3094.89,4786.73,9500.64,94158.79,7,94158.79,18831.76,13451.26
4032,817,315,15,2023-03-23,2023-05-09,2023-05-12,Summer,Net Banking,17498.85,2974.75,1463.37,4498.73,1359.07,2555.33,25239.44,3,25239.44,5047.89,8413.15
4033,155,28,58,2022-12-22,2023-01-03,2023-01-08,Winter,UPI,26115.5,7285.46,2331.77,3914.55,2108.68,1152.81,40603.15,5,40603.15,8120.63,8120.63
4034,254,189,195,2023-12-27,2024-02-15,2024-02-19,Winter,UPI,7026.24,3562.53,3419.41,6054.93,2278.32,1041.03,21300.4,4,21300.4,4260.08,5325.1
4035,805,364,108,2023-05-24,2023-06-23,2023-06-28,Monsoon,Net Banking,11215.65,12790.49,8747.36,14233.46,1366.19,30.53,48322.62,5,48322.62,9664.52,9664.52
4036,170,147,16,2023-10-21,2023-12-08,2023-12-15,Winter,Credit Card,48869.31,24789.61,1869.89,3859.26,2806.66,6584.93,75609.8,7,75609.8,15121.96,10801.4
4037,492,413,40,2024-11-28,2024-12-23,2024-12-30,Winter,Credit Card,74576.74,13922.16,1783.89,6253.85,691.71,9398.5,87829.85,7,87829.85,17565.97,12547.12
4038,522,483,56,2023-09-15,2023-11-07,2023-11-11,Autumn,UPI,5744.68,5822.61,7753.59,4487.17,5534.64,94.21,29248.48,4,29248.48,5849.7,7312.12
4039,955,365,81,2023-06-02,2023-07-26,2023-07-30,Monsoon,Cash,17686.16,14791.47,7015.58,19485.33,6128.51,287.38,64819.67,4,64819.67,12963.93,16204.92
4040,632,278,158,2024-04-21,2024-06-19,2024-06-25,Monsoon,Net Banking,70953.06,5054.47,3776.81,6421.44,966.11,8871.47,78300.42,6,78300.42,15660.08,13050.07
4041,538,20,71,2023-06-27,2023-07-17,2023-07-24,Monsoon,Cash,14902.09,12360.88,2584.42,8742.24,829.5,87.16,39331.97,7,39331.97,7866.39,5618.85
4042,183,16,187,2024-03-24,2024-04-27,2024-05-03,Summer,Net Banking,14927.16,11195.82,4631.19,7683.8,2399.95,1906.8,38931.12,6,38931.12,7786.22,6488.52
4043,593,35,26,2024-09-18,2024-10-18,2024-10-23,Autumn,Credit Card,63081.45,21627.71,9069.44,22043.79,8576.23,3850.72,120547.9,5,120547.9,24109.58,24109.58
4044,895,420,193,2024-05-10,2024-05-19,2024-05-21,Summer,Cash,2355.1,3695.73,2104.4,6174.87,5114.08,155.56,19288.62,2,19288.62,3857.72,9644.31
4045,996,90,43,2024-04-03,2024-04-08,2024-04-15,Summer,Credit Card,90758.71,13914.85,3987.57,5254.29,974.5,6849.94,108039.98,7,108039.98,21608.0,15434.28
4046,180,438,101,2022-12-22,2023-02-06,2023-02-13,Winter,Net Banking,11796.54,23829.56,8456.93,3234.53,5255.16,1471.14,51101.58,7,51101.58,10220.32,7300.23
4047,163,59,143,2023-07-24,2023-09-16,2023-09-23,Autumn,Debit Card,6666.45,10862.14,8030.03,12619.13,2296.12,67.79,40406.08,7,40406.08,8081.22,5772.3
4048,396,197,15,2023-11-03,2023-11-18,2023-11-23,Autumn,Net Banking,28360.6,11586.9,4923.14,11654.71,1922.97,1874.99,56573.33,5,56573.33,11314.67,11314.67
4049,113,335,113,2024-07-08,2024-07-14,2024-07-18,Monsoon,Debit Card,51448.44,6214.73,2204.82,3940.72,3057.69,4926.83,61939.57,4,61939.57,12387.91,15484.89
4050,451,147,16,2023-10-22,2023-11-20,2023-11-26,Autumn,Debit Card,41887.98,19209.86,12912.98,34359.65,11644.29,3741.41,116273.35,6,116273.35,23254.67,19378.89
4051,502,49,136,2024-08-26,2024-09-25,2024-09-28,Autumn,Cash,42038.19,4132.45,2746.88,9950.08,6263.16,2456.64,62674.12,3,62674.12,12534.82,20891.37
4052,20,167,47,2023-03-09,2023-03-18,2023-03-20,Summer,Credit Card,2351.04,2140.02,5857.07,14058.22,4782.99,343.03,28846.31,2,28846.31,5769.26,14423.16
4053,120,429,55,2023-06-23,2023-07-24,2023-07-27,Monsoon,Net Banking,12585.6,15757.78,4618.05,19439.79,10353.67,89.99,62664.9,3,62664.9,12532.98,20888.3
4054,934,94,23,2023-03-18,2023-04-24,2023-04-26,Summer,Cash,5679.02,1596.6,3499.94,1500.89,2161.59,744.66,13693.38,2,13693.38,2738.68,6846.69
4055,665,150,111,2024-08-04,2024-09-22,2024-09-26,Autumn,UPI,21179.28,13224.69,9297.46,18944.01,4105.82,2902.55,63848.71,4,63848.71,12769.74,15962.18
4056,727,308,163,2024-10-15,2024-12-10,2024-12-15,Winter,Net Banking,53931.55,9416.41,1303.29,3118.11,1928.13,3170.66,66526.83,5,66526.83,13305.37,13305.37
4057,397,231,128,2024-04-06,2024-06-05,2024-06-07,Monsoon,Net Banking,10652.0,2723.64,5779.08,12185.54,4723.13,264.12,35799.27,2,35799.27,7159.85,17899.63
4058,464,193,80,2022-12-22,2023-02-11,2023-02-17,Winter,Debit Card,35339.94,22415.54,6356.84,10355.8,6400.06,2988.29,77879.89,6,77879.89,15575.98,12979.98
4059,615,36,106,2023-02-24,2023-03-06,2023-03-09,Summer,Net Banking,61803.87,4955.33,8384.17,19279.46,6514.61,1035.07,99902.37,3,99902.37,19980.47,33300.79
4060,445,245,170,2022-12-29,2023-01-13,2023-01-16,Winter,UPI,6679.08,4901.74,3944.45,6078.36,1171.98,420.07,22355.54,3,22355.54,4471.11,7451.85
4061,817,496,120,2024-09-21,2024-10-10,2024-10-15,Autumn,Debit Card,79996.4,8481.58,1734.39,9128.2,1389.49,8686.74,92043.32,5,92043.32,18408.66,18408.66
4062,102,444,191,2023-02-23,2023-03-02,2023-03-06,Summer,Debit Card,26078.28,11221.93,11700.18,2504.45,3773.74,2980.43,52298.15,4,52298.15,10459.63,13074.54
4063,121,79,190,2024-03-22,2024-04-22,2024-04-27,Summer,Net Banking,13202.7,6348.04,1104.02,9715.22,2215.68,1181.79,31403.87,5,31403.87,6280.77,6280.77
4064,273,26,174,2023-07-20,2023-08-16,2023-08-18,Monsoon,Debit Card,11778.32,2460.58,4546.14,6822.2,3809.98,455.59,28961.63,2,28961.63,5792.33,14480.82
4065,116,156,136,2023-11-10,2023-12-23,2023-12-30,Winter,Net Banking,41271.44,8694.0,3458.8,9991.61,848.84,1798.83,62465.86,7,62465.86,12493.17,8923.69
4066,335,35,26,2023-05-27,2023-07-17,2023-07-21,Monsoon,Cash,50465.16,23385.13,8643.96,28416.66,6033.32,6862.79,110081.44,4,110081.44,22016.29,27520.36
4067,269,21,62,2024-04-25,2024-05-18,2024-05-25,Summer,UPI,14940.17,10155.17,4653.45,8474.77,2929.03,122.15,41030.44,7,41030.44,8206.09,5861.49
4068,901,51,5,2023-11-13,2024-01-12,2024-01-15,Winter,Cash,6236.49,3537.57,4255.81,6083.71,2158.45,130.21,22141.82,3,22141.82,4428.36,7380.61
4069,989,456,140,2024-04-19,2024-05-02,2024-05-05,Summer,UPI,46995.18,4276.49,4577.64,8117.61,2817.31,6246.64,60537.59,3,60537.59,12107.52,20179.2
4070,190,491,90,2024-05-17,2024-06-09,2024-06-16,Monsoon,Cash,16824.99,21592.79,8490.71,11253.54,2457.82,33.72,60586.13,7,60586.13,12117.23,8655.16
4071,591,163,96,2024-04-15,2024-06-09,2024-06-14,Monsoon,Net Banking,8981.15,9750.79,1594.04,6187.34,2046.06,653.31,27906.07,5,27906.07,5581.21,5581.21
4072,196,289,76,2024-01-01,2024-01-11,2024-01-16,Winter,Debit Card,9756.95,6576.05,2602.65,1810.18,3141.71,909.62,22977.92,5,22977.92,4595.58,4595.58
4073,307,7,177,2023-06-27,2023-07-15,2023-07-20,Monsoon,Debit Card,92243.15,3773.71,4851.38,1113.63,1865.59,7372.19,96475.27,5,96475.27,19295.05,19295.05
4074,223,205,170,2023-12-20,2024-01-10,2024-01-12,Winter,Debit Card,3508.96,2785.28,4651.45,6114.48,1838.15,10.17,18888.15,2,18888.15,3777.63,9444.08
4075,849,167,47,2024-08-25,2024-09-18,2024-09-20,Autumn,UPI,2351.04,2711.9,4231.5,5377.43,3429.75,251.49,17850.13,2,17850.13,3570.03,8925.06
4076,35,364,108,2023-04-03,2023-04-12,2023-04-14,Summer,Net Banking,4486.26,3319.82,4512.59,9919.38,2721.6,127.44,24832.21,2,24832.21,4966.44,12416.1
4077,637,125,133,2023-11-03,2023-12-12,2023-12-16,Winter,Net Banking,4335.36,7781.54,2898.29,6611.15,3278.96,170.94,24734.36,4,24734.36,4946.87,6183.59
4078,346,344,133,2024-07-31,2024-09-12,2024-09-15,Autumn,Credit Card,3666.12,3468.91,2688.36,8695.81,3580.25,18.35,22081.1,3,22081.1,4416.22,7360.37
4079,690,422,199,2023-12-23,2024-02-07,2024-02-09,Winter,UPI,3235.14,2340.57,3366.66,3970.69,3182.58,204.7,15890.94,2,15890.94,3178.19,7945.47
4080,52,271,76,2024-06-16,2024-07-12,2024-07-18,Monsoon,UPI,16487.46,8551.21,5203.76,10819.34,3904.27,1332.7,43633.34,6,43633.34,8726.67,7272.22
4081,524,430,179,2023-12-03,2024-01-17,2024-01-19,Winter,Cash,4680.54,2213.98,1312.2,5743.68,3851.75,629.31,17172.84,2,17172.84,3434.57,8586.42
4082,567,229,3,2024-04-18,2024-05-23,2024-05-26,Summer,Debit Card,13949.79,1875.73,3561.8,9941.16,3176.49,613.87,31891.1,3,31891.1,6378.22,10630.37
4083,473,147,16,2024-10-02,2024-11-01,2024-11-03,Autumn,Cash,13962.66,3309.69,4179.38,7376.28,2432.4,1062.94,30197.47,2,30197.47,6039.49,15098.74
4084,196,160,127,2024-06-27,2024-07-28,2024-08-01,Monsoon,Debit Card,3458.16,7573.01,4414.16,7060.27,1578.62,505.3,23578.92,4,23578.92,4715.78,5894.73
4085,73,372,46,2024-11-28,2024-12-12,2024-12-17,Winter,Net Banking,7697.3,2884.5,1337.77,6424.38,3358.32,1137.5,20564.77,5,20564.77,4112.95,4112.95
4086,166,200,73,2023-06-10,2023-06-18,2023-06-22,Monsoon,Debit Card,90059.84,8466.42,7615.95,2690.55,1184.05,4400.32,105616.49,4,105616.49,21123.3,26404.12
4087,408,122,138,2024-11-01,2024-12-24,2024-12-28,Winter,Net Banking,12962.72,4468.85,9803.6,8036.64,3163.46,1514.81,36920.46,4,36920.46,7384.09,9230.12
4088,883,83,172,2024-01-22,2024-03-11,2024-03-17,Summer,Debit Card,65818.26,7637.16,1806.59,8020.39,1293.58,877.66,83698.32,6,83698.32,16739.66,13949.72
4089,596,128,43,2024-08-05,2024-08-28,2024-09-03,Monsoon,UPI,33462.42,20482.96,6737.66,9030.58,6796.32,3163.1,73346.84,6,73346.84,14669.37,12224.47
4090,764,5,78,2024-10-13,2024-11-14,2024-11-18,Autumn,Debit Card,4978.56,6393.84,6195.92,16490.07,5743.89,26.11,39776.17,4,39776.17,7955.23,9944.04
4091,22,11,52,2023-01-25,2023-02-01,2023-02-03,Winter,Debit Card,2715.6,3687.65,3990.02,3991.87,3471.78,190.02,17666.9,2,17666.9,3533.38,8833.45
4092,14,261,155,2024-11-05,2024-11-26,2024-11-30,Autumn,Cash,5232.6,15027.04,6642.79,1390.0,7810.15,112.75,35989.83,4,35989.83,7197.97,8997.46
4093,507,356,176,2024-06-07,2024-06-12,2024-06-15,Monsoon,Cash,15649.05,17763.15,17047.11,5825.02,2586.6,199.7,58671.23,3,58671.23,11734.25,19557.08
4094,137,417,90,2023-10-26,2023-11-12,2023-11-16,Autumn,Debit Card,57209.84,4739.03,4946.97,9801.94,1046.95,4128.97,73615.76,4,73615.76,14723.15,18403.94
4095,982,304,170,2024-05-25,2024-06-24,2024-06-26,Monsoon,Net Banking,9473.3,3003.32,3090.38,15046.43,2329.56,753.87,32189.12,2,32189.12,6437.82,16094.56
4096,113,420,193,2024-07-15,2024-07-22,2024-07-24,Monsoon,Net Banking,2355.1,2382.9,4671.53,2936.85,1886.85,190.49,14042.74,2,14042.74,2808.55,7021.37
4097,304,287,28,2024-11-07,2024-11-19,2024-11-24,Autumn,UPI,22131.3,4628.66,5742.73,15414.64,2173.9,3082.83,47008.4,5,47008.4,9401.68,9401.68
4098,984,105,34,2024-02-09,2024-03-28,2024-03-31,Summer,UPI,41232.69,7548.22,4516.67,1855.01,3987.15,442.27,58697.47,3,58697.47,11739.49,19565.82
4099,31,430,179,2023-10-19,2023-11-15,2023-11-17,Autumn,UPI,4680.54,2374.81,3817.42,13190.88,3472.63,269.95,27266.33,2,27266.33,5453.27,13633.16
4100,702,296,50,2023-05-01,2023-06-20,2023-06-25,Monsoon,Debit Card,22326.85,19299.37,3045.31,10583.42,1224.95,2720.15,53759.75,5,53759.75,10751.95,10751.95
4101,297,357,38,2024-07-10,2024-08-07,2024-08-11,Monsoon,UPI,38919.48,11866.27,9866.48,1360.51,1464.69,3504.11,59973.32,4,59973.32,11994.66,14993.33
4102,822,291,153,2024-07-11,2024-08-22,2024-08-29,Monsoon,Cash,22531.32,25754.99,8230.72,31862.22,6044.7,1234.69,93189.26,7,93189.26,18637.85,13312.75
4103,967,4,123,2024-02-19,2024-03-12,2024-03-18,Summer,Net Banking,18258.84,7045.53,8332.83,12471.05,3029.78,701.65,48436.38,6,48436.38,9687.28,8072.73
4104,695,340,130,2023-07-15,2023-08-09,2023-08-12,Monsoon,Credit Card,39006.84,2736.64,2070.54,13701.54,4077.62,3898.09,57695.09,3,57695.09,11539.02,19231.7
4105,2,324,148,2023-09-05,2023-10-27,2023-11-03,Autumn,Net Banking,112779.8,7465.63,4304.27,2628.41,1988.33,15525.61,113640.83,7,113640.83,22728.17,16234.4
4106,824,450,110,2023-12-06,2024-01-14,2024-01-19,Winter,Cash,24706.65,6036.46,1577.08,404.42,711.64,1054.04,32382.21,5,32382.21,6476.44,6476.44
4107,442,161,135,2024-04-26,2024-05-22,2024-05-29,Summer,Net Banking,19641.02,26761.17,6137.73,16255.13,2279.7,1818.75,69256.0,7,69256.0,13851.2,9893.71
4108,976,383,15,2024-05-15,2024-07-10,2024-07-12,Monsoon,Net Banking,8345.54,1265.53,2388.77,8621.18,2242.57,751.8,22111.79,2,22111.79,4422.36,11055.9
4109,148,318,160,2024-02-13,2024-03-25,2024-03-27,Summer,Net Banking,4062.24,3968.11,4332.83,2511.86,2307.23,300.08,16882.19,2,16882.19,3376.44,8441.09
4110,733,124,190,2023-04-03,2023-05-18,2023-05-24,Summer,UPI,28836.0,3743.59,4506.06,6356.78,690.34,2009.78,42122.99,6,42122.99,8424.6,7020.5
4111,24,21,62,2023-04-18,2023-04-23,2023-04-30,Summer,Net Banking,14940.17,7602.73,2848.59,2486.6,1095.35,768.36,28205.08,7,28205.08,5641.02,4029.3
4112,560,81,152,2024-04-28,2024-06-07,2024-06-10,Monsoon,Debit Card,8469.42,4635.4,2578.63,7971.66,3531.39,428.51,26757.99,3,26757.99,5351.6,8919.33
4113,436,447,96,2024-06-29,2024-07-17,2024-07-22,Monsoon,Debit Card,19476.95,16669.09,6697.09,2465.19,6889.95,2503.29,49694.98,5,49694.98,9939.0,9939.0
4114,74,134,75,2024-09-07,2024-10-09,2024-10-14,Autumn,UPI,6061.95,9455.81,4796.23,2489.66,696.69,547.61,22952.73,5,22952.73,4590.55,4590.55
4115,335,379,35,2023-04-23,2023-05-18,2023-05-25,Summer,Debit Card,31296.44,14932.18,12021.43,3784.37,2349.56,4233.54,60150.44,7,60150.44,12030.09,8592.92
4116,709,477,50,2023-12-20,2024-01-07,2024-01-09,Winter,UPI,11329.3,11845.84,12008.33,1922.59,9119.63,1520.93,44704.76,2,44704.76,8940.95,22352.38
4117,248,420,193,2024-05-17,2024-05-23,2024-05-25,Summer,Cash,2355.1,7538.49,9017.18,8083.52,3042.11,186.08,29850.32,2,29850.32,5970.06,14925.16
4118,383,168,85,2024-05-21,2024-06-05,2024-06-09,Monsoon,Debit Card,9880.2,14194.29,5518.76,10451.41,4272.93,542.74,43774.85,4,43774.85,8754.97,10943.71
4119,446,431,73,2024-06-26,2024-07-10,2024-07-16,Monsoon,Debit Card,18510.78,13407.02,4257.19,1555.76,2224.18,2231.63,37723.3,6,37723.3,7544.66,6287.22
4120,134,363,21,2024-07-28,2024-09-10,2024-09-14,Autumn,Debit Card,18107.4,7148.65,4052.13,1730.87,1985.28,157.58,32866.75,4,32866.75,6573.35,8216.69
4121,984,457,117,2023-03-23,2023-05-17,2023-05-19,Summer,UPI,40424.74,5089.04,5040.56,12402.89,2044.25,131.93,64869.55,2,64869.55,12973.91,32434.78
4122,938,359,13,2024-04-09,2024-05-15,2024-05-20,Summer,Cash,11200.75,4153.09,1707.27,507.23,2563.56,869.18,19262.72,5,19262.72,3852.54,3852.54
4123,729,495,137,2023-05-06,2023-05-25,2023-05-27,Summer,Net Banking,35304.84,2013.81,2404.85,2180.92,2134.36,3345.38,40693.4,2,40693.4,8138.68,20346.7
4124,935,248,97,2024-11-29,2024-12-07,2024-12-14,Winter,Net Banking,26854.66,12353.31,5661.43,9167.02,3760.44,3238.1,54558.76,7,54558.76,10911.75,7794.11
4125,365,154,183,2024-10-15,2024-11-28,2024-12-04,Autumn,Credit Card,20256.84,21987.72,12769.61,19952.11,7965.58,1930.57,81001.29,6,81001.29,16200.26,13500.21
4126,656,126,188,2024-11-06,2024-11-17,2024-11-21,Autumn,UPI,33400.44,10485.52,2713.57,10200.71,6281.65,999.1,62082.79,4,62082.79,12416.56,15520.7
4127,545,240,186,2023-04-20,2023-05-15,2023-05-17,Summer,UPI,19526.24,3937.47,2513.84,12898.76,6870.34,1034.07,44712.58,2,44712.58,8942.52,22356.29
4128,823,50,12,2023-12-14,2024-01-26,2024-02-02,Winter,Cash,97951.84,9575.08,6169.53,15904.61,5240.48,5599.87,129241.67,7,129241.67,25848.33,18463.1
4129,107,45,159,2023-03-28,2023-05-03,2023-05-05,Summer,Cash,2508.9,2315.14,1504.27,4562.31,527.45,29.8,11388.27,2,11388.27,2277.65,5694.14
4130,191,452,116,2023-06-09,2023-06-21,2023-06-25,Monsoon,Net Banking,16299.24,5421.74,8086.96,3350.12,3359.19,915.08,35602.17,4,35602.17,7120.43,8900.54
4131,898,36,106,2024-08-27,2024-10-20,2024-10-25,Autumn,Net Banking,103006.45,14151.54,4746.37,4935.41,6346.8,13200.84,119985.73,5,119985.73,23997.15,23997.15
4132,898,283,166,2023-08-24,2023-10-20,2023-10-24,Autumn,Net Banking,20950.12,5002.74,7874.09,13848.8,5662.94,544.01,52794.68,4,52794.68,10558.94,13198.67
4133,724,54,60,2024-01-06,2024-01-26,2024-01-29,Winter,UPI,38070.18,5775.49,2461.81,8317.86,921.5,1033.28,54513.56,3,54513.56,10902.71,18171.19
4134,832,19,173,2023-08-04,2023-08-28,2023-09-03,Monsoon,Cash,8668.62,14531.77,7728.65,1105.81,3481.19,326.73,35189.31,6,35189.31,7037.86,5864.88
4135,819,105,34,2023-12-02,2023-12-15,2023-12-17,Winter,Credit Card,27488.46,5876.19,4238.7,19714.13,2466.72,3352.27,56431.93,2,56431.93,11286.39,28215.96
4136,810,37,149,2024-06-04,2024-07-25,2024-07-30,Monsoon,Credit Card,5667.65,7389.62,3265.42,4949.35,3788.53,177.88,24882.69,5,24882.69,4976.54,4976.54
4137,21,350,126,2024-02-28,2024-04-12,2024-04-15,Summer,Credit Card,9363.21,3962.52,1889.38,951.2,1756.54,1266.95,16655.9,3,16655.9,3331.18,5551.97
4138,4,491,90,2024-11-16,2024-12-07,2024-12-09,Winter,Debit Card,4807.14,3732.54,7895.07,384.65,3054.73,499.33,19374.8,2,19374.8,3874.96,9687.4
4139,461,460,42,2024-10-21,2024-11-25,2024-11-27,Autumn,Cash,18391.64,6315.01,4569.03,2338.13,4600.0,529.32,35684.49,2,35684.49,7136.9,17842.24
4140,562,354,69,2023-01-15,2023-02-10,2023-02-13,Winter,Cash,10391.1,2766.54,3600.24,7787.02,3407.29,1217.39,26734.8,3,26734.8,5346.96,8911.6
4141,839,424,176,2024-04-27,2024-05-24,2024-05-31,Summer,Cash,82022.36,23071.29,11313.95,1950.2,3465.22,5456.33,116366.69,7,116366.69,23273.34,16623.81
4142,496,194,199,2023-09-25,2023-11-04,2023-11-06,Autumn,Net Banking,22099.58,6545.25,8993.81,2529.92,2237.87,1957.89,40448.54,2,40448.54,8089.71,20224.27
4143,770,373,124,2024-08-18,2024-09-09,2024-09-13,Autumn,Credit Card,6204.64,12545.95,6710.0,8111.67,4421.51,596.28,37397.49,4,37397.49,7479.5,9349.37
4144,67,376,96,2023-08-01,2023-09-01,2023-09-04,Autumn,UPI,10737.03,2828.63,4337.28,4899.54,567.87,1079.46,22290.89,3,22290.89,4458.18,7430.3
4145,263,86,37,2024-04-23,2024-05-09,2024-05-12,Summer,Net Banking,3103.11,5925.56,2350.45,6883.42,2479.3,212.37,20529.47,3,20529.47,4105.89,6843.16
4146,319,268,144,2023-05-22,2023-06-06,2023-06-10,Monsoon,Debit Card,19086.96,4019.88,1736.97,9734.28,2065.49,1276.76,35366.82,4,35366.82,7073.36,8841.7
4147,667,203,183,2023-06-18,2023-07-07,2023-07-13,Monsoon,UPI,9122.82,14858.72,2885.47,18556.15,7208.03,464.58,52166.61,6,52166.61,10433.32,8694.44
4148,903,253,91,2024-10-29,2024-11-24,2024-11-27,Autumn,Debit Card,31430.73,4177.65,2394.05,12290.37,4847.58,755.08,54385.3,3,54385.3,10877.06,18128.43
4149,741,465,38,2023-11-17,2024-01-01,2024-01-04,Winter,Debit Card,40140.42,4477.78,2124.92,9655.69,3999.08,1130.41,59267.48,3,59267.48,11853.5,19755.83
4150,695,424,176,2023-07-25,2023-08-18,2023-08-22,Monsoon,Debit Card,46869.92,7476.25,2036.74,977.98,1510.95,4663.42,54208.42,4,54208.42,10841.68,13552.1
4151,422,123,15,2024-05-13,2024-06-13,2024-06-19,Monsoon,UPI,22880.94,8759.33,1754.9,8714.19,2277.14,2508.01,41878.49,6,41878.49,8375.7,6979.75
4152,943,156,136,2024-10-30,2024-12-18,2024-12-22,Winter,Credit Card,23583.68,7037.72,3838.96,8961.66,1528.15,1115.02,43835.15,4,43835.15,8767.03,10958.79
4153,329,127,183,2024-06-10,2024-07-16,2024-07-19,Monsoon,Net Banking,4930.35,9613.02,5987.1,15690.46,1883.84,154.56,37950.21,3,37950.21,7590.04,12650.07
4154,516,332,42,2024-06-04,2024-07-04,2024-07-09,Monsoon,Net Banking,26087.4,4221.85,4254.12,1847.72,2292.52,135.74,38567.87,5,38567.87,7713.57,7713.57
4155,84,50,12,2023-07-07,2023-08-13,2023-08-16,Monsoon,UPI,41979.36,4225.16,2857.54,56.92,1746.84,6211.31,44654.51,3,44654.51,8930.9,14884.84
4156,683,294,119,2024-01-02,2024-03-02,2024-03-07,Summer,UPI,9709.3,13180.47,8909.69,7141.35,1502.5,264.33,40178.98,5,40178.98,8035.8,8035.8
4157,435,248,97,2024-07-14,2024-07-20,2024-07-25,Monsoon,UPI,19181.9,8525.56,2393.71,2003.05,1368.95,2693.22,30779.95,5,30779.95,6155.99,6155.99
4158,424,85,152,2023-07-15,2023-08-08,2023-08-15,Monsoon,Cash,70025.55,24892.79,15779.61,3909.39,10524.03,1612.62,123518.75,7,123518.75,24703.75,17645.54
4159,722,488,134,2023-09-24,2023-11-20,2023-11-24,Autumn,Net Banking,3352.88,7932.03,4263.43,7684.28,3472.2,371.95,26332.87,4,26332.87,5266.57,6583.22
4160,373,344,133,2023-09-14,2023-10-06,2023-10-12,Autumn,Cash,7332.24,18301.21,3841.15,18425.54,2807.69,343.43,50364.4,6,50364.4,10072.88,8394.07
4161,498,409,156,2024-05-29,2024-07-19,2024-07-26,Monsoon,Debit Card,24501.75,8847.12,1598.92,6722.45,3466.99,370.91,44766.32,7,44766.32,8953.26,6395.19
4162,294,330,102,2024-06-15,2024-08-07,2024-08-11,Monsoon,Debit Card,8285.12,10221.74,5538.58,4044.43,5691.43,99.75,33681.55,4,33681.55,6736.31,8420.39
4163,401,353,98,2024-06-27,2024-08-15,2024-08-19,Monsoon,UPI,7366.88,13343.75,5584.12,19737.9,6836.25,1013.14,51855.76,4,51855.76,10371.15,12963.94
4164,205,68,7,2023-01-08,2023-01-18,2023-01-20,Winter,Net Banking,3090.74,5702.84,4008.14,2292.82,4840.0,66.33,19868.21,2,19868.21,3973.64,9934.1
4165,771,309,94,2023-09-28,2023-11-17,2023-11-22,Autumn,Credit Card,8391.65,7851.29,2371.34,7200.81,2446.36,581.92,27679.53,5,27679.53,5535.91,5535.91
4166,976,420,193,2023-11-23,2024-01-03,2024-01-05,Winter,Cash,2355.1,3418.06,4047.41,5830.66,3012.27,246.67,18416.83,2,18416.83,3683.37,9208.42
4167,548,325,154,2023-04-16,2023-04-28,2023-05-03,Summer,UPI,34451.05,7530.12,2639.18,2620.71,7258.02,1603.5,52895.58,5,52895.58,10579.12,10579.12
4168,304,184,183,2023-02-12,2023-02-27,2023-03-05,Winter,UPI,129645.96,19205.34,7895.85,9026.1,4954.22,17676.77,153050.7,6,153050.7,30610.14,25508.45
4169,666,236,81,2022-11-11,2023-01-02,2023-01-05,Winter,UPI,16214.94,3538.0,2104.35,9086.8,2447.98,2385.88,31006.19,3,31006.19,6201.24,10335.4
4170,38,16,187,2023-03-10,2023-04-09,2023-04-11,Summer,Credit Card,4975.72,3666.85,4853.4,5420.73,1755.69,498.21,20174.18,2,20174.18,4034.84,10087.09
4171,584,295,125,2024-06-06,2024-07-06,2024-07-09,Monsoon,Credit Card,5823.6,15967.89,4357.25,2566.64,8775.45,382.13,37108.7,3,37108.7,7421.74,12369.57
4172,861,28,58,2023-01-13,2023-02-24,2023-02-28,Winter,Net Banking,20892.4,11185.26,9780.54,6443.94,5695.27,2601.81,51395.6,4,51395.6,10279.12,12848.9
4173,397,139,149,2022-12-11,2023-02-08,2023-02-12,Winter,Cash,37088.48,14182.34,4239.22,10655.96,7374.07,2216.43,71323.64,4,71323.64,14264.73,17830.91
4174,638,340,130,2023-11-18,2024-01-10,2024-01-16,Winter,UPI,78013.68,3682.78,1702.89,1486.15,1486.01,4441.85,81929.66,6,81929.66,16385.93,13654.94
4175,359,309,94,2023-11-19,2023-12-25,2023-12-27,Winter,Net Banking,3356.66,2589.56,2831.02,6013.41,3365.55,358.51,17797.69,2,17797.69,3559.54,8898.84
4176,810,108,133,2023-03-10,2023-05-08,2023-05-14,Summer,Cash,11895.12,7268.06,3829.68,4692.91,3633.77,771.61,30547.93,6,30547.93,6109.59,5091.32
4177,858,318,160,2024-06-26,2024-07-24,2024-07-28,Monsoon,Cash,8124.48,17846.34,4243.67,28840.18,8965.84,310.73,67709.78,4,67709.78,13541.96,16927.44
4178,121,137,27,2024-05-28,2024-06-17,2024-06-23,Monsoon,UPI,23808.72,6644.34,1176.57,4346.28,1979.51,1209.12,36746.3,6,36746.3,7349.26,6124.38
4179,941,390,24,2024-05-05,2024-06-17,2024-06-21,Monsoon,Debit Card,3606.48,11519.8,4009.77,8109.32,3017.36,116.51,30146.22,4,30146.22,6029.24,7536.56
4180,215,22,63,2024-01-03,2024-03-03,2024-03-09,Summer,Cash,7190.28,29045.88,5412.79,26334.92,4923.52,584.3,72323.09,6,72323.09,14464.62,12053.85
4181,951,353,98,2023-08-24,2023-09-21,2023-09-28,Autumn,Net Banking,12892.04,25458.3,8350.53,5707.88,1927.29,1879.03,52457.01,7,52457.01,10491.4,7493.86
4182,970,379,35,2024-05-01,2024-05-18,2024-05-23,Summer,Cash,22354.6,5128.26,3748.74,1591.17,1509.45,1452.97,32879.25,5,32879.25,6575.85,6575.85
4183,552,451,191,2024-06-10,2024-07-10,2024-07-12,Monsoon,Debit Card,3780.74,2235.86,8693.9,6756.94,3286.03,180.07,24573.4,2,24573.4,4914.68,12286.7
4184,400,114,71,2023-06-26,2023-07-13,2023-07-20,Monsoon,Cash,12751.9,10506.78,1453.43,9164.38,1000.36,1261.81,33615.04,7,33615.04,6723.01,4802.15
4185,144,453,100,2023-01-16,2023-03-10,2023-03-13,Summer,Credit Card,3368.25,1754.94,2968.34,7495.62,3886.11,277.37,19195.89,3,19195.89,3839.18,6398.63
4186,191,463,151,2023-11-30,2024-01-19,2024-01-26,Winter,Debit Card,10858.33,15719.52,2130.85,13618.75,1998.93,327.19,43999.19,7,43999.19,8799.84,6285.6
4187,791,230,108,2023-08-19,2023-09-24,2023-10-01,Autumn,Net Banking,85313.62,10937.36,2388.12,68.4,1125.55,1661.55,98171.5,7,98171.5,19634.3,14024.5
4188,853,349,124,2023-07-23,2023-08-01,2023-08-04,Monsoon,Debit Card,16777.44,3497.73,3976.76,3210.98,2160.05,672.26,28950.7,3,28950.7,5790.14,9650.23
4189,8,339,71,2024-04-12,2024-06-02,2024-06-07,Monsoon,UPI,28594.3,12626.01,2363.61,17435.08,7086.4,2590.57,65514.83,5,65514.83,13102.97,13102.97
4190,552,69,173,2024-04-17,2024-05-19,2024-05-26,Summer,UPI,20776.56,20087.35,6368.27,2955.51,4028.53,698.91,53517.31,7,53517.31,10703.46,7645.33
4191,245,281,43,2022-12-06,2023-01-23,2023-01-26,Winter,Debit Card,5119.35,14505.74,15560.58,33041.83,11244.4,573.76,78898.14,3,78898.14,15779.63,26299.38
4192,854,498,117,2024-02-08,2024-03-03,2024-03-10,Summer,Credit Card,17160.85,11664.88,6647.2,1377.81,2717.87,939.05,38629.56,7,38629.56,7725.91,5518.51
4193,924,216,14,2024-02-07,2024-02-18,2024-02-24,Winter,Credit Card,89540.88,15852.39,1884.14,12590.23,4740.14,3874.31,120733.47,6,120733.47,24146.69,20122.24
4194,920,78,82,2023-09-16,2023-10-06,2023-10-08,Autumn,Cash,16767.9,2471.29,3018.36,7120.18,3547.08,1795.42,31129.39,2,31129.39,6225.88,15564.7
4195,536,298,112,2023-04-23,2023-05-02,2023-05-04,Summer,Cash,9436.64,2797.53,3071.48,750.43,525.13,224.09,16357.12,2,16357.12,3271.42,8178.56
4196,152,373,124,2024-08-19,2024-10-10,2024-10-15,Autumn,Cash,7755.8,15399.22,4098.5,22495.81,11390.28,311.16,60828.45,5,60828.45,12165.69,12165.69
4197,7,261,155,2023-10-18,2023-12-10,2023-12-14,Winter,UPI,5232.6,5817.65,3985.23,5831.85,2867.01,595.0,23139.34,4,23139.34,4627.87,5784.84
4198,95,414,60,2024-05-28,2024-06-18,2024-06-23,Monsoon,Net Banking,21409.75,2824.96,1860.58,1305.9,2846.2,609.57,29637.82,5,29637.82,5927.56,5927.56
4199,57,309,94,2023-12-22,2024-02-03,2024-02-05,Winter,Credit Card,3356.66,3377.65,3528.17,10669.7,5746.37,354.46,26324.09,2,26324.09,5264.82,13162.04
4200,180,476,30,2024-11-27,2024-12-03,2024-12-10,Winter,Debit Card,14220.29,24880.38,3965.85,6267.55,2928.76,1465.11,50797.72,7,50797.72,10159.54,7256.82
4201,209,55,8,2024-02-10,2024-02-25,2024-03-01,Winter,Cash,8170.15,4700.73,4582.63,9458.86,2139.92,960.92,28091.37,5,28091.37,5618.27,5618.27
4202,807,222,89,2024-09-15,2024-11-03,2024-11-08,Autumn,Net Banking,20066.75,14506.15,5503.39,3739.4,7699.73,377.27,51138.15,5,51138.15,10227.63,10227.63
4203,890,11,52,2024-02-17,2024-04-12,2024-04-19,Summer,Cash,9504.6,18176.66,2217.93,1682.78,6985.19,439.96,38127.2,7,38127.2,7625.44,5446.74
4204,49,370,34,2022-12-01,2023-01-12,2023-01-19,Winter,Debit Card,6018.32,10299.23,4585.71,1740.24,3916.13,503.32,26056.31,7,26056.31,5211.26,3722.33
4205,866,430,179,2023-01-28,2023-02-11,2023-02-17,Winter,Cash,14041.62,3235.31,1168.22,6088.84,1957.92,51.87,26440.04,6,26440.04,5288.01,4406.67
4206,374,141,82,2023-04-15,2023-06-12,2023-06-14,Monsoon,Cash,11548.44,1901.71,3574.26,7405.47,2803.63,150.91,27082.6,2,27082.6,5416.52,13541.3
4207,767,470,157,2023-11-10,2024-01-05,2024-01-07,Winter,UPI,49564.44,4876.21,8717.58,17794.16,6801.43,4155.27,83598.55,2,83598.55,16719.71,41799.28
4208,842,226,94,2023-06-24,2023-07-13,2023-07-16,Monsoon,Debit Card,4313.49,9761.33,5559.92,4577.82,1628.66,149.29,25691.93,3,25691.93,5138.39,8563.98
4209,197,165,158,2023-06-12,2023-06-28,2023-07-05,Monsoon,Credit Card,15291.99,7426.62,5258.29,8578.9,1077.0,547.55,37085.25,7,37085.25,7417.05,5297.89
4210,220,163,96,2023-04-16,2023-06-11,2023-06-13,Monsoon,Net Banking,3592.46,3043.54,4481.67,1653.6,6679.51,422.44,19028.34,2,19028.34,3805.67,9514.17
4211,485,460,42,2022-11-30,2023-01-06,2023-01-11,Winter,Credit Card,45979.1,8062.21,4539.89,5608.88,3052.66,1928.67,65314.07,5,65314.07,13062.81,13062.81
4212,829,366,192,2023-03-01,2023-04-23,2023-04-30,Summer,Cash,7591.08,19018.78,8725.04,16493.57,5650.24,515.37,56963.34,7,56963.34,11392.67,8137.62
4213,294,334,158,2024-06-05,2024-06-24,2024-06-27,Monsoon,Debit Card,2693.07,3157.28,7679.87,3905.82,6443.17,269.19,23610.02,3,23610.02,4722.0,7870.01
4214,863,471,74,2023-09-05,2023-09-17,2023-09-21,Autumn,Cash,12154.56,15826.41,3889.62,64.24,7111.4,228.68,38817.55,4,38817.55,7763.51,9704.39
4215,156,185,194,2023-11-02,2023-12-24,2023-12-30,Winter,Cash,31403.04,19742.16,4507.35,20498.41,12541.5,1184.54,87507.92,6,87507.92,17501.58,14584.65
4216,246,227,13,2023-10-29,2023-11-07,2023-11-10,Autumn,Cash,5733.18,19522.24,13639.44,13717.0,12634.56,303.44,64942.98,3,64942.98,12988.6,21647.66
4217,413,398,157,2023-07-13,2023-07-28,2023-07-31,Monsoon,Credit Card,7325.58,8746.4,2144.31,3799.86,5946.8,830.13,27132.82,3,27132.82,5426.56,9044.27
4218,977,419,39,2023-06-02,2023-07-15,2023-07-19,Monsoon,Credit Card,10451.16,5893.4,3125.99,14003.95,2663.92,509.95,35628.47,4,35628.47,7125.69,8907.12
4219,560,97,69,2023-08-08,2023-09-09,2023-09-11,Autumn,Debit Card,2061.0,1133.76,3920.67,406.31,2087.0,279.65,9329.09,2,9329.09,1865.82,4664.54
4220,952,116,76,2023-02-17,2023-04-15,2023-04-20,Summer,Credit Card,8206.55,17023.59,7216.21,12624.64,1699.97,38.37,46732.59,5,46732.59,9346.52,9346.52
4221,743,412,198,2023-06-25,2023-07-28,2023-07-31,Monsoon,UPI,42573.36,5245.64,3904.93,4304.14,1112.86,2350.57,54790.36,3,54790.36,10958.07,18263.45
4222,227,334,158,2024-07-03,2024-07-28,2024-07-31,Monsoon,Credit Card,2693.07,6703.94,4156.89,14709.84,6793.69,220.69,34836.74,3,34836.74,6967.35,11612.25
4223,103,408,141,2023-03-03,2023-03-09,2023-03-16,Summer,Credit Card,10506.86,13843.86,8104.12,7103.62,12373.39,526.58,51405.27,7,51405.27,10281.05,7343.61
4224,553,43,142,2024-10-18,2024-12-02,2024-12-04,Winter,Debit Card,9777.54,1436.14,2891.79,7463.43,544.74,984.07,21129.57,2,21129.57,4225.91,10564.78
4225,606,252,122,2024-04-15,2024-05-23,2024-05-30,Summer,UPI,6956.88,22738.5,8390.01,6235.41,4858.13,977.94,48200.99,7,48200.99,9640.2,6885.86
4226,39,363,21,2024-11-24,2024-12-10,2024-12-12,Winter,UPI,9053.7,9922.45,16151.74,25527.8,5541.59,526.46,65670.82,2,65670.82,13134.16,32835.41
4227,239,482,81,2024-10-05,2024-11-10,2024-11-15,Autumn,Cash,4737.8,34109.16,10582.83,22376.1,9512.76,596.51,80722.14,5,80722.14,16144.43,16144.43
4228,762,436,91,2023-02-02,2023-03-01,2023-03-05,Summer,Credit Card,23935.92,7014.69,4203.09,7408.03,2128.57,2837.43,41852.87,4,41852.87,8370.57,10463.22
4229,833,182,172,2023-10-03,2023-11-24,2023-11-27,Autumn,Credit Card,17648.46,2802.53,2000.59,2724.51,890.67,2393.63,23673.13,3,23673.13,4734.63,7891.04
4230,576,470,157,2023-06-24,2023-07-23,2023-07-29,Monsoon,Net Banking,148693.32,10142.08,3387.53,12114.55,6611.12,4600.63,176347.97,6,176347.97,35269.59,29391.33
4231,999,135,188,2023-08-23,2023-10-05,2023-10-07,Autumn,Debit Card,13011.32,3940.94,1202.61,1062.7,2904.79,14.48,22107.88,2,22107.88,4421.58,11053.94
4232,622,47,195,2023-11-26,2024-01-01,2024-01-05,Winter,UPI,57647.52,7846.03,2872.77,7926.45,1088.76,7366.28,70015.25,4,70015.25,14003.05,17503.81
4233,929,111,37,2024-04-02,2024-05-24,2024-05-28,Summer,Debit Card,73501.72,13741.98,4201.81,5420.67,2542.81,8299.09,91109.9,4,91109.9,18221.98,22777.48
4234,926,246,3,2024-10-07,2024-12-01,2024-12-07,Winter,Debit Card,13458.24,19906.06,5793.15,9508.34,4259.74,196.77,52728.76,6,52728.76,10545.75,8788.13
4235,404,42,96,2024-05-11,2024-05-21,2024-05-27,Summer,UPI,141100.62,18314.37,6283.04,15461.5,4434.08,16746.88,168846.73,6,168846.73,33769.35,28141.12
4236,839,74,57,2023-09-11,2023-10-10,2023-10-13,Autumn,UPI,5360.64,10960.28,5651.97,10996.58,12065.79,656.8,44378.46,3,44378.46,8875.69,14792.82
4237,220,390,24,2024-09-28,2024-10-06,2024-10-09,Autumn,Debit Card,2704.86,4794.66,3783.36,3098.21,1887.69,24.57,16244.21,3,16244.21,3248.84,5414.74
4238,625,134,75,2023-03-28,2023-05-16,2023-05-20,Summer,Credit Card,4849.56,2959.87,2410.27,5496.41,2659.81,190.81,18185.11,4,18185.11,3637.02,4546.28
4239,574,475,177,2023-01-04,2023-02-24,2023-02-27,Winter,Credit Card,9693.27,1631.09,1397.7,3542.66,1477.91,779.85,16962.78,3,16962.78,3392.56,5654.26
4240,25,419,39,2023-04-19,2023-05-09,2023-05-16,Summer,Cash,18289.53,8980.65,1703.31,2254.31,2725.19,2295.13,31657.86,7,31657.86,6331.57,4522.55
4241,926,297,146,2024-01-31,2024-02-22,2024-02-27,Winter,Credit Card,13372.8,11711.01,8602.53,11544.32,6586.09,1742.56,50074.19,5,50074.19,10014.84,10014.84
4242,740,104,32,2023-06-18,2023-08-10,2023-08-12,Monsoon,Net Banking,19130.36,1449.36,1286.77,2850.23,1931.88,666.78,25981.82,2,25981.82,5196.36,12990.91
4243,360,134,75,2023-06-08,2023-06-16,2023-06-19,Monsoon,UPI,3637.17,5308.81,7235.49,13502.14,3361.65,158.65,32886.61,3,32886.61,6577.32,10962.2
4244,563,62,17,2023-09-12,2023-10-28,2023-11-01,Autumn,Net Banking,12796.04,28325.95,13163.82,35803.91,2512.12,863.91,91737.93,4,91737.93,18347.59,22934.48
4245,258,290,96,2023-02-21,2023-04-20,2023-04-25,Summer,Net Banking,11435.5,9368.59,5633.64,6582.07,1562.01,444.28,34137.53,5,34137.53,6827.51,6827.51
4246,608,1,50,2023-05-23,2023-06-25,2023-06-29,Monsoon,UPI,49244.76,21406.1,7562.21,14813.61,12592.57,4295.41,101323.84,4,101323.84,20264.77,25330.96
4247,772,310,104,2024-02-25,2024-04-01,2024-04-06,Summer,Debit Card,19737.25,9873.42,2900.2,6896.26,1306.94,854.05,39860.02,5,39860.02,7972.0,7972.0
4248,793,104,32,2023-05-04,2023-05-16,2023-05-19,Summer,Credit Card,28695.54,2814.06,1975.87,4990.47,2771.02,249.62,40997.34,3,40997.34,8199.47,13665.78
4249,337,272,11,2023-04-24,2023-05-09,2023-05-15,Summer,Net Banking,15121.62,9905.19,3917.82,993.94,3825.16,1560.54,32203.19,6,32203.19,6440.64,5367.2
4250,966,255,56,2024-03-30,2024-04-22,2024-04-28,Summer,Debit Card,29202.9,13124.57,5924.01,6514.75,2006.1,1752.39,55019.94,6,55019.94,11003.99,9169.99
4251,533,127,183,2023-04-20,2023-05-27,2023-06-02,Summer,Net Banking,9860.7,10242.54,4122.05,6176.69,3176.54,1014.75,32563.77,6,32563.77,6512.75,5427.3
4252,209,137,27,2024-09-04,2024-10-09,2024-10-15,Autumn,Debit Card,23808.72,6274.6,3483.58,8086.6,1675.88,1391.25,41938.13,6,41938.13,8387.63,6989.69
4253,820,54,60,2024-07-17,2024-09-05,2024-09-10,Autumn,Debit Card,63450.3,17466.55,5636.48,1621.38,4679.08,5740.39,87113.4,5,87113.4,17422.68,17422.68
4254,659,457,117,2024-01-20,2024-02-24,2024-02-26,Winter,Credit Card,40424.74,5852.06,4540.48,3321.07,6681.58,1326.64,59493.29,2,59493.29,11898.66,29746.64
4255,812,73,174,2023-12-29,2024-02-21,2024-02-26,Winter,UPI,12208.6,6922.83,4245.35,2984.74,2202.89,1349.73,27214.68,5,27214.68,5442.94,5442.94
4256,25,394,83,2023-03-06,2023-04-08,2023-04-15,Summer,Net Banking,16482.27,9682.32,4789.19,5982.05,2935.93,340.29,39531.47,7,39531.47,7906.29,5647.35
4257,409,77,117,2024-08-28,2024-10-08,2024-10-13,Autumn,Credit Card,6960.55,8149.61,1883.14,386.14,2129.96,554.04,18955.36,5,18955.36,3791.07,3791.07
4258,972,89,144,2023-01-26,2023-03-21,2023-03-28,Summer,Cash,13747.86,9608.84,1304.91,5001.15,3141.73,1369.95,31434.54,7,31434.54,6286.91,4490.65
4259,374,443,38,2023-05-23,2023-06-03,2023-06-09,Monsoon,Net Banking,13777.32,7987.1,4015.36,7418.04,996.9,1328.22,32866.5,6,32866.5,6573.3,5477.75
4260,882,294,119,2024-05-13,2024-06-08,2024-06-15,Monsoon,Credit Card,13593.02,13251.09,2413.06,6855.72,3343.73,1273.61,38183.01,7,38183.01,7636.6,5454.72
4261,218,154,183,2024-04-21,2024-05-17,2024-05-19,Summer,Credit Card,6752.28,5149.17,5028.11,12175.29,3776.75,674.33,32207.27,2,32207.27,6441.45,16103.64
4262,892,304,170,2023-01-13,2023-02-28,2023-03-05,Winter,Credit Card,23683.25,9737.52,4763.37,2775.23,5505.7,3445.99,43019.08,5,43019.08,8603.82,8603.82
4263,968,21,62,2023-06-19,2023-07-19,2023-07-25,Monsoon,Net Banking,12805.86,5090.92,4226.49,4268.77,3105.69,870.03,28627.7,6,28627.7,5725.54,4771.28
4264,438,119,151,2024-05-09,2024-07-08,2024-07-12,Monsoon,Debit Card,34708.24,9701.34,5224.22,369.36,6614.22,1880.73,54736.65,4,54736.65,10947.33,13684.16
4265,12,132,173,2023-11-15,2024-01-04,2024-01-07,Winter,Cash,39130.14,5082.91,6004.06,1017.71,1464.32,1862.85,50836.29,3,50836.29,10167.26,16945.43
4266,153,407,130,2023-05-06,2023-07-01,2023-07-08,Monsoon,Net Banking,41956.11,19542.11,9882.38,9667.35,5489.49,3654.7,82882.74,7,82882.74,16576.55,11840.39
4267,515,372,46,2024-09-27,2024-11-04,2024-11-07,Autumn,UPI,4618.38,6728.24,2548.99,8527.84,1280.94,118.53,23585.86,3,23585.86,4717.17,7861.95
4268,657,2,189,2023-01-21,2023-02-05,2023-02-08,Winter,UPI,14092.8,5647.65,5103.49,1667.91,5875.85,688.61,31699.09,3,31699.09,6339.82,10566.36
4269,485,358,162,2024-09-12,2024-10-13,2024-10-16,Autumn,Net Banking,6405.21,5574.41,5384.66,944.58,6613.66,523.14,24399.38,3,24399.38,4879.88,8133.13
4270,543,103,88,2022-12-21,2023-02-07,2023-02-14,Winter,Cash,38216.01,6283.2,3490.51,7118.64,1155.35,2266.5,53997.21,7,53997.21,10799.44,7713.89
4271,614,40,165,2024-05-10,2024-06-19,2024-06-23,Monsoon,Net Banking,8905.68,4666.43,4526.97,1674.82,1233.9,420.93,20586.87,4,20586.87,4117.37,5146.72
4272,567,489,83,2023-03-05,2023-04-22,2023-04-29,Summer,Net Banking,28903.7,3771.24,4250.02,3219.39,2139.65,208.44,42075.56,7,42075.56,8415.11,6010.79
4273,636,69,173,2024-05-29,2024-06-23,2024-06-26,Monsoon,Cash,8904.24,10398.67,5107.04,10693.38,2482.62,629.52,36956.43,3,36956.43,7391.29,12318.81
4274,514,310,104,2023-08-22,2023-09-23,2023-09-28,Autumn,Cash,19737.25,2826.43,1929.21,7148.38,3041.52,136.24,34546.55,5,34546.55,6909.31,6909.31
4275,947,41,196,2024-10-17,2024-11-16,2024-11-21,Autumn,Credit Card,45777.3,2892.85,1640.61,248.91,3718.36,4730.61,49547.42,5,49547.42,9909.48,9909.48
4276,441,158,91,2023-10-02,2023-10-17,2023-10-20,Autumn,Debit Card,20283.0,6092.93,3445.42,592.09,3175.57,502.59,33086.42,3,33086.42,6617.28,11028.81
4277,267,498,117,2024-03-22,2024-05-06,2024-05-13,Summer,Credit Card,17160.85,5052.63,4529.59,231.88,1763.66,2573.84,26164.77,7,26164.77,5232.95,3737.82
4278,663,421,87,2023-12-25,2024-01-04,2024-01-07,Winter,Cash,51955.77,18150.17,8399.51,12533.17,5949.72,2440.46,94547.88,3,94547.88,18909.58,31515.96
4279,456,398,157,2024-04-09,2024-05-23,2024-05-29,Summer,Debit Card,14651.16,6796.33,4392.37,9399.88,591.41,1317.38,34513.77,6,34513.77,6902.75,5752.29
4280,897,91,200,2024-07-26,2024-09-12,2024-09-17,Autumn,Debit Card,20994.5,5301.71,7051.08,13073.27,5383.38,312.8,51491.14,5,51491.14,10298.23,10298.23
4281,710,101,188,2024-11-10,2024-12-04,2024-12-07,Winter,Debit Card,6735.54,3795.9,4788.7,9411.55,2521.26,293.03,26959.92,3,26959.92,5391.98,8986.64
4282,41,308,163,2023-10-02,2023-11-14,2023-11-20,Autumn,Cash,64717.86,4022.91,3264.58,2230.3,3451.51,693.73,76993.43,6,76993.43,15398.69,12832.24
4283,265,156,136,2024-10-18,2024-12-04,2024-12-06,Winter,Debit Card,11791.84,5957.46,4031.24,10808.42,5300.72,1550.49,36339.19,2,36339.19,7267.84,18169.6
4284,395,364,108,2024-05-23,2024-06-17,2024-06-23,Monsoon,Credit Card,13458.78,16936.02,5047.2,23200.34,7603.64,1710.53,64535.45,6,64535.45,12907.09,10755.91
4285,633,404,25,2022-12-14,2023-01-22,2023-01-29,Winter,Net Banking,101854.41,6995.24,3875.69,5070.64,3412.49,5207.89,116000.58,7,116000.58,23200.12,16571.51
4286,748,390,24,2023-04-16,2023-05-27,2023-06-01,Summer,Credit Card,4508.1,4224.15,3975.79,4625.45,3165.7,333.79,20165.4,5,20165.4,4033.08,4033.08
4287,238,483,56,2023-06-29,2023-07-09,2023-07-13,Monsoon,Debit Card,5744.68,5979.84,9261.68,15495.17,3924.88,590.96,39815.29,4,39815.29,7963.06,9953.82
4288,963,313,124,2024-09-10,2024-11-04,2024-11-06,Autumn,UPI,3608.68,3296.93,4772.41,8140.6,3761.2,18.16,23561.66,2,23561.66,4712.33,11780.83
4289,993,357,38,2024-10-04,2024-11-12,2024-11-17,Autumn,Debit Card,48649.35,7722.34,3776.57,9387.25,1408.39,3545.4,67398.5,5,67398.5,13479.7,13479.7
4290,69,316,185,2023-04-24,2023-05-03,2023-05-07,Summer,Net Banking,9641.32,10563.43,4656.81,5667.22,6555.46,317.38,36766.86,4,36766.86,7353.37,9191.72
4291,719,163,96,2024-02-07,2024-03-04,2024-03-09,Summer,Credit Card,8981.15,10661.36,3167.16,1551.51,2662.91,201.59,26822.5,5,26822.5,5364.5,5364.5
4292,747,298,112,2023-05-05,2023-06-09,2023-06-16,Monsoon,Net Banking,33028.24,13902.19,2849.81,485.1,1646.29,3527.88,48383.75,7,48383.75,9676.75,6911.96
4293,725,20,71,2023-12-06,2024-01-13,2024-01-17,Winter,Credit Card,8515.48,7135.06,1624.2,2103.2,695.2,721.64,19351.5,4,19351.5,3870.3,4837.88
4294,927,252,122,2024-07-16,2024-08-04,2024-08-07,Monsoon,Net Banking,2981.52,4745.38,7679.2,18254.29,7011.97,418.03,40254.33,3,40254.33,8050.87,13418.11
4295,824,405,161,2023-11-02,2023-12-18,2023-12-24,Winter,Debit Card,54911.1,4183.44,3017.54,448.26,1030.8,622.13,62969.01,6,62969.01,12593.8,10494.84
4296,230,106,65,2023-09-23,2023-11-09,2023-11-13,Autumn,Credit Card,35521.52,6598.94,9983.62,8193.19,1112.52,875.79,60534.0,4,60534.0,12106.8,15133.5
4297,306,100,104,2022-12-14,2023-01-17,2023-01-20,Winter,UPI,4718.94,3007.4,1552.89,3691.52,908.92,312.6,13567.07,3,13567.07,2713.41,4522.36
4298,701,75,119,2024-05-03,2024-06-11,2024-06-16,Monsoon,Net Banking,5281.35,12930.05,3542.48,6829.5,6411.95,511.26,34484.07,5,34484.07,6896.81,6896.81
4299,159,243,181,2023-06-04,2023-07-24,2023-07-28,Monsoon,Cash,48950.96,13604.45,7669.3,14007.09,3177.97,2878.49,84531.28,4,84531.28,16906.26,21132.82
4300,937,382,80,2023-01-30,2023-03-14,2023-03-18,Summer,UPI,6353.04,6705.98,1631.73,1249.7,624.64,784.44,15780.65,4,15780.65,3156.13,3945.16
4301,778,170,90,2024-03-16,2024-03-28,2024-04-01,Summer,Net Banking,8770.36,6855.84,2887.76,5535.67,1681.03,583.62,25147.04,4,25147.04,5029.41,6286.76
4302,108,109,178,2023-04-14,2023-04-27,2023-05-03,Summer,Debit Card,87073.14,17374.02,7477.37,10393.32,1060.08,2201.44,121176.49,6,121176.49,24235.3,20196.08
4303,218,283,166,2024-08-05,2024-08-21,2024-08-25,Monsoon,Net Banking,20950.12,10296.02,4100.6,15012.89,2727.04,1117.03,51969.64,4,51969.64,10393.93,12992.41
4304,826,257,2,2024-01-11,2024-02-18,2024-02-22,Winter,Cash,9560.08,9154.08,7709.97,17094.35,4882.6,995.99,47405.09,4,47405.09,9481.02,11851.27
4305,45,199,151,2024-04-27,2024-06-08,2024-06-14,Monsoon,Net Banking,13344.06,27487.38,11374.28,21818.44,9082.72,1244.14,81862.74,6,81862.74,16372.55,13643.79
4306,853,279,99,2024-11-03,2024-11-25,2024-11-27,Autumn,Net Banking,4197.64,1116.33,4153.54,5797.84,3758.76,359.58,18664.53,2,18664.53,3732.91,9332.26
4307,375,306,195,2024-03-07,2024-04-22,2024-04-25,Summer,Credit Card,10433.22,10604.95,5589.91,11114.98,2080.15,1.39,39821.82,3,39821.82,7964.36,13273.94
4308,790,255,56,2023-04-24,2023-06-02,2023-06-08,Monsoon,Credit Card,29202.9,5967.46,1079.96,9697.23,1271.44,888.53,46330.46,6,46330.46,9266.09,7721.74
4309,397,409,156,2024-10-06,2024-11-02,2024-11-05,Autumn,Cash,10500.75,7438.66,3093.69,4681.42,3153.06,1110.9,27756.68,3,27756.68,5551.34,9252.23
4310,148,480,91,2024-10-05,2024-11-19,2024-11-21,Autumn,Debit Card,44585.14,1430.33,1881.41,2485.84,2959.63,3478.07,49864.28,2,49864.28,9972.86,24932.14
4311,575,261,155,2023-09-18,2023-11-10,2023-11-12,Autumn,Net Banking,2616.3,1518.41,2101.07,1371.33,950.41,324.48,8233.04,2,8233.04,1646.61,4116.52
4312,91,382,80,2024-10-25,2024-12-10,2024-12-14,Winter,UPI,6353.04,21175.26,11005.52,12618.84,3636.05,284.61,54504.1,4,54504.1,10900.82,13626.02
4313,418,358,162,2022-11-16,2023-01-13,2023-01-19,Winter,Credit Card,12810.42,39315.25,10724.5,8884.85,7873.53,1303.48,78305.07,6,78305.07,15661.01,13050.84
4314,867,381,184,2023-10-06,2023-11-20,2023-11-27,Autumn,UPI,16525.53,13370.87,3822.23,6342.87,3260.19,25.8,43295.89,7,43295.89,8659.18,6185.13
4315,195,444,191,2023-06-03,2023-06-10,2023-06-13,Monsoon,Debit Card,19558.71,11466.96,8309.38,180.78,3123.77,60.14,42579.46,3,42579.46,8515.89,14193.15
4316,163,39,190,2024-04-25,2024-06-14,2024-06-21,Monsoon,Debit Card,18739.42,23310.48,7246.36,3599.72,1336.91,947.6,53285.29,7,53285.29,10657.06,7612.18
4317,844,17,97,2023-02-17,2023-03-09,2023-03-11,Summer,Debit Card,20521.66,2586.68,2739.04,8717.45,1997.52,1350.21,35212.14,2,35212.14,7042.43,17606.07
4318,393,151,48,2023-05-24,2023-06-13,2023-06-16,Monsoon,Debit Card,6415.8,1656.52,2128.92,7440.6,1922.56,807.53,18756.87,3,18756.87,3751.37,6252.29
4319,196,44,179,2023-11-15,2023-12-23,2023-12-28,Winter,Credit Card,4909.65,3004.31,2217.27,1130.27,2303.08,650.11,12914.47,5,12914.47,2582.89,2582.89
4320,59,402,16,2023-06-28,2023-08-16,2023-08-19,Monsoon,Cash,15864.33,2082.3,4196.8,4615.6,3231.48,212.15,29778.36,3,29778.36,5955.67,9926.12
4321,993,354,69,2024-09-10,2024-10-06,2024-10-08,Autumn,Cash,6927.4,3428.85,3935.84,2377.55,3208.43,657.12,19220.95,2,19220.95,3844.19,9610.48
4322,640,211,130,2024-10-14,2024-11-28,2024-12-05,Autumn,UPI,19071.78,27464.22,7371.33,13556.55,4434.39,2715.31,69182.96,7,69182.96,13836.59,9883.28
4323,256,252,122,2023-04-05,2023-04-20,2023-04-27,Summer,Credit Card,6956.88,12186.05,3105.91,18963.58,7485.91,75.05,48623.28,7,48623.28,9724.66,6946.18
4324,413,351,135,2024-07-07,2024-07-13,2024-07-17,Monsoon,Net Banking,3421.44,11061.87,9289.51,18229.06,2766.04,190.36,44577.56,4,44577.56,8915.51,11144.39
4325,947,188,180,2024-08-24,2024-09-20,2024-09-27,Autumn,Cash,6938.96,5263.11,1333.87,8560.08,2003.2,606.81,23492.41,7,23492.41,4698.48,3356.06
4326,205,142,40,2023-10-13,2023-12-05,2023-12-09,Winter,Cash,53354.28,15169.23,3483.24,17294.24,2184.58,4798.35,86687.22,4,86687.22,17337.44,21671.8
4327,277,244,133,2024-05-31,2024-06-24,2024-06-26,Monsoon,UPI,1923.82,2594.54,2581.6,2636.37,5166.98,90.93,14812.38,2,14812.38,2962.48,7406.19
4328,159,217,37,2024-01-12,2024-02-02,2024-02-07,Winter,UPI,25578.8,7824.73,8126.39,487.25,1909.28,1776.59,42149.86,5,42149.86,8429.97,8429.97
4329,403,458,163,2023-01-17,2023-03-12,2023-03-19,Summer,Debit Card,34352.5,4253.6,1871.12,7031.33,3148.34,1080.92,49575.97,7,49575.97,9915.19,7082.28
4330,291,245,170,2023-04-11,2023-05-16,2023-05-23,Summer,Net Banking,15584.52,13065.44,1741.75,7718.51,1116.85,600.62,38626.45,7,38626.45,7725.29,5518.06
4331,495,262,162,2023-02-06,2023-04-06,2023-04-12,Summer,Net Banking,29145.24,8763.9,4081.53,9680.66,870.93,3296.62,49245.64,6,49245.64,9849.13,8207.61
4332,517,75,119,2023-05-15,2023-06-06,2023-06-13,Monsoon,Cash,7393.89,9931.67,4356.79,4615.68,2632.43,665.79,28264.67,7,28264.67,5652.93,4037.81
4333,294,338,18,2023-11-25,2023-12-19,2023-12-26,Winter,Credit Card,85829.73,13993.31,5770.28,3195.15,3786.06,5171.54,107402.99,7,107402.99,21480.6,15343.28
4334,93,371,120,2022-12-17,2023-01-18,2023-01-23,Winter,Debit Card,8662.65,3574.01,4164.71,9367.76,2261.59,345.8,27684.92,5,27684.92,5536.98,5536.98
4335,74,16,187,2023-04-05,2023-05-09,2023-05-11,Summer,Net Banking,4975.72,2042.24,2566.54,1942.31,3493.77,521.36,14499.22,2,14499.22,2899.84,7249.61
4336,802,275,135,2024-06-17,2024-07-03,2024-07-05,Monsoon,UPI,4545.42,1788.51,2419.32,1287.82,592.17,329.66,10303.58,2,10303.58,2060.72,5151.79
4337,432,451,191,2024-09-20,2024-10-25,2024-10-27,Autumn,Credit Card,3780.74,2260.99,3325.04,9988.79,3717.8,501.86,22571.5,2,22571.5,4514.3,11285.75
4338,155,340,130,2024-01-29,2024-03-05,2024-03-07,Summer,Net Banking,26004.56,2113.52,1976.46,5598.06,1229.47,1842.0,35080.07,2,35080.07,7016.01,17540.04
4339,608,170,90,2023-11-12,2023-12-07,2023-12-11,Winter,Debit Card,8770.36,15093.11,17008.16,5856.56,14170.97,409.68,60489.48,4,60489.48,12097.9,15122.37
4340,559,410,116,2024-04-19,2024-06-08,2024-06-14,Monsoon,UPI,29431.5,10550.35,4712.86,1379.47,3359.46,212.02,49221.62,6,49221.62,9844.32,8203.6
4341,871,21,62,2024-01-16,2024-01-26,2024-02-02,Winter,Credit Card,14940.17,11193.08,3570.52,7641.14,544.39,1246.36,36642.94,7,36642.94,7328.59,5234.71
4342,46,297,146,2023-04-30,2023-05-21,2023-05-24,Summer,Cash,8023.68,8757.27,7223.58,1704.45,7961.23,753.43,32916.78,3,32916.78,6583.36,10972.26
4343,253,84,91,2024-01-22,2024-02-27,2024-02-29,Winter,Debit Card,26274.76,2397.96,4764.3,13481.66,3434.97,2618.36,47735.29,2,47735.29,9547.06,23867.64
4344,45,83,172,2023-08-19,2023-10-17,2023-10-19,Autumn,UPI,21939.42,10237.2,12325.91,32830.85,12996.24,2831.08,87498.54,2,87498.54,17499.71,43749.27
4345,604,339,71,2024-09-06,2024-09-18,2024-09-22,Autumn,UPI,22875.44,12109.01,6418.97,3760.79,3687.48,297.57,48554.12,4,48554.12,9710.82,12138.53
4346,800,36,106,2023-03-10,2023-04-08,2023-04-13,Summer,UPI,103006.45,4636.8,1786.88,4663.27,1486.92,810.35,114769.97,5,114769.97,22953.99,22953.99
4347,302,330,102,2023-12-28,2024-02-18,2024-02-22,Winter,UPI,8285.12,6807.88,2736.98,9678.86,725.84,953.76,27280.92,4,27280.92,5456.18,6820.23
4348,956,180,140,2023-05-09,2023-05-14,2023-05-20,Summer,Net Banking,20865.66,10379.42,2214.26,7897.23,4008.36,1338.97,44025.96,6,44025.96,8805.19,7337.66
4349,29,391,33,2023-09-07,2023-10-16,2023-10-19,Autumn,Cash,15462.75,3213.87,1383.72,8566.77,3121.5,1092.61,30656.0,3,30656.0,6131.2,10218.67
4350,18,232,76,2023-03-02,2023-04-05,2023-04-11,Summer,Net Banking,33848.58,9576.33,3799.47,9448.34,3658.77,1027.2,59304.29,6,59304.29,11860.86,9884.05
4351,115,422,199,2024-07-27,2024-09-20,2024-09-26,Autumn,UPI,9705.42,6557.41,2491.83,7822.81,1033.75,691.83,26919.39,6,26919.39,5383.88,4486.56
4352,896,191,71,2024-06-06,2024-07-18,2024-07-25,Monsoon,Cash,33062.75,16422.82,3206.38,9953.66,4440.84,4100.5,62985.95,7,62985.95,12597.19,8997.99
4353,863,116,76,2023-08-23,2023-09-22,2023-09-28,Autumn,UPI,9847.86,7914.31,4429.27,9325.11,5028.64,1475.03,35070.16,6,35070.16,7014.03,5845.03
4354,971,378,178,2024-08-28,2024-10-07,2024-10-09,Autumn,UPI,4349.94,2899.78,3868.33,5781.15,2584.68,305.9,19177.98,2,19177.98,3835.6,9588.99
4355,135,272,11,2024-01-17,2024-02-03,2024-02-10,Winter,Credit Card,17641.89,4813.73,4158.95,2266.7,1063.99,1273.01,28672.25,7,28672.25,5734.45,4096.04
4356,988,207,77,2023-03-24,2023-05-13,2023-05-20,Summer,Cash,39191.25,6482.66,3408.71,2061.43,3199.24,3396.94,50946.35,7,50946.35,10189.27,7278.05
4357,403,268,144,2024-05-01,2024-06-12,2024-06-17,Monsoon,UPI,23858.7,9888.2,2998.06,5332.18,3444.04,2412.98,43108.2,5,43108.2,8621.64,8621.64
4358,494,183,134,2024-10-21,2024-12-02,2024-12-07,Winter,Credit Card,21454.3,35608.75,11869.43,22997.39,7358.95,2029.79,97259.03,5,97259.03,19451.81,19451.81
4359,353,59,143,2024-01-11,2024-02-11,2024-02-14,Winter,UPI,2857.05,5194.68,1233.82,498.63,912.66,252.13,10444.71,3,10444.71,2088.94,3481.57
4360,908,197,15,2023-07-01,2023-08-14,2023-08-19,Monsoon,Cash,28360.6,17478.88,8448.97,2926.06,5786.53,3352.91,59648.13,5,59648.13,11929.63,11929.63
4361,517,357,38,2023-10-22,2023-11-07,2023-11-10,Autumn,Net Banking,29189.61,5650.97,4900.48,1994.5,2475.71,3488.16,40723.11,3,40723.11,8144.62,13574.37
4362,179,156,136,2023-05-12,2023-05-25,2023-05-27,Summer,Credit Card,11791.84,2291.59,3225.33,6151.55,1052.83,811.28,23701.86,2,23701.86,4740.37,11850.93
4363,380,495,137,2023-05-28,2023-06-21,2023-06-28,Monsoon,Net Banking,123566.94,11960.52,1059.47,1576.81,3393.13,10065.06,131491.81,7,131491.81,26298.36,18784.54
4364,975,346,192,2024-09-25,2024-10-22,2024-10-26,Autumn,Credit Card,8212.36,14541.54,5054.88,7732.45,4412.29,132.44,39821.08,4,39821.08,7964.22,9955.27
4365,44,1,50,2024-05-28,2024-06-12,2024-06-18,Monsoon,UPI,73867.14,11142.05,1200.31,2603.5,1810.72,7699.85,82923.87,6,82923.87,16584.77,13820.64
4366,522,453,100,2024-05-04,2024-05-20,2024-05-23,Summer,Debit Card,3368.25,9684.67,8033.17,17575.44,1016.14,194.45,39483.22,3,39483.22,7896.64,13161.07
4367,814,178,170,2024-08-19,2024-09-21,2024-09-25,Autumn,Credit Card,3859.52,13613.12,5551.6,2023.5,8195.76,544.47,32699.03,4,32699.03,6539.81,8174.76
4368,216,471,74,2023-02-10,2023-04-01,2023-04-06,Summer,Cash,15193.2,6004.17,4690.03,676.77,2248.51,639.44,28173.24,5,28173.24,5634.65,5634.65
4369,742,220,123,2024-04-27,2024-06-21,2024-06-23,Monsoon,Cash,5595.32,2452.6,5320.39,6980.26,1683.58,802.07,21230.08,2,21230.08,4246.02,10615.04
4370,496,56,48,2023-03-11,2023-04-09,2023-04-16,Summer,UPI,6619.76,17656.3,9838.57,7944.88,3553.56,604.92,45008.15,7,45008.15,9001.63,6429.74
4371,3,383,15,2023-05-28,2023-07-14,2023-07-19,Monsoon,UPI,20863.85,11868.53,6723.52,14970.58,3558.11,1275.96,56708.63,5,56708.63,11341.73,11341.73
4372,168,86,37,2023-05-31,2023-07-28,2023-07-30,Monsoon,Cash,2068.74,4256.92,2503.69,551.5,1703.32,266.18,10817.99,2,10817.99,2163.6,5409.0
4373,727,358,162,2024-05-07,2024-05-27,2024-06-02,Summer,Cash,12810.42,5342.14,3202.57,8929.47,2353.83,138.01,32500.42,6,32500.42,6500.08,5416.74
4374,273,204,56,2022-11-21,2023-01-09,2023-01-14,Winter,UPI,26486.2,2616.26,3962.64,5664.17,3498.05,3676.83,38550.49,5,38550.49,7710.1,7710.1
4375,319,160,127,2023-03-19,2023-04-22,2023-04-26,Summer,Net Banking,3458.16,4575.46,2542.05,8311.32,2601.41,96.39,21392.01,4,21392.01,4278.4,5348.0
4376,228,88,116,2023-12-03,2023-12-19,2023-12-25,Winter,UPI,14508.78,3089.01,4667.93,9512.76,2555.44,1762.74,32571.18,6,32571.18,6514.24,5428.53
4377,85,21,62,2023-10-15,2023-10-26,2023-10-31,Autumn,UPI,10671.55,8884.27,3009.13,45.93,2446.75,240.17,24817.46,5,24817.46,4963.49,4963.49
4378,685,244,133,2024-09-13,2024-09-22,2024-09-29,Autumn,Credit Card,6733.37,10009.95,4380.02,5351.57,3754.79,62.43,30167.27,7,30167.27,6033.45,4309.61
4379,19,139,149,2023-03-27,2023-05-13,2023-05-18,Summer,Debit Card,46360.6,14014.68,2659.63,18839.18,1068.68,897.73,82045.04,5,82045.04,16409.01,16409.01
4380,34,45,159,2024-12-11,2024-12-19,2024-12-23,Winter,Debit Card,5017.8,4868.77,1444.23,7649.81,2034.79,296.23,20719.17,4,20719.17,4143.83,5179.79
4381,890,211,130,2023-05-15,2023-06-06,2023-06-08,Monsoon,Debit Card,5449.08,4557.38,8451.82,13096.16,5306.68,785.23,36075.89,2,36075.89,7215.18,18037.94
4382,529,160,127,2023-01-12,2023-02-22,2023-02-26,Winter,Cash,3458.16,15883.37,7027.23,3735.25,2269.15,303.62,32069.54,4,32069.54,6413.91,8017.38
4383,708,449,17,2024-03-12,2024-05-01,2024-05-08,Summer,Net Banking,27718.39,8037.29,4617.62,857.28,1709.6,2617.51,40322.67,7,40322.67,8064.53,5760.38
4384,711,66,82,2024-01-29,2024-02-27,2024-03-05,Winter,UPI,41097.35,24202.69,5093.24,11034.82,6240.88,3457.19,84211.79,7,84211.79,16842.36,12030.26
4385,357,412,198,2023-09-21,2023-10-10,2023-10-13,Autumn,Credit Card,42573.36,5078.94,3833.41,1704.61,1725.18,4699.97,50215.53,3,50215.53,10043.11,16738.51
4386,799,177,101,2022-11-25,2023-01-02,2023-01-09,Winter,Credit Card,7427.7,9300.26,1455.46,9553.42,3789.15,2.34,31523.65,7,31523.65,6304.73,4503.38
4387,507,471,74,2024-01-01,2024-02-08,2024-02-15,Winter,UPI,21270.48,29320.48,6426.0,35376.28,3752.74,189.85,95956.13,7,95956.13,19191.23,13708.02
4388,913,354,69,2024-10-11,2024-12-02,2024-12-05,Winter,Net Banking,10391.1,3137.19,4065.73,5804.46,1605.75,40.11,24964.12,3,24964.12,4992.82,8321.37
4389,746,96,90,2024-09-11,2024-10-27,2024-11-03,Autumn,Cash,7603.68,5149.88,1007.34,2617.82,2006.62,657.06,17728.28,7,17728.28,3545.66,2532.61
4390,763,316,185,2023-06-18,2023-06-27,2023-07-04,Monsoon,Net Banking,16872.31,5005.65,1343.68,9885.76,2180.43,458.26,34829.57,7,34829.57,6965.91,4975.65
4391,442,371,120,2023-12-05,2024-01-03,2024-01-10,Winter,Net Banking,12127.71,10798.73,5980.35,3021.41,6114.29,144.19,37898.3,7,37898.3,7579.66,5414.04
4392,805,85,152,2023-04-23,2023-06-01,2023-06-04,Monsoon,Credit Card,30010.95,7946.39,8675.14,373.86,6494.4,4140.55,49360.19,3,49360.19,9872.04,16453.4
4393,89,156,136,2023-11-16,2023-12-27,2023-12-30,Winter,Cash,17687.76,9242.04,8268.44,15178.69,5826.92,2125.64,54078.21,3,54078.21,10815.64,18026.07
4394,254,47,195,2023-08-31,2023-09-08,2023-09-13,Autumn,Debit Card,72059.4,3097.55,3352.49,1426.7,2393.37,5100.45,77229.06,5,77229.06,15445.81,15445.81
4395,184,271,76,2024-05-16,2024-06-03,2024-06-10,Monsoon,Credit Card,19235.37,6677.82,4413.65,5074.65,2847.03,1455.14,36793.38,7,36793.38,7358.68,5256.2
4396,24,380,83,2023-07-20,2023-08-24,2023-08-31,Monsoon,Net Banking,58633.61,9974.52,2126.88,7180.23,3566.77,6483.11,74998.9,7,74998.9,14999.78,10714.13
4397,621,453,100,2024-05-08,2024-06-05,2024-06-08,Monsoon,Cash,3368.25,4279.81,1262.56,9153.62,1629.26,155.79,19537.71,3,19537.71,3907.54,6512.57
4398,70,116,76,2024-01-06,2024-02-21,2024-02-25,Winter,UPI,6565.24,5223.0,3576.52,8086.49,925.06,573.56,23802.75,4,23802.75,4760.55,5950.69
4399,259,144,179,2023-11-16,2023-12-07,2023-12-11,Winter,Credit Card,4208.6,3051.24,3870.72,6525.78,3838.66,500.53,20994.47,4,20994.47,4198.89,5248.62
4400,937,33,63,2022-11-25,2023-01-21,2023-01-23,Winter,Net Banking,2948.54,1288.01,1005.58,5232.76,2085.91,236.81,12323.99,2,12323.99,2464.8,6162.0
4401,250,42,96,2024-03-23,2024-05-10,2024-05-15,Summer,Credit Card,117583.85,6693.36,2794.26,1347.3,3369.76,4425.12,127363.41,5,127363.41,25472.68,25472.68
4402,885,254,127,2024-11-01,2024-12-08,2024-12-14,Winter,Credit Card,58910.1,19404.11,8351.19,10738.16,3580.03,1143.26,99840.33,6,99840.33,19968.07,16640.06
4403,483,269,176,2022-11-03,2023-01-01,2023-01-08,Winter,Credit Card,14363.02,21289.59,2888.3,17541.03,4177.34,1875.05,58384.23,7,58384.23,11676.85,8340.6
4404,492,131,58,2024-10-03,2024-11-14,2024-11-17,Autumn,Credit Card,9255.09,3385.62,3769.66,8064.98,3551.13,1160.03,26866.45,3,26866.45,5373.29,8955.48
4405,354,348,21,2024-10-27,2024-12-10,2024-12-12,Winter,Cash,3687.02,1902.02,2139.55,4876.42,2652.32,64.15,15193.18,2,15193.18,3038.64,7596.59
4406,708,193,80,2023-05-17,2023-07-08,2023-07-10,Monsoon,Net Banking,11779.98,3084.14,2703.08,8501.45,3806.12,24.16,29850.61,2,29850.61,5970.12,14925.3
4407,491,335,113,2024-03-12,2024-04-06,2024-04-09,Summer,UPI,38586.33,5362.53,4373.2,9223.63,917.71,1261.83,57201.57,3,57201.57,11440.31,19067.19
4408,392,366,192,2024-10-22,2024-11-27,2024-11-30,Autumn,Cash,3253.32,2898.21,5609.14,6348.59,3043.15,319.12,20833.29,3,20833.29,4166.66,6944.43
4409,574,105,34,2024-01-12,2024-02-07,2024-02-14,Winter,Cash,96209.61,13241.91,3893.03,9995.52,3704.99,14077.22,112967.84,7,112967.84,22593.57,16138.26
4410,117,121,158,2023-04-22,2023-05-23,2023-05-30,Summer,Cash,16212.63,7413.47,2073.62,1333.84,1141.89,1009.96,27165.49,7,27165.49,5433.1,3880.78
4411,225,180,140,2024-04-14,2024-05-20,2024-05-26,Summer,Cash,20865.66,10128.46,3627.75,4967.81,3383.28,1508.31,41464.65,6,41464.65,8292.93,6910.78
4412,162,390,24,2023-01-14,2023-02-19,2023-02-21,Winter,Cash,1803.24,2538.44,3716.15,1417.17,3460.19,199.43,12735.76,2,12735.76,2547.15,6367.88
4413,742,320,176,2024-03-14,2024-04-10,2024-04-14,Summer,Debit Card,9540.76,12129.12,7983.81,2921.91,2543.2,1250.03,33868.77,4,33868.77,6773.75,8467.19
4414,968,137,27,2024-04-19,2024-06-10,2024-06-14,Monsoon,UPI,15872.48,7581.41,2224.88,4178.22,2312.14,1414.33,30754.8,4,30754.8,6150.96,7688.7
4415,746,154,183,2023-02-28,2023-04-06,2023-04-09,Summer,Net Banking,10128.42,4118.42,1021.78,6258.27,2436.61,111.58,23851.92,3,23851.92,4770.38,7950.64
4416,664,343,30,2024-10-25,2024-11-06,2024-11-13,Autumn,Debit Card,32953.55,17029.89,7033.87,13119.39,6697.44,176.93,76657.21,7,76657.21,15331.44,10951.03
4417,30,415,186,2024-04-05,2024-05-21,2024-05-25,Summer,Net Banking,15812.44,7317.07,1657.51,2029.44,2000.87,291.95,28525.38,4,28525.38,5705.08,7131.34
4418,752,25,106,2023-11-22,2024-01-03,2024-01-05,Winter,Debit Card,11588.16,6889.03,7332.33,16682.28,5661.18,1723.89,46429.09,2,46429.09,9285.82,23214.54
4419,442,347,53,2023-03-23,2023-04-23,2023-04-29,Summer,UPI,32072.04,23023.63,2256.6,19309.73,6215.61,362.36,82515.25,6,82515.25,16503.05,13752.54
4420,839,159,92,2023-12-27,2024-01-16,2024-01-20,Winter,Credit Card,57902.36,12287.99,5341.6,28264.24,5605.09,3995.09,105406.19,4,105406.19,21081.24,26351.55
4421,301,33,63,2023-03-29,2023-05-06,2023-05-10,Summer,UPI,5897.08,7989.15,8447.22,4024.13,6925.91,373.62,32909.87,4,32909.87,6581.97,8227.47
4422,846,435,64,2023-11-11,2023-11-27,2023-11-30,Autumn,UPI,29697.99,3889.15,8276.52,14176.95,4036.26,2555.8,57521.07,3,57521.07,11504.21,19173.69
4423,138,456,140,2023-01-08,2023-02-18,2023-02-20,Winter,Debit Card,31330.12,1082.06,3801.91,741.96,1042.61,403.58,37595.08,2,37595.08,7519.02,18797.54
4424,19,181,68,2023-10-06,2023-11-09,2023-11-16,Autumn,Cash,15725.92,15812.68,2410.25,6656.52,1984.12,2304.48,40285.01,7,40285.01,8057.0,5755.0
4425,223,19,173,2024-05-28,2024-07-19,2024-07-26,Monsoon,Net Banking,10113.39,7741.75,3061.0,3367.51,1430.71,396.1,25318.26,7,25318.26,5063.65,3616.89
4426,659,198,130,2024-09-04,2024-10-11,2024-10-14,Autumn,Cash,8903.25,10652.06,9401.87,7409.14,12704.86,636.83,48434.35,3,48434.35,9686.87,16144.78
4427,255,113,36,2023-09-18,2023-11-08,2023-11-10,Autumn,UPI,2795.22,2368.92,2524.58,4050.25,3585.23,98.77,15225.43,2,15225.43,3045.09,7612.72
4428,668,91,200,2023-07-22,2023-08-04,2023-08-11,Monsoon,Cash,29392.3,21560.85,7587.04,10673.53,975.26,17.18,70171.8,7,70171.8,14034.36,10024.54
4429,92,70,19,2023-06-27,2023-08-02,2023-08-09,Monsoon,Cash,30302.86,4572.16,2980.17,6565.9,842.02,1756.44,43506.67,7,43506.67,8701.33,6215.24
4430,427,424,176,2023-04-08,2023-04-15,2023-04-20,Summer,Credit Card,58587.4,7237.58,4068.75,2357.0,2808.65,1714.88,73344.5,5,73344.5,14668.9,14668.9
4431,948,234,200,2023-11-19,2023-12-09,2023-12-13,Winter,Debit Card,9352.48,7160.26,2406.1,2627.41,3091.68,176.79,24461.14,4,24461.14,4892.23,6115.28
4432,698,275,135,2024-08-23,2024-10-15,2024-10-20,Autumn,Net Banking,11363.55,2766.84,3445.27,3068.73,3674.02,1322.93,22995.48,5,22995.48,4599.1,4599.1
4433,2,295,125,2023-11-07,2023-11-21,2023-11-26,Autumn,Credit Card,9706.0,14097.14,4988.18,1963.09,1708.61,140.6,32322.42,5,32322.42,6464.48,6464.48
4434,806,445,196,2024-04-24,2024-05-02,2024-05-06,Summer,Cash,7318.12,14371.06,7581.07,6032.78,949.06,274.45,35977.64,4,35977.64,7195.53,8994.41
4435,577,189,195,2024-02-21,2024-04-20,2024-04-24,Summer,Net Banking,7026.24,11638.65,8316.18,14841.12,6932.55,380.0,48374.74,4,48374.74,9674.95,12093.68
4436,439,468,83,2023-10-17,2023-11-06,2023-11-10,Autumn,Credit Card,20135.08,4090.32,2389.69,12558.67,1741.07,1849.52,39065.31,4,39065.31,7813.06,9766.33
4437,904,151,48,2023-01-06,2023-01-12,2023-01-17,Winter,Net Banking,10693.0,3737.48,3872.9,2703.16,581.36,237.05,21350.85,5,21350.85,4270.17,4270.17
4438,112,236,81,2022-12-22,2023-02-02,2023-02-06,Winter,Debit Card,21619.92,7069.13,3499.44,10356.16,1962.01,3129.31,41377.35,4,41377.35,8275.47,10344.34
4439,87,345,20,2024-06-11,2024-07-15,2024-07-22,Monsoon,Cash,9335.06,8483.66,2155.25,6694.31,1338.07,624.38,27381.97,7,27381.97,5476.39,3911.71
4440,213,21,62,2024-08-14,2024-09-08,2024-09-13,Autumn,Credit Card,10671.55,13106.36,4609.4,1236.5,3701.22,406.68,32918.35,5,32918.35,6583.67,6583.67
4441,510,264,144,2024-09-16,2024-11-07,2024-11-14,Autumn,UPI,32878.79,13031.01,1652.23,5335.13,3538.88,3988.24,52447.8,7,52447.8,10489.56,7492.54
4442,332,326,134,2024-08-10,2024-09-04,2024-09-08,Autumn,Credit Card,76509.12,7816.56,1992.58,9295.74,1511.26,6284.5,90840.76,4,90840.76,18168.15,22710.19
4443,131,456,140,2023-03-12,2023-04-18,2023-04-22,Summer,Cash,62660.24,6540.72,3922.46,4261.87,1421.0,1116.95,77689.34,4,77689.34,15537.87,19422.34
4444,965,153,165,2023-02-19,2023-04-12,2023-04-19,Summer,Credit Card,79152.78,9461.66,3709.36,5789.92,1368.78,5899.47,93583.03,7,93583.03,18716.61,13369.0
4445,717,249,115,2023-06-09,2023-07-04,2023-07-08,Monsoon,Credit Card,9642.28,5175.09,1004.0,4280.28,2504.84,752.94,21853.55,4,21853.55,4370.71,5463.39
4446,341,140,61,2024-04-06,2024-05-23,2024-05-30,Summer,Debit Card,39929.19,13674.35,3412.23,3439.83,2189.25,5068.96,57575.89,7,57575.89,11515.18,8225.13
4447,943,131,58,2023-05-11,2023-06-20,2023-06-24,Monsoon,Net Banking,12340.12,5290.28,4639.37,542.05,842.2,973.35,22680.67,4,22680.67,4536.13,5670.17
4448,284,158,91,2023-11-17,2023-12-15,2023-12-19,Winter,UPI,27044.0,11613.59,7412.42,2489.59,2931.52,3591.53,47899.59,4,47899.59,9579.92,11974.9
4449,604,174,141,2022-12-04,2023-01-14,2023-01-17,Winter,Net Banking,32820.93,7895.4,4393.18,3091.88,1718.33,141.92,49777.8,3,49777.8,9955.56,16592.6
4450,355,153,165,2023-09-06,2023-10-21,2023-10-28,Autumn,UPI,79152.78,7584.06,2578.48,1875.67,1572.3,6881.67,85881.62,7,85881.62,17176.32,12268.8
4451,22,318,160,2024-05-14,2024-06-07,2024-06-13,Monsoon,Credit Card,12186.72,6737.31,4463.94,3737.9,1631.34,821.92,27935.29,6,27935.29,5587.06,4655.88
4452,195,436,91,2023-08-13,2023-09-09,2023-09-13,Autumn,UPI,23935.92,6304.73,9997.37,16108.96,2350.61,2156.19,56541.4,4,56541.4,11308.28,14135.35
4453,642,402,16,2023-03-13,2023-03-22,2023-03-29,Summer,Credit Card,37016.77,18661.6,2940.34,19284.45,1284.85,3013.38,76174.63,7,76174.63,15234.93,10882.09
4454,483,98,71,2023-09-30,2023-11-02,2023-11-09,Autumn,Net Banking,52477.39,21089.27,5825.02,14117.39,4154.08,6760.65,90902.5,7,90902.5,18180.5,12986.07
4455,708,207,77,2024-04-13,2024-06-01,2024-06-06,Monsoon,Net Banking,27993.75,9560.86,3037.36,5070.57,3758.29,3455.15,45965.68,5,45965.68,9193.14,9193.14
4456,961,46,118,2023-05-12,2023-06-20,2023-06-23,Monsoon,Debit Card,3929.88,5544.7,1264.11,1799.28,990.94,172.96,13355.95,3,13355.95,2671.19,4451.98
4457,765,23,36,2024-02-03,2024-03-02,2024-03-06,Summer,Debit Card,8747.36,7974.65,1920.84,3766.03,2675.83,789.0,24295.71,4,24295.71,4859.14,6073.93
4458,272,245,170,2024-06-27,2024-08-08,2024-08-12,Monsoon,Debit Card,8905.44,14288.34,3423.49,7350.4,4620.7,120.71,38467.66,4,38467.66,7693.53,9616.92
4459,936,173,82,2024-09-24,2024-10-17,2024-10-23,Autumn,Net Banking,20203.38,8750.24,2141.7,4089.42,6879.56,106.96,41957.34,6,41957.34,8391.47,6992.89
4460,12,58,79,2023-08-27,2023-10-13,2023-10-19,Autumn,Net Banking,14453.58,7089.74,2883.94,4582.3,3483.94,1495.16,30998.34,6,30998.34,6199.67,5166.39
4461,373,182,172,2022-12-13,2023-01-21,2023-01-23,Winter,Net Banking,11765.64,7089.88,9400.23,18712.62,1641.8,281.0,48329.17,2,48329.17,9665.83,24164.58
4462,811,215,19,2024-01-08,2024-02-08,2024-02-13,Winter,Net Banking,12396.3,29578.91,3644.65,9258.6,11468.49,166.96,66179.99,5,66179.99,13236.0,13236.0
4463,17,257,2,2022-11-22,2023-01-21,2023-01-26,Winter,UPI,11950.1,7134.42,1811.59,3216.17,2561.59,463.64,26210.23,5,26210.23,5242.05,5242.05
4464,977,270,58,2024-08-27,2024-09-09,2024-09-13,Autumn,Debit Card,50204.32,8909.89,7161.13,1624.06,3976.51,4399.23,67476.68,4,67476.68,13495.34,16869.17
4465,72,4,123,2023-04-29,2023-05-15,2023-05-19,Summer,Net Banking,12172.56,4064.39,1895.97,2083.72,1192.68,469.88,20939.44,4,20939.44,4187.89,5234.86
4466,869,158,91,2023-07-12,2023-07-20,2023-07-22,Monsoon,Credit Card,13522.0,6790.74,3013.18,3185.44,6656.46,146.57,33021.25,2,33021.25,6604.25,16510.62
4467,136,231,128,2023-05-14,2023-06-13,2023-06-16,Monsoon,UPI,15978.0,8125.4,4467.26,13659.45,4327.45,709.05,45848.51,3,45848.51,9169.7,15282.84
4468,114,50,12,2024-02-23,2024-03-17,2024-03-20,Summer,Credit Card,41979.36,3678.29,3938.86,9958.16,2202.07,4844.71,56912.03,3,56912.03,11382.41,18970.68
4469,647,77,117,2023-11-16,2024-01-02,2024-01-09,Winter,UPI,9744.77,13817.39,2891.4,7236.45,3472.43,981.53,36180.91,7,36180.91,7236.18,5168.7
4470,208,222,89,2024-04-19,2024-06-03,2024-06-08,Monsoon,Cash,20066.75,9800.04,4037.82,6683.52,2263.03,2254.74,40596.42,5,40596.42,8119.28,8119.28
4471,581,307,100,2023-06-14,2023-08-13,2023-08-16,Monsoon,Cash,6478.86,4595.34,1507.62,8798.22,1579.89,297.84,22662.09,3,22662.09,4532.42,7554.03
4472,661,469,35,2023-06-15,2023-07-19,2023-07-22,Monsoon,Debit Card,40789.62,2380.69,1183.86,9223.27,2168.08,1357.03,54388.49,3,54388.49,10877.7,18129.5
4473,944,264,144,2024-02-12,2024-02-27,2024-03-04,Winter,Cash,28181.82,11236.57,2922.17,1070.96,4774.69,2650.45,45535.76,6,45535.76,9107.15,7589.29
4474,237,143,116,2024-04-28,2024-05-27,2024-05-30,Summer,UPI,7085.04,11603.65,10525.74,20493.83,12526.77,603.28,61631.75,3,61631.75,12326.35,20543.92
4475,256,51,5,2023-01-28,2023-02-25,2023-02-28,Winter,Debit Card,6236.49,9473.52,9829.31,12500.53,1652.97,826.22,38866.6,3,38866.6,7773.32,12955.53
4476,599,182,172,2023-11-19,2023-12-06,2023-12-11,Winter,Cash,29414.1,12901.7,5073.64,10164.33,4868.61,763.6,61658.78,5,61658.78,12331.76,12331.76
4477,152,122,138,2023-11-13,2023-12-03,2023-12-10,Winter,Cash,22684.76,25024.02,5976.67,11616.71,5132.93,2321.85,68113.24,7,68113.24,13622.65,9730.46
4478,294,186,112,2023-04-29,2023-06-03,2023-06-08,Monsoon,Cash,26682.15,13397.52,2202.65,14996.76,1445.76,3026.11,55698.73,5,55698.73,11139.75,11139.75
4479,220,426,160,2023-12-05,2024-02-02,2024-02-07,Winter,Debit Card,56973.25,5849.74,2791.36,1574.79,2263.49,1904.35,67548.28,5,67548.28,13509.66,13509.66
4480,367,225,5,2024-11-30,2024-12-22,2024-12-26,Winter,Credit Card,11379.04,15985.71,5532.73,18943.17,6303.73,330.76,57813.62,4,57813.62,11562.72,14453.4
4481,69,209,108,2024-04-20,2024-05-27,2024-06-01,Summer,Net Banking,21660.45,9479.74,5620.95,17251.36,3240.85,1830.63,55422.72,5,55422.72,11084.54,11084.54
4482,431,201,166,2024-10-27,2024-12-11,2024-12-18,Winter,Credit Card,32244.45,11802.19,1580.2,5577.19,1376.94,370.2,52210.77,7,52210.77,10442.15,7458.68
4483,222,223,77,2022-12-18,2023-02-16,2023-02-18,Winter,UPI,21927.4,7629.79,9289.4,3202.86,7778.2,2682.71,47144.94,2,47144.94,9428.99,23572.47
4484,129,311,36,2024-11-24,2024-12-11,2024-12-13,Winter,Cash,8116.34,7978.84,15204.19,2928.32,5353.82,353.78,39227.73,2,39227.73,7845.55,19613.87
4485,847,51,5,2023-11-30,2023-12-26,2023-12-30,Winter,Credit Card,8315.32,2167.4,2300.61,2247.41,3074.94,1003.59,17102.09,4,17102.09,3420.42,4275.52
4486,681,340,130,2023-06-08,2023-08-01,2023-08-06,Monsoon,Cash,65011.4,5484.07,1428.05,6133.09,630.54,6138.14,72549.01,5,72549.01,14509.8,14509.8
4487,475,303,188,2024-06-20,2024-08-11,2024-08-17,Monsoon,Credit Card,60067.38,9063.78,2558.15,15921.44,1038.83,7626.15,81023.43,6,81023.43,16204.69,13503.9
4488,946,268,144,2023-05-09,2023-06-11,2023-06-15,Monsoon,Cash,19086.96,7583.43,1481.55,8475.89,735.69,2523.03,34840.49,4,34840.49,6968.1,8710.12
4489,444,242,124,2023-12-09,2024-01-14,2024-01-20,Winter,Cash,56441.28,11937.44,7851.79,11008.31,1161.84,8172.66,80228.0,6,80228.0,16045.6,13371.33
4490,954,425,89,2024-04-01,2024-05-15,2024-05-19,Summer,Credit Card,4350.92,8625.33,16002.76,34124.77,5434.47,456.54,68081.71,4,68081.71,13616.34,17020.43
4491,683,189,195,2024-10-23,2024-12-17,2024-12-23,Winter,Cash,10539.36,10906.88,2560.94,9955.97,1474.13,601.57,34835.71,6,34835.71,6967.14,5805.95
4492,803,394,83,2024-10-16,2024-11-07,2024-11-13,Autumn,Credit Card,14127.66,14463.84,4106.75,12558.35,4773.32,855.66,49174.26,6,49174.26,9834.85,8195.71
4493,422,232,76,2023-04-24,2023-05-23,2023-05-29,Summer,UPI,33848.58,5613.81,1562.38,938.6,3236.21,1019.53,44180.05,6,44180.05,8836.01,7363.34
4494,750,148,22,2024-12-01,2024-12-18,2024-12-24,Winter,Net Banking,5022.36,14922.54,4277.44,1711.61,2285.16,675.92,27543.19,6,27543.19,5508.64,4590.53
4495,650,314,12,2024-11-24,2024-12-01,2024-12-03,Winter,Net Banking,20580.62,4753.87,3904.4,1183.03,1818.87,2260.79,29980.0,2,29980.0,5996.0,14990.0
4496,906,323,59,2023-10-01,2023-11-08,2023-11-13,Autumn,Cash,42525.9,7106.2,4823.6,442.41,2380.38,5755.05,51523.44,5,51523.44,10304.69,10304.69
4497,749,239,177,2023-06-04,2023-06-09,2023-06-15,Monsoon,Net Banking,68930.76,19565.34,8112.25,13274.69,3561.72,9350.41,104094.35,6,104094.35,20818.87,17349.06
4498,985,83,172,2024-01-05,2024-02-07,2024-02-12,Winter,Debit Card,54848.55,6103.51,1839.91,10177.29,6295.69,1639.53,77625.42,5,77625.42,15525.08,15525.08
4499,733,228,114,2023-04-19,2023-04-26,2023-05-01,Summer,Net Banking,19487.95,5972.51,4880.65,8805.67,2766.25,1063.5,40849.53,5,40849.53,8169.91,8169.91
4500,592,255,56,2023-02-02,2023-03-08,2023-03-12,Summer,Debit Card,19468.6,8704.55,3639.05,17689.38,6103.92,2622.91,52982.59,4,52982.59,10596.52,13245.65
4501,971,260,196,2023-05-12,2023-07-01,2023-07-06,Monsoon,Cash,29409.85,8653.58,3254.67,5163.14,3493.59,4072.46,45902.37,5,45902.37,9180.47,9180.47
4502,53,143,116,2024-11-02,2024-11-16,2024-11-22,Autumn,UPI,14170.08,15194.28,13969.81,27534.7,13267.29,1991.52,82144.64,6,82144.64,16428.93,13690.77
4503,440,465,38,2023-10-27,2023-12-15,2023-12-21,Winter,Cash,80280.84,10025.08,1117.18,2694.01,3686.14,1760.11,96043.14,6,96043.14,19208.63,16007.19
4504,171,355,193,2023-05-26,2023-07-07,2023-07-12,Monsoon,Cash,15592.6,33812.23,15071.27,97.37,8875.08,2048.34,71400.21,5,71400.21,14280.04,14280.04
4505,488,20,71,2024-09-07,2024-09-22,2024-09-29,Autumn,UPI,14902.09,10704.26,4938.21,2836.44,805.44,2064.24,32122.2,7,32122.2,6424.44,4588.89
4506,130,318,160,2023-06-28,2023-07-04,2023-07-07,Monsoon,Net Banking,6093.36,13042.37,15888.89,29406.72,2247.76,168.53,66510.57,3,66510.57,13302.11,22170.19
4507,748,175,111,2024-06-30,2024-08-05,2024-08-07,Monsoon,Cash,27795.06,2544.78,1431.44,8626.23,3489.02,3936.0,39950.53,2,39950.53,7990.11,19975.26
4508,63,122,138,2023-10-28,2023-12-01,2023-12-03,Winter,UPI,6481.36,6243.88,7433.4,11559.28,6452.06,906.52,37263.46,2,37263.46,7452.69,18631.73
4509,765,158,91,2023-04-01,2023-05-16,2023-05-20,Summer,Cash,27044.0,5267.68,3839.25,5184.44,3997.42,392.74,44940.05,4,44940.05,8988.01,11235.01
4510,983,253,91,2024-02-28,2024-04-14,2024-04-19,Summer,UPI,52384.55,13201.4,3249.98,3799.16,6536.29,3132.03,76039.35,5,76039.35,15207.87,15207.87
4511,261,85,152,2023-07-10,2023-08-10,2023-08-14,Monsoon,Net Banking,40014.6,5123.08,7572.37,16866.83,5902.76,2913.45,72566.19,4,72566.19,14513.24,18141.55
4512,143,199,151,2024-04-01,2024-05-02,2024-05-07,Summer,Credit Card,11120.05,9342.26,2079.56,254.97,745.65,1114.94,22427.55,5,22427.55,4485.51,4485.51
4513,830,52,77,2024-02-24,2024-04-23,2024-04-25,Summer,Cash,10677.2,1315.27,3762.64,527.79,1890.29,1185.41,16987.78,2,16987.78,3397.56,8493.89
4514,24,300,36,2024-10-05,2024-11-20,2024-11-27,Autumn,Debit Card,86348.15,7791.39,1724.6,3766.49,1449.36,2339.22,98740.77,7,98740.77,19748.15,14105.82
4515,20,81,152,2022-12-10,2023-02-03,2023-02-07,Winter,Credit Card,11292.56,13663.45,9343.84,2615.78,2798.05,308.31,39405.37,4,39405.37,7881.07,9851.34
4516,366,383,15,2024-08-15,2024-10-01,2024-10-05,Autumn,Net Banking,16691.08,14302.21,7615.77,5707.78,7645.41,2024.13,49938.12,4,49938.12,9987.62,12484.53
4517,763,64,86,2024-10-13,2024-12-06,2024-12-10,Winter,Net Banking,37608.92,7444.66,1550.03,4920.78,1230.3,2960.61,49794.08,4,49794.08,9958.82,12448.52
4518,569,292,55,2024-05-09,2024-06-02,2024-06-06,Monsoon,Net Banking,10279.28,2852.71,1843.1,2816.54,1508.07,545.59,18754.11,4,18754.11,3750.82,4688.53
4519,76,296,50,2024-06-17,2024-07-22,2024-07-25,Monsoon,UPI,13396.11,9284.95,8823.84,1480.63,2012.13,183.88,34813.78,3,34813.78,6962.76,11604.59
4520,286,13,117,2023-06-09,2023-06-28,2023-07-03,Monsoon,Net Banking,9718.55,15587.96,6102.24,14865.94,962.97,83.54,47154.12,5,47154.12,9430.82,9430.82
4521,531,416,153,2024-04-02,2024-05-06,2024-05-08,Summer,Debit Card,2897.26,3181.63,1571.9,4894.66,1956.3,390.99,14110.76,2,14110.76,2822.15,7055.38
4522,682,343,30,2023-07-14,2023-07-27,2023-07-31,Monsoon,Net Banking,18830.6,6790.23,4039.02,4211.62,3592.53,139.99,37324.01,4,37324.01,7464.8,9331.0
4523,29,144,179,2024-12-12,2024-12-27,2024-12-31,Winter,Credit Card,4208.6,3596.55,3548.67,7867.0,3637.4,450.78,22407.44,4,22407.44,4481.49,5601.86
4524,373,220,123,2024-03-25,2024-05-07,2024-05-12,Summer,Credit Card,13988.3,17207.55,2336.24,1799.99,6124.72,93.71,41363.09,5,41363.09,8272.62,8272.62
4525,213,124,190,2024-03-28,2024-05-12,2024-05-18,Summer,Cash,28836.0,16941.41,6261.17,10757.12,2887.3,1750.75,63932.25,6,63932.25,12786.45,10655.38
4526,365,215,19,2024-03-18,2024-04-16,2024-04-21,Summer,Net Banking,12396.3,30719.04,17484.7,25719.26,4568.73,1306.48,89581.55,5,89581.55,17916.31,17916.31
4527,106,202,3,2024-10-14,2024-11-01,2024-11-04,Autumn,UPI,13213.71,5004.4,1645.63,4232.27,2955.77,1472.48,25579.3,3,25579.3,5115.86,8526.43
4528,205,360,25,2024-04-01,2024-04-24,2024-05-01,Summer,Debit Card,24106.95,9519.89,5192.87,263.96,2988.38,1857.53,40214.52,7,40214.52,8042.9,5744.93
4529,323,484,114,2023-05-14,2023-07-11,2023-07-17,Monsoon,Credit Card,14030.52,9879.5,4826.49,1919.02,1780.03,1607.07,30828.49,6,30828.49,6165.7,5138.08
4530,410,298,112,2023-01-30,2023-02-18,2023-02-23,Winter,Net Banking,23591.6,9271.24,6260.0,10379.83,1108.94,1135.25,49476.36,5,49476.36,9895.27,9895.27
4531,552,111,37,2023-05-23,2023-07-01,2023-07-03,Monsoon,Net Banking,36750.86,4147.54,9748.36,11807.65,1412.41,5144.75,58722.07,2,58722.07,11744.41,29361.04
4532,217,166,33,2024-03-17,2024-04-04,2024-04-09,Summer,UPI,17832.05,10008.9,14043.96,21874.1,5559.07,2590.97,66727.11,5,66727.11,13345.42,13345.42
4533,153,353,98,2024-09-24,2024-10-19,2024-10-21,Autumn,Debit Card,3683.44,7943.33,2797.04,15841.66,5886.88,53.48,36098.87,2,36098.87,7219.77,18049.44
4534,345,467,147,2024-05-26,2024-07-19,2024-07-22,Monsoon,UPI,6221.61,3267.88,6800.43,2001.78,3365.96,301.11,21356.55,3,21356.55,4271.31,7118.85
4535,821,111,37,2023-04-26,2023-06-04,2023-06-06,Monsoon,Credit Card,36750.86,2937.67,4068.55,2046.25,2417.77,3696.65,44524.45,2,44524.45,8904.89,22262.22
4536,155,356,176,2023-02-04,2023-02-13,2023-02-17,Winter,UPI,20865.4,7852.04,3781.66,6223.27,2144.1,488.44,40378.03,4,40378.03,8075.61,10094.51
4537,73,336,179,2023-02-11,2023-04-10,2023-04-16,Summer,Credit Card,20633.76,10872.34,1398.01,9482.48,1529.88,3051.33,40865.14,6,40865.14,8173.03,6810.86
4538,567,256,173,2024-10-23,2024-11-04,2024-11-09,Autumn,Debit Card,7887.8,6086.6,1692.03,3748.9,2407.71,903.95,20919.09,5,20919.09,4183.82,4183.82
4539,264,180,140,2022-12-18,2023-01-12,2023-01-19,Winter,Cash,24343.27,19575.75,9415.5,4473.1,2391.83,391.66,59807.79,7,59807.79,11961.56,8543.97
4540,121,104,32,2023-06-26,2023-08-24,2023-08-27,Monsoon,UPI,28695.54,2390.43,3833.69,3811.89,2939.99,551.55,41119.99,3,41119.99,8224.0,13706.66
4541,620,57,22,2024-11-26,2024-12-06,2024-12-10,Winter,Debit Card,19834.48,11109.68,9634.86,5157.38,6341.43,6.58,52071.25,4,52071.25,10414.25,13017.81
4542,860,485,188,2023-02-10,2023-02-23,2023-02-25,Winter,UPI,12865.9,11361.41,11566.22,21454.81,5345.42,1802.52,60791.24,2,60791.24,12158.25,30395.62
4543,382,113,36,2024-06-26,2024-07-02,2024-07-07,Monsoon,UPI,6988.05,6367.9,4685.69,8503.2,1160.99,246.92,27458.91,5,27458.91,5491.78,5491.78
4544,984,356,176,2024-01-29,2024-02-20,2024-02-22,Winter,Net Banking,10432.7,3690.77,5410.17,12125.46,3724.66,547.46,34836.3,2,34836.3,6967.26,17418.15
4545,377,275,135,2024-03-03,2024-04-09,2024-04-16,Summer,Debit Card,15908.97,31736.83,11643.55,34940.38,13235.04,1931.22,105533.55,7,105533.55,21106.71,15076.22
4546,91,73,174,2024-02-16,2024-03-25,2024-03-30,Summer,Cash,12208.6,9057.49,8468.25,17254.5,4392.21,1286.38,50094.67,5,50094.67,10018.93,10018.93
4547,611,32,78,2023-05-29,2023-06-19,2023-06-26,Monsoon,Cash,16752.19,12230.04,8843.64,4469.84,3584.3,1110.62,44769.39,7,44769.39,8953.88,6395.63
4548,101,468,83,2024-12-08,2024-12-24,2024-12-31,Winter,Cash,35236.39,13794.35,3270.65,10392.36,3004.37,2586.64,63111.48,7,63111.48,12622.3,9015.93
4549,121,343,30,2022-12-24,2023-01-10,2023-01-17,Winter,UPI,32953.55,9882.91,4194.27,1908.08,2662.99,2817.7,48784.1,7,48784.1,9756.82,6969.16
4550,166,461,74,2023-04-21,2023-06-17,2023-06-24,Monsoon,Debit Card,17029.18,23514.27,5634.68,9202.13,5741.26,2258.85,58862.67,7,58862.67,11772.53,8408.95
4551,377,381,184,2024-11-08,2024-12-01,2024-12-03,Winter,Debit Card,4721.58,9596.84,10291.06,10981.05,7656.31,13.2,43233.64,2,43233.64,8646.73,21616.82
4552,288,278,158,2023-01-06,2023-02-11,2023-02-17,Winter,Debit Card,70953.06,17122.18,6711.11,3105.2,7055.35,3022.31,101924.59,6,101924.59,20384.92,16987.43
4553,134,119,151,2023-09-04,2023-10-13,2023-10-19,Autumn,UPI,52062.36,4937.51,3367.74,5905.42,1280.19,6472.36,61080.86,6,61080.86,12216.17,10180.14
4554,959,409,156,2023-06-25,2023-08-13,2023-08-16,Monsoon,Net Banking,10500.75,4290.31,6864.96,4142.04,1590.79,216.29,27172.56,3,27172.56,5434.51,9057.52
4555,303,241,174,2024-11-12,2024-12-09,2024-12-13,Winter,UPI,20466.64,9035.54,7438.99,16113.39,7019.64,2037.75,58036.45,4,58036.45,11607.29,14509.11
4556,665,326,134,2024-09-21,2024-11-17,2024-11-22,Autumn,UPI,95636.4,13737.46,5798.54,16525.8,7139.31,13285.76,125551.75,5,125551.75,25110.35,25110.35
4557,117,420,193,2024-06-15,2024-07-10,2024-07-14,Monsoon,Cash,4710.2,7005.27,4572.34,4606.06,937.27,518.0,21313.14,4,21313.14,4262.63,5328.28
4558,356,310,104,2022-12-30,2023-02-20,2023-02-26,Winter,UPI,23684.7,3995.89,3894.31,3992.64,1585.75,1582.46,35570.83,6,35570.83,7114.17,5928.47
4559,165,297,146,2024-03-04,2024-03-28,2024-03-30,Summer,Credit Card,5349.12,3392.05,2788.73,6969.26,2448.07,776.63,20170.6,2,20170.6,4034.12,10085.3
4560,91,351,135,2024-05-30,2024-07-04,2024-07-11,Monsoon,Debit Card,5987.52,25938.92,15925.23,4807.52,10148.53,232.1,62575.62,7,62575.62,12515.12,8939.37
4561,269,469,35,2024-05-20,2024-07-04,2024-07-10,Monsoon,Credit Card,81579.24,5381.69,2303.88,9351.53,3917.26,11334.65,91198.95,6,91198.95,18239.79,15199.82
4562,888,475,177,2024-06-19,2024-07-04,2024-07-06,Monsoon,Net Banking,6462.18,3707.91,4007.14,6384.16,1579.1,429.96,21710.53,2,21710.53,4342.11,10855.26
4563,384,491,90,2023-05-18,2023-06-13,2023-06-15,Monsoon,Cash,4807.14,5951.1,14784.78,849.55,7579.81,511.33,33461.05,2,33461.05,6692.21,16730.53
4564,198,443,38,2023-05-03,2023-06-21,2023-06-24,Monsoon,UPI,6888.66,3203.6,8288.95,3704.2,6129.06,141.87,28072.6,3,28072.6,5614.52,9357.53
4565,951,476,30,2024-03-05,2024-03-17,2024-03-20,Summer,Cash,6094.41,8666.69,5556.19,19725.42,5624.84,75.84,45591.71,3,45591.71,9118.34,15197.24
4566,813,440,139,2024-12-05,2024-12-21,2024-12-28,Winter,UPI,125142.64,7430.43,2058.54,3660.26,2272.49,8745.6,131818.76,7,131818.76,26363.75,18831.25
4567,239,421,87,2023-09-15,2023-10-26,2023-11-02,Autumn,Cash,121230.13,31984.94,11050.96,11317.18,13529.34,2846.98,186265.57,7,186265.57,37253.11,26609.37
4568,174,308,163,2023-11-22,2024-01-16,2024-01-18,Winter,Debit Card,21572.62,3770.87,6014.06,9924.54,3137.35,2617.15,41802.29,2,41802.29,8360.46,20901.14
4569,936,161,135,2023-07-10,2023-09-06,2023-09-08,Autumn,UPI,5611.72,3766.58,9818.14,14502.11,4165.23,149.66,37714.12,2,37714.12,7542.82,18857.06
4570,804,445,196,2023-06-24,2023-08-06,2023-08-12,Monsoon,Cash,10977.18,11914.56,3515.87,11735.07,5159.8,1130.88,42171.6,6,42171.6,8434.32,7028.6
4571,467,15,18,2024-11-06,2024-11-24,2024-11-27,Autumn,Debit Card,3864.15,3460.45,7011.31,8808.69,5258.92,498.18,27905.34,3,27905.34,5581.07,9301.78
4572,363,495,137,2024-11-24,2024-12-26,2024-12-29,Winter,Debit Card,52957.26,8358.72,4993.53,16607.93,3750.89,3288.54,83379.79,3,83379.79,16675.96,27793.26
4573,73,449,17,2024-03-23,2024-05-21,2024-05-26,Summer,UPI,19798.85,8469.26,3956.17,2051.4,1489.33,1459.32,34305.69,5,34305.69,6861.14,6861.14
4574,243,330,102,2023-12-24,2024-01-13,2024-01-19,Winter,Net Banking,12427.68,32437.54,4376.21,13895.26,8243.13,1543.16,69836.66,6,69836.66,13967.33,11639.44
4575,698,234,200,2024-07-06,2024-08-01,2024-08-04,Monsoon,Credit Card,7014.36,3891.43,3206.71,3320.0,1640.18,196.11,18876.57,3,18876.57,3775.31,6292.19
4576,527,328,157,2023-05-31,2023-06-15,2023-06-20,Monsoon,UPI,25099.45,9149.76,1231.8,2459.06,1529.4,0.2,39469.27,5,39469.27,7893.85,7893.85
4577,383,444,191,2023-06-18,2023-07-26,2023-07-31,Monsoon,Credit Card,32597.85,17606.09,4984.15,9535.77,5122.1,1316.49,68529.47,5,68529.47,13705.89,13705.89
4578,768,355,193,2024-06-06,2024-06-11,2024-06-13,Monsoon,Cash,6237.04,4860.45,5417.93,18971.85,7978.96,47.11,43419.12,2,43419.12,8683.82,21709.56
4579,989,355,193,2023-06-05,2023-06-21,2023-06-28,Monsoon,UPI,21829.64,5901.82,2151.53,4180.16,839.38,2769.37,32133.16,7,32133.16,6426.63,4590.45
4580,337,321,137,2024-05-15,2024-05-21,2024-05-24,Summer,Net Banking,4859.43,8041.27,7436.54,3690.1,1794.83,402.7,25419.47,3,25419.47,5083.89,8473.16
4581,118,118,108,2023-10-24,2023-11-20,2023-11-23,Autumn,Credit Card,15152.7,3671.08,5468.88,12410.18,5448.8,1907.2,40244.44,3,40244.44,8048.89,13414.81
4582,127,181,68,2023-08-26,2023-10-25,2023-10-28,Autumn,UPI,6739.68,5352.08,7345.0,14967.78,4368.22,427.25,38345.51,3,38345.51,7669.1,12781.84
4583,704,409,156,2023-10-26,2023-12-24,2023-12-27,Winter,Net Banking,10500.75,5360.36,4069.11,3831.39,2136.37,1035.28,24862.7,3,24862.7,4972.54,8287.57
4584,575,449,17,2023-02-06,2023-02-14,2023-02-18,Winter,Credit Card,15839.08,6269.21,2159.06,3548.02,808.38,544.34,28079.41,4,28079.41,5615.88,7019.85
4585,565,374,3,2023-04-29,2023-05-22,2023-05-29,Summer,UPI,96922.28,3927.38,3481.2,2734.17,3692.82,14431.39,96326.46,7,96326.46,19265.29,13760.92
4586,910,387,164,2024-07-28,2024-08-08,2024-08-13,Monsoon,Debit Card,27273.15,16080.15,8913.64,8664.94,3456.39,2739.11,61649.16,5,61649.16,12329.83,12329.83
4587,161,80,104,2023-04-13,2023-05-03,2023-05-07,Summer,Credit Card,5889.96,3761.22,3208.82,9335.23,984.16,646.73,22532.66,4,22532.66,4506.53,5633.16
4588,580,69,173,2024-08-04,2024-09-12,2024-09-19,Autumn,Debit Card,20776.56,12498.12,6379.5,8490.99,4281.79,2647.58,49779.38,7,49779.38,9955.88,7111.34
4589,744,333,112,2024-10-20,2024-11-26,2024-12-02,Autumn,UPI,85825.2,12007.7,6954.26,7366.78,6614.74,7863.22,110905.46,6,110905.46,22181.09,18484.24
4590,333,387,164,2024-06-07,2024-06-15,2024-06-21,Monsoon,Debit Card,32727.78,19626.18,6260.47,8849.63,5095.09,2105.8,70453.35,6,70453.35,14090.67,11742.22
4591,579,54,60,2023-01-27,2023-03-20,2023-03-24,Summer,UPI,50760.24,6912.3,4918.35,7741.76,2627.57,4696.27,68263.95,4,68263.95,13652.79,17065.99
4592,6,238,96,2024-06-07,2024-07-11,2024-07-17,Monsoon,UPI,54046.68,9457.25,6487.34,1115.22,5975.62,6559.16,70522.95,6,70522.95,14104.59,11753.82
4593,240,30,95,2024-04-10,2024-06-04,2024-06-08,Monsoon,Net Banking,35504.48,12501.12,8428.78,569.12,7192.87,4955.51,59240.86,4,59240.86,11848.17,14810.22
4594,570,217,37,2022-11-27,2023-01-03,2023-01-06,Winter,Net Banking,15347.28,6677.29,6929.05,1346.66,4574.78,1807.35,33067.71,3,33067.71,6613.54,11022.57
4595,917,280,131,2023-08-08,2023-09-23,2023-09-26,Autumn,Net Banking,16779.39,3876.16,1450.15,439.46,2106.64,1280.21,23371.59,3,23371.59,4674.32,7790.53
4596,659,138,24,2024-04-14,2024-05-09,2024-05-12,Summer,Debit Card,45065.91,11055.65,10366.84,3217.96,12225.22,4694.17,77237.41,3,77237.41,15447.48,25745.8
4597,577,349,124,2023-09-28,2023-10-03,2023-10-09,Autumn,UPI,33554.88,11268.69,6741.13,14151.53,3432.67,4521.82,64627.08,6,64627.08,12925.42,10771.18
4598,538,328,157,2023-11-18,2023-12-14,2023-12-18,Winter,Credit Card,20079.56,3800.26,2734.57,6804.34,3532.91,2560.17,34391.47,4,34391.47,6878.29,8597.87
4599,8,273,120,2024-11-20,2024-12-21,2024-12-25,Winter,Credit Card,4245.2,6929.65,5096.53,8015.37,1908.64,322.89,25872.5,4,25872.5,5174.5,6468.12
4600,334,483,56,2023-10-06,2023-12-03,2023-12-07,Winter,Cash,5744.68,6101.76,3868.85,10053.79,5450.07,621.37,30597.78,4,30597.78,6119.56,7649.44
4601,505,103,88,2023-12-09,2024-01-28,2024-01-30,Winter,Cash,10918.86,3025.8,3430.01,407.77,2066.39,772.43,19076.4,2,19076.4,3815.28,9538.2
4602,253,46,118,2023-01-28,2023-03-27,2023-03-31,Summer,Debit Card,5239.84,12051.53,8883.04,5731.25,6651.31,172.35,38384.62,4,38384.62,7676.92,9596.16
4603,339,481,43,2023-06-26,2023-07-23,2023-07-30,Monsoon,Credit Card,12682.81,10070.56,3298.41,393.26,570.01,503.77,26511.28,7,26511.28,5302.26,3787.33
4604,840,221,194,2024-10-17,2024-11-05,2024-11-11,Autumn,Net Banking,70604.88,9953.26,4250.11,9362.89,2326.05,10302.63,86194.56,6,86194.56,17238.91,14365.76
4605,107,269,176,2023-10-12,2023-12-04,2023-12-11,Winter,Credit Card,14363.02,8111.94,4421.03,7633.19,612.42,1435.12,33706.48,7,33706.48,6741.3,4815.21
4606,786,296,50,2024-10-02,2024-11-18,2024-11-25,Autumn,Net Banking,31257.59,25088.6,2124.56,2593.75,2306.86,2053.58,61317.78,7,61317.78,12263.56,8759.68
4607,480,209,108,2024-05-27,2024-07-16,2024-07-19,Monsoon,Debit Card,12996.27,5280.27,4552.44,5875.7,1837.33,1753.58,28788.43,3,28788.43,5757.69,9596.14
4608,948,249,115,2023-09-03,2023-10-18,2023-10-23,Autumn,Debit Card,12052.85,9646.48,4182.59,8391.42,1232.52,51.44,35454.42,5,35454.42,7090.88,7090.88
4609,467,60,99,2023-10-15,2023-12-13,2023-12-20,Winter,Net Banking,148721.09,10777.57,5075.53,17938.45,4657.21,17139.67,170030.18,7,170030.18,34006.04,24290.03
4610,186,245,170,2023-02-04,2023-03-17,2023-03-19,Summer,UPI,4452.72,5437.43,11407.21,26578.82,5469.55,263.24,53082.49,2,53082.49,10616.5,26541.24
4611,4,323,59,2024-06-09,2024-07-17,2024-07-23,Monsoon,UPI,51031.08,20586.2,8795.91,10952.0,6402.48,7532.26,90235.41,6,90235.41,18047.08,15039.24
4612,73,320,176,2022-11-17,2023-01-07,2023-01-09,Winter,UPI,4770.38,1892.03,1379.81,6049.97,3984.64,214.42,17862.41,2,17862.41,3572.48,8931.2
4613,708,273,120,2024-08-10,2024-10-09,2024-10-13,Autumn,Credit Card,4245.2,3699.28,2658.78,2582.07,3497.69,196.91,16486.11,4,16486.11,3297.22,4121.53
4614,785,388,112,2024-10-05,2024-11-04,2024-11-07,Autumn,Credit Card,13016.37,6140.82,6553.09,12963.47,3335.5,1471.79,40537.46,3,40537.46,8107.49,13512.49
4615,864,49,136,2023-10-14,2023-11-02,2023-11-05,Autumn,Net Banking,42038.19,14896.35,7304.5,30100.02,7352.54,5030.98,96660.62,3,96660.62,19332.12,32220.21
4616,120,68,7,2023-07-20,2023-09-14,2023-09-21,Autumn,Net Banking,10817.59,13411.88,16158.67,27256.21,2129.49,1349.53,68424.31,7,68424.31,13684.86,9774.9
4617,786,167,47,2023-06-12,2023-06-25,2023-07-02,Monsoon,Cash,8228.64,18899.7,2496.93,8962.15,4055.05,625.67,42016.8,7,42016.8,8403.36,6002.4
4618,12,225,5,2024-11-27,2024-12-05,2024-12-10,Winter,UPI,14223.8,8524.72,9692.63,11229.51,5847.39,1858.88,47659.17,5,47659.17,9531.83,9531.83
4619,150,78,82,2024-04-25,2024-05-25,2024-05-30,Summer,Debit Card,41919.75,9183.21,4520.84,17216.11,5874.94,4946.48,73768.37,5,73768.37,14753.67,14753.67
4620,998,32,78,2024-03-16,2024-03-23,2024-03-25,Summer,Cash,4786.34,2114.78,3221.78,7588.64,2513.63,511.11,19714.06,2,19714.06,3942.81,9857.03
4621,707,200,73,2024-03-22,2024-05-16,2024-05-22,Summer,Debit Card,135089.76,41875.91,5658.94,2345.85,9395.59,17272.24,177093.81,6,177093.81,35418.76,29515.64
4622,146,208,104,2023-02-14,2023-03-17,2023-03-22,Summer,Credit Card,10130.9,7494.26,2721.23,2403.09,2945.54,1134.59,24560.43,5,24560.43,4912.09,4912.09
4623,486,72,28,2023-10-24,2023-11-25,2023-11-29,Autumn,Cash,4331.12,21288.85,8135.33,9346.22,2785.69,142.12,45745.09,4,45745.09,9149.02,11436.27
4624,682,167,47,2024-06-16,2024-07-07,2024-07-13,Monsoon,Credit Card,7053.12,5053.07,4372.42,3037.02,3889.17,255.79,23149.01,6,23149.01,4629.8,3858.17
4625,394,450,110,2023-12-22,2024-01-21,2024-01-27,Winter,Credit Card,29647.98,9013.83,1983.0,7474.87,3046.25,3839.17,47326.76,6,47326.76,9465.35,7887.79
4626,246,4,123,2023-04-12,2023-05-18,2023-05-25,Summer,Net Banking,21301.98,18847.9,7662.64,10107.01,7199.45,295.09,64823.89,7,64823.89,12964.78,9260.56
4627,860,33,63,2022-12-23,2023-01-19,2023-01-26,Winter,Cash,10319.89,44999.18,15018.69,3296.34,9515.84,1107.83,82042.11,7,82042.11,16408.42,11720.3
4628,588,357,38,2024-06-05,2024-07-07,2024-07-12,Monsoon,Credit Card,48649.35,4742.05,1069.33,768.51,751.03,3499.7,52480.57,5,52480.57,10496.11,10496.11
4629,372,448,196,2023-01-24,2023-02-27,2023-03-03,Winter,Debit Card,4713.36,4308.69,1299.21,3393.59,1497.17,535.83,14676.19,4,14676.19,2935.24,3669.05
4630,676,424,176,2023-10-05,2023-11-17,2023-11-24,Autumn,Credit Card,82022.36,4869.54,1253.5,8145.06,1059.76,1913.93,95436.29,7,95436.29,19087.26,13633.76
4631,814,335,113,2023-08-31,2023-10-26,2023-10-29,Autumn,Cash,38586.33,12765.54,3847.43,24583.37,2290.37,1359.63,80713.41,3,80713.41,16142.68,26904.47
4632,164,419,39,2024-09-26,2024-11-20,2024-11-27,Autumn,UPI,18289.53,13445.83,1908.73,7426.18,2115.68,1195.22,41990.73,7,41990.73,8398.15,5998.68
4633,760,381,184,2024-12-10,2024-12-21,2024-12-23,Winter,Cash,4721.58,4987.6,4017.76,2482.19,3916.19,685.88,19439.44,2,19439.44,3887.89,9719.72
4634,346,312,93,2023-11-01,2023-12-07,2023-12-12,Winter,UPI,9619.45,6883.01,3776.59,1933.26,1328.22,33.65,23506.88,5,23506.88,4701.38,4701.38
4635,608,263,182,2024-11-29,2024-12-24,2024-12-28,Winter,Debit Card,6888.96,22624.46,5545.95,13481.14,5458.44,894.82,53104.13,4,53104.13,10620.83,13276.03
4636,724,131,58,2023-10-22,2023-11-17,2023-11-19,Autumn,UPI,6170.06,1273.4,1940.21,3920.39,1209.27,324.97,14188.36,2,14188.36,2837.67,7094.18
4637,323,271,76,2023-09-20,2023-10-08,2023-10-15,Autumn,Debit Card,19235.37,13241.15,1854.23,3477.87,848.39,2585.37,36071.64,7,36071.64,7214.33,5153.09
4638,923,117,19,2023-01-07,2023-02-22,2023-03-01,Winter,Debit Card,16713.69,15611.03,8581.92,12537.27,6371.0,1054.05,58760.86,7,58760.86,11752.17,8394.41
4639,735,353,98,2023-08-12,2023-08-24,2023-08-27,Monsoon,UPI,5525.16,8581.21,3066.63,16637.19,1381.36,97.13,35094.42,3,35094.42,7018.88,11698.14
4640,107,265,4,2023-06-01,2023-07-22,2023-07-24,Monsoon,Cash,2094.12,2446.21,3279.92,8850.76,1223.14,188.81,17705.34,2,17705.34,3541.07,8852.67
4641,843,33,63,2023-02-03,2023-03-21,2023-03-27,Summer,Cash,8845.62,41304.36,15289.36,29589.62,2064.65,23.72,97069.89,6,97069.89,19413.98,16178.32
4642,777,422,199,2023-11-07,2023-12-18,2023-12-23,Winter,Cash,8087.85,13083.77,5728.33,4787.4,2184.75,385.55,33486.55,5,33486.55,6697.31,6697.31
4643,660,414,60,2024-10-28,2024-12-06,2024-12-09,Winter,UPI,12845.85,13588.92,11679.23,13044.31,8638.66,1909.55,57887.42,3,57887.42,11577.48,19295.81
4644,463,249,115,2024-08-10,2024-08-17,2024-08-22,Monsoon,Net Banking,12052.85,6673.62,3275.47,1783.9,1492.98,472.35,24806.47,5,24806.47,4961.29,4961.29
4645,163,476,30,2024-02-10,2024-03-19,2024-03-26,Summer,Net Banking,14220.29,11436.87,3768.08,12430.12,6863.3,1245.21,47473.45,7,47473.45,9494.69,6781.92
4646,703,396,188,2023-06-12,2023-06-19,2023-06-24,Monsoon,UPI,27136.6,4417.35,1579.61,8283.43,1035.33,3649.63,38802.69,5,38802.69,7760.54,7760.54
4647,270,284,14,2023-06-09,2023-07-03,2023-07-08,Monsoon,Net Banking,11408.85,6556.62,3200.34,8499.59,1225.0,687.38,30203.02,5,30203.02,6040.6,6040.6
4648,663,345,20,2023-05-28,2023-07-11,2023-07-16,Monsoon,UPI,6667.9,29645.02,9002.71,24377.0,10877.3,106.7,80463.23,5,80463.23,16092.65,16092.65
4649,56,400,169,2024-01-19,2024-03-18,2024-03-22,Summer,UPI,12095.0,7779.13,2297.45,4213.82,2483.4,1603.38,27265.42,4,27265.42,5453.08,6816.36
4650,193,334,158,2024-06-19,2024-07-07,2024-07-11,Monsoon,UPI,3590.76,21939.26,4438.16,24103.64,2703.16,255.28,56519.7,4,56519.7,11303.94,14129.92
4651,853,453,100,2024-08-16,2024-08-26,2024-09-02,Monsoon,UPI,7859.25,6712.03,2695.67,3731.59,2835.99,1101.49,22733.04,7,22733.04,4546.61,3247.58
4652,61,269,176,2024-11-04,2024-11-16,2024-11-18,Autumn,Net Banking,4103.72,2033.57,2637.79,4623.04,989.34,108.28,14279.18,2,14279.18,2855.84,7139.59
4653,675,110,95,2024-09-15,2024-10-27,2024-11-01,Autumn,Credit Card,63673.0,10655.21,4806.07,6694.79,3463.39,1697.72,87594.74,5,87594.74,17518.95,17518.95
4654,779,301,130,2024-08-19,2024-10-01,2024-10-08,Autumn,UPI,12488.91,6531.38,2739.63,8018.92,1449.66,963.19,30265.31,7,30265.31,6053.06,4323.62
4655,295,274,158,2024-06-01,2024-07-24,2024-07-26,Monsoon,Cash,25798.16,2390.47,3846.39,7913.35,2892.19,1558.17,41282.39,2,41282.39,8256.48,20641.2
4656,976,67,101,2023-04-24,2023-05-26,2023-06-01,Summer,Credit Card,26213.46,8717.91,4645.28,5809.45,2167.5,3699.53,43854.07,6,43854.07,8770.81,7309.01
4657,240,332,42,2023-09-17,2023-10-14,2023-10-20,Autumn,Credit Card,31304.88,12935.51,3779.78,7876.57,6885.83,1009.75,61772.82,6,61772.82,12354.56,10295.47
4658,305,478,40,2023-12-08,2024-01-02,2024-01-06,Winter,UPI,9292.32,13473.33,2881.6,19490.98,6752.32,287.97,51602.58,4,51602.58,10320.52,12900.64
4659,836,499,197,2024-12-09,2024-12-28,2025-01-04,Winter,Credit Card,28222.6,49708.9,10366.94,4827.08,10422.02,2961.84,100585.7,7,100585.7,20117.14,14369.39
4660,638,483,56,2023-04-28,2023-06-04,2023-06-10,Monsoon,UPI,8617.02,5109.51,2029.3,7631.92,1869.27,160.56,25096.46,6,25096.46,5019.29,4182.74
4661,695,25,106,2024-02-14,2024-02-28,2024-03-04,Winter,Debit Card,28970.4,16688.41,3297.83,1507.4,3703.11,4157.98,50009.17,5,50009.17,10001.83,10001.83
4662,533,435,64,2024-08-12,2024-09-16,2024-09-22,Autumn,Cash,59395.98,5531.89,1564.14,319.88,3436.67,1197.89,69050.67,6,69050.67,13810.13,11508.44
4663,768,357,38,2023-12-15,2024-02-13,2024-02-19,Winter,Debit Card,58379.22,14458.3,5194.31,14862.13,1323.43,6834.43,87382.96,6,87382.96,17476.59,14563.83
4664,559,48,44,2024-04-06,2024-05-26,2024-05-31,Summer,UPI,94817.1,3310.54,4643.76,8216.24,2910.33,1796.92,112101.05,5,112101.05,22420.21,22420.21
4665,82,332,42,2023-05-08,2023-05-25,2023-05-27,Summer,Cash,10434.96,1811.86,1678.13,5383.42,3174.69,730.79,21752.27,2,21752.27,4350.45,10876.14
4666,716,113,36,2024-04-25,2024-05-14,2024-05-18,Summer,Net Banking,5590.44,6402.62,3127.98,6924.53,2350.36,533.99,23861.94,4,23861.94,4772.39,5965.48
4667,778,101,188,2024-01-28,2024-02-16,2024-02-21,Winter,UPI,11225.9,4996.62,1444.17,8340.04,3926.01,752.95,29179.79,5,29179.79,5835.96,5835.96
4668,460,136,89,2024-12-03,2024-12-20,2024-12-22,Winter,Cash,4833.36,5239.57,5537.58,2560.96,2331.1,321.34,20181.23,2,20181.23,4036.25,10090.62
4669,106,351,135,2023-03-15,2023-04-11,2023-04-15,Summer,Debit Card,3421.44,6984.51,2755.74,5891.09,2570.62,232.02,21391.38,4,21391.38,4278.28,5347.84
4670,719,482,81,2022-11-12,2023-01-09,2023-01-16,Winter,UPI,6632.92,23637.28,5691.7,16264.49,1427.9,392.8,53261.49,7,53261.49,10652.3,7608.78
4671,200,78,82,2023-02-21,2023-03-13,2023-03-16,Summer,Cash,25151.85,7118.89,4565.26,6785.8,2820.24,3748.6,42693.44,3,42693.44,8538.69,14231.15
4672,293,20,71,2024-08-27,2024-09-05,2024-09-07,Autumn,Cash,4257.74,4914.82,6052.63,9356.63,3002.93,260.19,27324.56,2,27324.56,5464.91,13662.28
4673,5,36,106,2024-08-23,2024-09-23,2024-09-30,Autumn,Net Banking,144209.03,10715.04,3289.22,8226.65,2481.73,4051.4,164870.27,7,164870.27,32974.05,23552.9
4674,946,276,104,2023-05-29,2023-07-13,2023-07-20,Monsoon,Credit Card,134936.83,12613.89,3816.36,8996.06,2535.5,12089.65,150808.99,7,150808.99,30161.8,21544.14
4675,732,436,91,2023-07-21,2023-07-27,2023-08-01,Monsoon,Cash,29919.9,11405.97,3488.59,17558.11,2432.88,315.65,64489.8,5,64489.8,12897.96,12897.96
4676,14,56,48,2023-09-30,2023-10-13,2023-10-17,Autumn,Credit Card,3782.72,10085.2,3527.4,12190.92,6531.67,85.05,36032.86,4,36032.86,7206.57,9008.22
4677,991,362,167,2024-04-23,2024-05-16,2024-05-20,Summer,UPI,5614.76,4467.01,4540.66,7273.72,3438.81,121.74,25213.22,4,25213.22,5042.64,6303.3
4678,660,469,35,2023-06-18,2023-07-12,2023-07-19,Monsoon,Net Banking,95175.78,30217.14,11122.22,18742.38,10123.29,7150.33,158230.48,7,158230.48,31646.1,22604.35
4679,570,432,100,2023-09-28,2023-11-25,2023-11-29,Autumn,Cash,9077.12,7974.85,5833.2,3619.61,1199.14,725.96,26977.96,4,26977.96,5395.59,6744.49
4680,584,377,97,2024-04-07,2024-04-26,2024-05-03,Summer,Net Banking,31509.03,45319.32,4954.69,10662.34,4012.21,3345.49,93112.1,7,93112.1,18622.42,13301.73
4681,198,347,53,2023-07-14,2023-07-26,2023-07-29,Monsoon,Net Banking,16036.02,10794.13,3424.94,5450.92,2098.39,1328.19,36476.21,3,36476.21,7295.24,12158.74
4682,304,424,176,2023-11-27,2024-01-20,2024-01-25,Winter,UPI,58587.4,11137.9,5608.11,16012.2,2372.31,4090.08,89627.84,5,89627.84,17925.57,17925.57
4683,862,482,81,2022-12-27,2023-02-01,2023-02-04,Winter,Credit Card,2842.68,5209.78,2270.66,5703.31,2402.14,396.89,18031.68,3,18031.68,3606.34,6010.56
4684,338,197,15,2022-12-14,2023-01-05,2023-01-10,Winter,Credit Card,28360.6,4231.88,3563.55,9968.51,794.27,3325.49,43593.32,5,43593.32,8718.66,8718.66
4685,747,439,59,2023-04-03,2023-05-02,2023-05-08,Summer,UPI,22235.16,3092.48,3749.54,2777.59,3995.48,1908.94,33941.31,6,33941.31,6788.26,5656.88
4686,237,287,28,2024-11-13,2024-12-11,2024-12-13,Winter,Net Banking,8852.52,10374.87,6319.55,28078.67,12715.23,9.78,66331.06,2,66331.06,13266.21,33165.53
4687,706,363,21,2023-12-09,2023-12-22,2023-12-26,Winter,UPI,18107.4,6088.46,3874.1,1211.58,638.3,1041.62,28878.22,4,28878.22,5775.64,7219.56
4688,104,1,50,2024-04-27,2024-06-22,2024-06-27,Monsoon,Credit Card,61555.95,4595.5,3315.05,4075.51,506.36,6954.67,67093.7,5,67093.7,13418.74,13418.74
4689,392,141,82,2024-12-16,2024-12-27,2024-12-29,Winter,Cash,11548.44,2537.05,3025.08,2028.43,5125.34,1505.22,22759.12,2,22759.12,4551.82,11379.56
4690,763,376,96,2023-05-28,2023-06-03,2023-06-06,Monsoon,Debit Card,10737.03,2305.02,4512.25,1580.75,3900.7,1306.91,21728.84,3,21728.84,4345.77,7242.95
4691,223,292,55,2023-06-14,2023-07-23,2023-07-27,Monsoon,Cash,10279.28,7364.15,2132.49,1866.21,1317.09,55.85,22903.37,4,22903.37,4580.67,5725.84
4692,141,52,77,2023-05-15,2023-07-13,2023-07-15,Monsoon,Credit Card,10677.2,5528.3,2407.6,14811.98,4558.6,358.22,37625.46,2,37625.46,7525.09,18812.73
4693,146,494,162,2024-01-16,2024-02-20,2024-02-26,Winter,UPI,66978.9,11999.78,4161.79,8130.68,3495.91,6651.21,88115.85,6,88115.85,17623.17,14685.98
4694,91,409,156,2023-03-27,2023-04-21,2023-04-23,Summer,Cash,7000.5,10594.77,13502.61,4397.93,12614.28,491.77,47618.32,2,47618.32,9523.66,23809.16
4695,621,404,25,2023-05-16,2023-06-16,2023-06-19,Monsoon,Credit Card,43651.89,4490.55,3378.35,6554.66,3480.58,4919.25,56636.78,3,56636.78,11327.36,18878.93
4696,111,179,122,2023-05-12,2023-05-24,2023-05-29,Summer,Net Banking,48547.2,17993.12,2364.15,5262.76,6844.43,8.97,81002.69,5,81002.69,16200.54,16200.54
4697,948,493,13,2023-05-21,2023-05-27,2023-06-01,Summer,UPI,76249.6,7483.9,2521.76,1456.43,2689.57,7202.95,83198.31,5,83198.31,16639.66,16639.66
4698,631,281,43,2023-02-15,2023-03-23,2023-03-26,Summer,Net Banking,5119.35,4950.11,1580.35,6895.97,2470.9,157.09,20859.59,3,20859.59,4171.92,6953.2
4699,467,67,101,2023-01-09,2023-03-02,2023-03-09,Summer,UPI,30582.37,14953.44,5296.15,14609.59,5331.99,433.89,70339.65,7,70339.65,14067.93,10048.52
4700,781,218,81,2023-05-02,2023-06-05,2023-06-11,Monsoon,UPI,7590.0,10235.12,3820.43,969.21,576.08,1112.59,22078.25,6,22078.25,4415.65,3679.71
4701,462,67,101,2022-12-24,2023-02-08,2023-02-15,Winter,Debit Card,30582.37,13499.42,7041.01,9092.21,1304.56,3062.73,58456.84,7,58456.84,11691.37,8350.98
4702,17,203,183,2024-04-21,2024-06-18,2024-06-23,Monsoon,Credit Card,7602.35,6807.72,4767.71,8253.96,2990.75,1086.95,29335.54,5,29335.54,5867.11,5867.11
4703,140,420,193,2024-07-03,2024-07-10,2024-07-14,Monsoon,Credit Card,4710.2,2849.15,4001.08,4285.66,1865.6,693.07,17018.62,4,17018.62,3403.72,4254.66
4704,673,131,58,2023-01-10,2023-02-04,2023-02-09,Winter,Debit Card,15425.15,3744.72,4189.22,2618.99,902.59,1750.11,25130.56,5,25130.56,5026.11,5026.11
4705,418,7,177,2023-04-20,2023-05-23,2023-05-29,Summer,Credit Card,110691.78,19975.74,10422.2,1281.37,10163.15,7214.51,145319.73,6,145319.73,29063.95,24219.96
4706,628,398,157,2023-05-23,2023-06-27,2023-06-30,Monsoon,Cash,7325.58,2057.34,2600.85,5132.28,1597.66,267.93,18445.78,3,18445.78,3689.16,6148.59
4707,278,489,83,2023-10-29,2023-12-07,2023-12-11,Winter,Debit Card,16516.4,2125.5,3547.4,4174.96,2087.97,1263.21,27189.02,4,27189.02,5437.8,6797.26
4708,202,108,133,2023-02-17,2023-02-25,2023-03-03,Winter,UPI,11895.12,16538.96,2111.67,6538.07,2530.28,1096.19,38517.91,6,38517.91,7703.58,6419.65
4709,10,97,69,2023-03-03,2023-04-11,2023-04-15,Summer,Net Banking,4122.0,8277.5,6928.85,7291.96,5087.5,291.1,31416.71,4,31416.71,6283.34,7854.18
4710,264,358,162,2024-02-10,2024-03-02,2024-03-06,Summer,UPI,8540.28,14402.24,7636.64,13994.97,6123.98,1017.81,49680.3,4,49680.3,9936.06,12420.08
4711,774,352,118,2023-12-15,2024-01-09,2024-01-13,Winter,UPI,6328.48,15287.41,2694.91,15088.48,2475.3,792.37,41082.21,4,41082.21,8216.44,10270.55
4712,826,232,76,2024-10-27,2024-11-19,2024-11-23,Autumn,Debit Card,22565.72,5584.43,5498.35,2531.69,4904.44,1134.11,39950.52,4,39950.52,7990.1,9987.63
4713,513,456,140,2024-05-03,2024-06-05,2024-06-11,Monsoon,Net Banking,93990.36,9672.8,1014.05,2782.45,3503.02,11611.26,99351.42,6,99351.42,19870.28,16558.57
4714,350,12,184,2024-11-06,2024-12-15,2024-12-22,Winter,Net Banking,10901.24,39444.06,4566.95,15633.71,8683.78,1360.26,77869.48,7,77869.48,15573.9,11124.21
4715,519,344,133,2023-11-28,2023-12-24,2023-12-31,Winter,Cash,8554.28,11469.55,2390.96,1641.52,920.79,1167.54,23809.56,7,23809.56,4761.91,3401.37
4716,606,373,124,2024-10-17,2024-11-06,2024-11-08,Autumn,Credit Card,3102.32,4143.96,8229.09,6645.46,6556.86,171.64,28506.05,2,28506.05,5701.21,14253.02
4717,229,457,117,2023-07-24,2023-08-01,2023-08-08,Monsoon,UPI,141486.59,12114.84,4250.12,2025.1,2533.36,18513.86,143896.15,7,143896.15,28779.23,20556.59
4718,81,179,122,2024-04-28,2024-06-01,2024-06-08,Monsoon,UPI,67966.08,22119.46,7248.65,12928.14,4471.77,8658.8,106075.3,7,106075.3,21215.06,15153.61
4719,271,478,40,2024-04-11,2024-05-07,2024-05-13,Summer,Debit Card,13938.48,33160.45,6410.48,24460.16,9556.22,1697.67,85828.12,6,85828.12,17165.62,14304.69
4720,378,387,164,2024-04-21,2024-06-09,2024-06-11,Monsoon,Net Banking,10909.26,1367.65,4276.9,4233.53,3365.46,681.02,23471.78,2,23471.78,4694.36,11735.89
4721,403,385,51,2024-04-19,2024-05-13,2024-05-15,Summer,Net Banking,8169.12,1637.88,2531.37,3403.09,1872.11,548.49,17065.08,2,17065.08,3413.02,8532.54
4722,87,29,143,2024-05-05,2024-06-15,2024-06-20,Monsoon,Cash,6167.45,4191.06,4541.48,1836.75,3620.41,594.47,19762.68,5,19762.68,3952.54,3952.54
4723,952,80,104,2024-04-05,2024-05-07,2024-05-13,Summer,Debit Card,8834.94,15058.39,4524.47,6893.22,2299.43,698.15,36912.3,6,36912.3,7382.46,6152.05
4724,509,307,100,2024-08-31,2024-10-15,2024-10-19,Autumn,Credit Card,8638.48,4998.47,1863.25,6994.77,1951.48,1218.98,23227.47,4,23227.47,4645.49,5806.87
4725,119,28,58,2024-11-17,2024-12-16,2024-12-23,Winter,Credit Card,36561.7,13249.4,3835.84,17966.02,1130.23,1800.09,70943.1,7,70943.1,14188.62,10134.73
4726,561,430,179,2023-09-27,2023-11-14,2023-11-21,Autumn,UPI,16381.89,47399.28,12397.91,31914.69,9708.81,1566.57,116236.01,7,116236.01,23247.2,16605.14
4727,643,348,21,2024-08-20,2024-09-13,2024-09-19,Autumn,Net Banking,11061.06,6387.59,4862.16,6684.96,1798.31,749.62,30044.46,6,30044.46,6008.89,5007.41
4728,401,157,137,2023-04-09,2023-06-07,2023-06-12,Monsoon,Debit Card,63202.5,14918.43,9051.26,2605.52,6460.55,3837.09,92401.17,5,92401.17,18480.23,18480.23
4729,148,256,173,2023-01-28,2023-03-03,2023-03-06,Summer,Net Banking,4732.68,3242.77,4791.32,9798.83,1965.72,164.46,24366.86,3,24366.86,4873.37,8122.29
4730,622,29,143,2023-05-01,2023-05-16,2023-05-21,Summer,Net Banking,6167.45,8183.23,4708.29,6662.73,1947.3,659.14,27009.86,5,27009.86,5401.97,5401.97
4731,423,39,190,2024-11-21,2024-12-23,2024-12-28,Winter,UPI,13385.3,13853.94,7151.83,17222.37,4860.97,836.6,55637.81,5,55637.81,11127.56,11127.56
4732,29,460,42,2023-12-16,2024-02-04,2024-02-11,Winter,Debit Card,64370.74,12085.72,2021.6,9149.53,2969.35,7864.17,82732.77,7,82732.77,16546.55,11818.97
4733,348,373,124,2024-06-02,2024-06-23,2024-06-29,Monsoon,Credit Card,9306.96,7098.63,2083.54,7177.92,1143.54,134.53,26676.06,6,26676.06,5335.21,4446.01
4734,820,269,176,2023-09-06,2023-10-19,2023-10-23,Autumn,Net Banking,8207.44,10153.97,2568.0,11238.63,2425.49,785.21,33808.32,4,33808.32,6761.66,8452.08
4735,18,252,122,2023-12-01,2023-12-21,2023-12-28,Winter,Credit Card,6956.88,7182.52,4056.85,9694.38,533.11,201.68,28222.06,7,28222.06,5644.41,4031.72
4736,255,332,42,2023-10-25,2023-12-18,2023-12-22,Winter,Credit Card,20869.92,5596.29,1797.01,6768.41,701.28,1780.16,33952.75,4,33952.75,6790.55,8488.19
4737,707,94,23,2024-05-23,2024-07-14,2024-07-20,Monsoon,Credit Card,17037.06,12857.96,15731.16,484.32,8635.94,2326.09,52420.35,6,52420.35,10484.07,8736.72
4738,452,448,196,2024-03-28,2024-05-07,2024-05-14,Summer,Credit Card,8248.38,47876.31,4391.89,10675.56,5175.91,1152.82,75215.23,7,75215.23,15043.05,10745.03
4739,77,203,183,2023-04-12,2023-06-07,2023-06-09,Monsoon,Net Banking,3040.94,1602.88,2136.38,3494.47,2506.94,191.29,12590.32,2,12590.32,2518.06,6295.16
4740,645,415,186,2023-08-16,2023-10-10,2023-10-16,Autumn,Credit Card,23718.66,7634.9,4671.59,3144.82,2783.72,3183.45,38770.24,6,38770.24,7754.05,6461.71
4741,891,349,124,2024-06-04,2024-07-12,2024-07-19,Monsoon,UPI,39147.36,42160.49,15834.16,6093.43,11416.22,1431.77,113219.89,7,113219.89,22643.98,16174.27
4742,471,35,26,2023-07-05,2023-08-15,2023-08-22,Monsoon,Debit Card,88314.03,14104.84,4250.22,17268.9,2841.98,3559.99,123219.98,7,123219.98,24644.0,17602.85
4743,807,470,157,2023-05-12,2023-07-11,2023-07-18,Monsoon,Net Banking,173475.54,26043.26,3617.96,1243.67,1873.71,19427.74,186826.4,7,186826.4,37365.28,26689.49
4744,331,68,7,2024-04-26,2024-05-23,2024-05-30,Summer,Net Banking,10817.59,10220.87,1681.73,2950.61,3066.89,652.06,28085.63,7,28085.63,5617.13,4012.23
4745,234,223,77,2024-04-21,2024-05-04,2024-05-10,Summer,Credit Card,65782.2,6700.92,4323.03,6173.02,2024.05,8674.53,76328.69,6,76328.69,15265.74,12721.45
4746,997,236,81,2023-02-16,2023-03-28,2023-04-01,Summer,Net Banking,21619.92,5305.49,1999.56,5711.1,2720.29,1450.91,35905.45,4,35905.45,7181.09,8976.36
4747,750,374,3,2023-07-14,2023-07-26,2023-07-30,Monsoon,Credit Card,55384.16,12687.99,3545.41,3676.57,7169.44,3559.04,78904.53,4,78904.53,15780.91,19726.13
4748,625,91,200,2024-04-27,2024-05-13,2024-05-15,Summer,Debit Card,8397.8,1785.65,1777.41,3696.36,2063.9,975.5,16745.62,2,16745.62,3349.12,8372.81
4749,178,9,171,2024-11-22,2024-12-16,2024-12-22,Winter,Debit Card,70820.52,20762.28,3753.61,10696.07,1018.24,5356.36,101694.36,6,101694.36,20338.87,16949.06
4750,544,314,12,2023-09-09,2023-10-26,2023-11-02,Autumn,Cash,72032.17,8214.98,1568.09,2522.91,1904.83,8626.12,77616.86,7,77616.86,15523.37,11088.12
4751,336,451,191,2023-08-25,2023-10-22,2023-10-24,Autumn,Net Banking,3780.74,2194.9,3338.2,556.51,603.97,434.21,10040.11,2,10040.11,2008.02,5020.06
4752,690,296,50,2024-05-22,2024-06-15,2024-06-19,Monsoon,Debit Card,17861.48,5866.21,2291.58,8086.21,3189.71,744.17,36551.02,4,36551.02,7310.2,9137.75
4753,976,336,179,2023-10-26,2023-12-14,2023-12-21,Winter,Credit Card,24072.72,13372.41,2450.74,6503.02,3436.42,746.33,49088.98,7,49088.98,9817.8,7012.71
4754,399,10,115,2023-03-09,2023-05-01,2023-05-08,Summer,Credit Card,16515.24,22251.68,6733.34,3834.94,2032.86,53.34,51314.72,7,51314.72,10262.94,7330.67
4755,912,205,170,2024-05-25,2024-06-17,2024-06-22,Monsoon,Debit Card,8772.4,35954.9,4165.55,3108.73,9292.54,55.59,61238.53,5,61238.53,12247.71,12247.71
4756,351,15,18,2024-02-27,2024-03-05,2024-03-10,Summer,Debit Card,6440.25,11352.86,6193.37,13146.81,5598.7,265.23,42466.76,5,42466.76,8493.35,8493.35
4757,299,458,163,2024-12-16,2024-12-27,2025-01-03,Winter,Credit Card,34352.5,10421.77,3101.61,5583.0,1279.79,824.45,53914.22,7,53914.22,10782.84,7702.03
4758,833,34,98,2023-10-23,2023-11-21,2023-11-26,Autumn,Cash,16168.45,5096.26,2806.36,1940.67,3309.03,1652.5,27668.27,5,27668.27,5533.65,5533.65
4759,271,198,130,2024-03-23,2024-05-14,2024-05-19,Summer,Cash,14838.75,12475.06,6591.41,35735.21,11121.96,464.68,80297.71,5,80297.71,16059.54,16059.54
4760,15,123,15,2024-09-20,2024-10-26,2024-10-30,Autumn,Net Banking,15253.96,14187.99,4150.02,10151.47,3391.64,1200.82,45934.26,4,45934.26,9186.85,11483.56
4761,873,86,37,2024-04-08,2024-05-01,2024-05-05,Summer,UPI,4137.48,12032.22,3626.77,10044.1,3213.5,317.68,32736.39,4,32736.39,6547.28,8184.1
4762,974,246,3,2023-06-26,2023-07-04,2023-07-10,Monsoon,UPI,13458.24,5100.66,3175.76,3483.42,1485.24,1586.53,25116.79,6,25116.79,5023.36,4186.13
4763,863,411,35,2024-06-17,2024-07-24,2024-07-30,Monsoon,Cash,7863.42,10183.04,9017.36,10420.73,6809.8,970.1,43324.25,6,43324.25,8664.85,7220.71
4764,933,275,135,2023-11-18,2024-01-12,2024-01-19,Winter,Debit Card,15908.97,27994.82,3834.69,14063.1,5129.58,2077.9,64853.26,7,64853.26,12970.65,9264.75
4765,785,193,80,2024-10-21,2024-10-26,2024-10-28,Autumn,UPI,11779.98,2779.44,2086.73,9265.91,4694.37,726.58,29879.85,2,29879.85,5975.97,14939.92
4766,1000,172,167,2024-04-04,2024-04-21,2024-04-28,Summer,Debit Card,10970.33,11713.42,3055.66,9911.89,3702.29,604.17,38749.42,7,38749.42,7749.88,5535.63
4767,953,460,42,2024-03-21,2024-05-15,2024-05-22,Summer,Credit Card,64370.74,26652.1,7509.99,9908.16,1285.08,7538.08,102187.99,7,102187.99,20437.6,14598.28
4768,796,478,40,2023-10-28,2023-12-12,2023-12-19,Winter,UPI,16261.56,12257.82,8297.56,11714.89,3594.46,454.64,51671.65,7,51671.65,10334.33,7381.66
4769,269,298,112,2023-02-13,2023-03-18,2023-03-22,Summer,UPI,18873.28,5430.88,1386.86,5066.95,1208.55,2193.31,29773.21,4,29773.21,5954.64,7443.3
4770,41,178,170,2024-05-20,2024-07-13,2024-07-19,Monsoon,Net Banking,5789.28,10268.1,3917.53,8028.69,729.31,810.56,27922.35,6,27922.35,5584.47,4653.72
4771,866,43,142,2024-08-13,2024-09-03,2024-09-05,Autumn,Net Banking,9777.54,3701.1,3702.53,7629.32,3876.96,1130.93,27556.52,2,27556.52,5511.3,13778.26
4772,734,61,147,2023-12-28,2024-01-14,2024-01-17,Winter,Net Banking,3264.45,5569.59,4375.52,4228.63,3761.63,15.61,21184.21,3,21184.21,4236.84,7061.4
4773,962,394,83,2024-03-27,2024-05-18,2024-05-23,Summer,UPI,11773.05,8855.68,2340.87,5516.43,1966.8,812.75,29640.08,5,29640.08,5928.02,5928.02
4774,219,219,126,2023-10-25,2023-11-08,2023-11-10,Autumn,Credit Card,2039.98,10494.49,13923.72,9982.05,8877.69,25.1,45292.83,2,45292.83,9058.57,22646.42
4775,901,141,82,2024-04-21,2024-06-09,2024-06-16,Monsoon,Credit Card,40419.54,9220.55,2392.33,5980.42,1938.77,1233.47,58718.14,7,58718.14,11743.63,8388.31
4776,163,247,193,2023-05-29,2023-07-26,2023-08-01,Monsoon,Cash,35283.48,15627.76,5479.54,16486.85,3955.32,146.25,76686.7,6,76686.7,15337.34,12781.12
4777,607,215,19,2022-12-19,2023-01-07,2023-01-14,Winter,Cash,17354.82,8850.72,2105.73,7081.05,1359.25,2405.32,34346.25,7,34346.25,6869.25,4906.61
4778,806,492,19,2024-01-18,2024-03-07,2024-03-12,Summer,UPI,18872.95,17460.81,7152.78,12927.71,1546.5,379.28,57581.47,5,57581.47,11516.29,11516.29
4779,588,200,73,2024-09-27,2024-11-03,2024-11-07,Autumn,Credit Card,90059.84,2714.07,3679.13,9919.32,2045.45,11271.62,97146.19,4,97146.19,19429.24,24286.55
4780,394,104,32,2024-03-03,2024-03-20,2024-03-26,Summer,Credit Card,57391.08,8345.28,2606.22,6506.92,3659.27,4402.85,74105.92,6,74105.92,14821.18,12350.99
4781,404,451,191,2023-08-26,2023-10-17,2023-10-23,Autumn,Credit Card,11342.22,16188.05,6468.4,13725.81,2963.48,1310.17,49377.79,6,49377.79,9875.56,8229.63
4782,730,351,135,2023-03-29,2023-05-14,2023-05-21,Summer,Credit Card,5987.52,21031.15,9095.27,4493.99,5631.85,806.13,45433.65,7,45433.65,9086.73,6490.52
4783,556,383,15,2024-05-07,2024-06-21,2024-06-24,Monsoon,UPI,12518.31,4405.05,1243.09,9272.1,3205.91,1491.27,29153.19,3,29153.19,5830.64,9717.73
4784,794,478,40,2023-07-23,2023-07-28,2023-08-01,Monsoon,Cash,9292.32,6568.02,3514.12,9235.92,1127.16,690.46,29047.08,4,29047.08,5809.42,7261.77
4785,949,240,186,2024-08-21,2024-09-15,2024-09-18,Autumn,Cash,29289.36,6015.57,5835.93,1371.44,7007.4,4389.88,45129.82,3,45129.82,9025.96,15043.27
4786,218,387,164,2023-06-28,2023-07-22,2023-07-24,Monsoon,Debit Card,10909.26,5811.39,3260.05,3666.94,5958.73,1576.95,28029.42,2,28029.42,5605.88,14014.71
4787,675,156,136,2023-11-05,2023-12-20,2023-12-24,Winter,UPI,23583.68,7438.6,6564.47,1202.88,7755.11,84.54,46460.2,4,46460.2,9292.04,11615.05
4788,304,72,28,2023-08-29,2023-10-12,2023-10-18,Autumn,Credit Card,6496.68,14661.79,2720.11,5682.02,7132.99,493.92,36199.67,6,36199.67,7239.93,6033.28
4789,837,475,177,2024-04-15,2024-05-23,2024-05-26,Summer,Cash,9693.27,5753.08,1317.16,1677.28,3263.81,455.29,21249.31,3,21249.31,4249.86,7083.1
4790,692,454,119,2023-05-21,2023-06-02,2023-06-08,Monsoon,Credit Card,34056.78,6390.04,4957.58,4266.97,3134.93,777.47,52028.83,6,52028.83,10405.77,8671.47
4791,68,322,199,2023-11-14,2023-11-28,2023-12-02,Autumn,Net Banking,6060.64,5258.65,3891.09,8299.99,5939.95,762.15,28688.17,4,28688.17,5737.63,7172.04
4792,976,80,104,2023-06-13,2023-07-14,2023-07-18,Monsoon,UPI,5889.96,4202.5,2658.22,6427.64,2730.74,691.38,21217.68,4,21217.68,4243.54,5304.42
4793,56,473,50,2023-05-07,2023-05-15,2023-05-17,Summer,Credit Card,37265.66,2697.93,4659.72,9504.88,1811.51,4001.53,51938.17,2,51938.17,10387.63,25969.08
4794,374,248,97,2024-06-01,2024-07-08,2024-07-14,Monsoon,Debit Card,23018.28,11850.05,4100.91,4531.09,1392.17,710.81,44181.69,6,44181.69,8836.34,7363.62
4795,96,500,84,2023-01-10,2023-02-27,2023-03-06,Winter,Cash,11939.69,7179.69,4732.23,6424.85,2662.15,1232.4,31706.21,7,31706.21,6341.24,4529.46
4796,736,369,40,2023-05-08,2023-06-17,2023-06-22,Monsoon,UPI,59495.25,9370.27,3019.55,884.18,2424.5,7036.04,68157.71,5,68157.71,13631.54,13631.54
4797,542,323,59,2023-08-26,2023-10-08,2023-10-11,Autumn,Net Banking,25515.54,6898.61,2210.62,11661.68,1326.31,1393.35,46219.41,3,46219.41,9243.88,15406.47
4798,81,177,101,2023-12-14,2023-12-25,2023-12-27,Winter,Credit Card,2122.2,6273.85,3660.18,8769.21,5842.59,251.11,26416.92,2,26416.92,5283.38,13208.46
4799,774,150,111,2024-01-07,2024-02-14,2024-02-18,Winter,Cash,21179.28,4461.4,2440.6,18024.0,7450.09,2823.5,50731.87,4,50731.87,10146.37,12682.97
4800,956,214,76,2023-11-08,2023-12-10,2023-12-13,Winter,Cash,6644.13,3366.55,2820.45,15489.7,4890.36,172.75,33038.44,3,33038.44,6607.69,11012.81
4801,483,408,141,2023-10-30,2023-12-15,2023-12-20,Winter,Debit Card,7504.9,16668.09,2596.77,15616.04,2632.88,4.65,45014.03,5,45014.03,9002.81,9002.81
4802,96,498,117,2023-01-27,2023-02-24,2023-03-01,Winter,Debit Card,12257.75,9986.35,1515.25,3877.04,1068.3,429.91,28274.78,5,28274.78,5654.96,5654.96
4803,138,27,82,2023-11-26,2023-12-10,2023-12-12,Winter,UPI,2619.62,3146.07,4276.79,4371.4,608.97,276.97,14745.88,2,14745.88,2949.18,7372.94
4804,513,202,3,2023-10-24,2023-12-03,2023-12-05,Winter,Debit Card,8809.14,1359.03,2562.5,5207.17,1654.31,481.93,19110.22,2,19110.22,3822.04,9555.11
4805,71,99,101,2023-10-21,2023-11-22,2023-11-25,Autumn,Net Banking,13533.75,5588.2,3934.8,4466.2,3714.78,1749.22,29488.51,3,29488.51,5897.7,9829.5
4806,543,462,118,2024-03-09,2024-04-22,2024-04-24,Summer,Cash,10459.64,2562.16,3135.12,7237.76,1246.73,188.97,24452.44,2,24452.44,4890.49,12226.22
4807,504,77,117,2023-02-08,2023-03-18,2023-03-21,Summer,Debit Card,4176.33,4284.48,3814.44,8425.39,1618.73,58.06,22261.31,3,22261.31,4452.26,7420.44
4808,209,452,116,2023-05-18,2023-06-12,2023-06-16,Monsoon,UPI,16299.24,2161.3,4705.74,6891.9,2202.02,860.32,31399.88,4,31399.88,6279.98,7849.97
4809,188,152,128,2023-10-17,2023-12-14,2023-12-20,Winter,Credit Card,13463.52,20624.15,2273.69,16995.06,6073.6,604.59,58825.43,6,58825.43,11765.09,9804.24
4810,629,486,174,2022-12-14,2023-02-01,2023-02-06,Winter,Credit Card,7904.65,6039.8,3203.99,5142.11,1972.47,890.29,23372.73,5,23372.73,4674.55,4674.55
4811,758,105,34,2023-08-10,2023-09-01,2023-09-05,Autumn,UPI,54976.92,4051.02,3426.44,1396.92,3515.39,1898.68,65468.01,4,65468.01,13093.6,16367.0
4812,220,233,1,2024-04-09,2024-05-28,2024-06-03,Summer,UPI,133193.7,9620.14,3177.85,6246.4,4985.88,9516.12,147707.85,6,147707.85,29541.57,24617.98
4813,974,62,17,2023-03-02,2023-04-13,2023-04-17,Summer,Credit Card,12796.04,3740.62,4550.51,8966.74,1957.19,311.32,31699.78,4,31699.78,6339.96,7924.94
4814,897,24,198,2023-02-11,2023-02-25,2023-03-01,Winter,Cash,5252.0,7636.41,8018.15,13400.39,1221.97,473.86,35055.06,4,35055.06,7011.01,8763.76
4815,934,9,171,2024-10-02,2024-11-08,2024-11-15,Autumn,Cash,82623.94,8457.75,4755.8,6635.01,622.94,2544.67,100550.77,7,100550.77,20110.15,14364.4
4816,883,253,91,2024-03-22,2024-04-27,2024-05-03,Summer,Debit Card,62861.46,6856.16,1890.5,4902.72,2630.09,2478.96,76661.97,6,76661.97,15332.39,12777.0
4817,71,4,123,2023-03-26,2023-05-04,2023-05-06,Summer,UPI,6086.28,3001.64,4107.19,6091.2,3952.93,299.08,22940.16,2,22940.16,4588.03,11470.08
4818,817,379,35,2024-12-15,2024-12-26,2024-12-30,Winter,Cash,17883.68,3639.23,1051.05,7613.51,1348.84,885.5,30650.81,4,30650.81,6130.16,7662.7
4819,649,402,16,2024-11-02,2024-12-01,2024-12-03,Winter,Credit Card,10576.22,2970.38,1158.37,9886.01,2597.23,770.15,26418.06,2,26418.06,5283.61,13209.03
4820,108,499,197,2024-11-05,2024-12-08,2024-12-11,Winter,Cash,12095.4,10977.49,5689.81,19910.91,2834.62,1012.37,50495.86,3,50495.86,10099.17,16831.95
4821,572,269,176,2023-12-27,2024-02-12,2024-02-15,Winter,Credit Card,6155.58,5026.13,3877.16,3625.39,3504.78,297.66,21891.38,3,21891.38,4378.28,7297.13
4822,766,33,63,2023-06-04,2023-06-24,2023-07-01,Monsoon,Cash,10319.89,9051.57,3078.18,2349.0,3454.91,1292.62,26960.93,7,26960.93,5392.19,3851.56
4823,990,1,50,2023-11-11,2024-01-09,2024-01-11,Winter,Cash,24622.38,2644.58,3205.76,1373.02,2432.71,3278.88,30999.57,2,30999.57,6199.91,15499.78
4824,949,252,122,2024-05-23,2024-07-04,2024-07-11,Monsoon,Cash,6956.88,16635.17,7725.42,11409.93,5219.69,54.25,47892.84,7,47892.84,9578.57,6841.83
4825,450,175,111,2024-06-22,2024-07-27,2024-08-02,Monsoon,Net Banking,83385.18,10439.56,1376.5,3166.44,2439.82,1254.32,99553.18,6,99553.18,19910.64,16592.2
4826,820,101,188,2023-10-26,2023-12-24,2023-12-30,Winter,Debit Card,13471.08,22773.08,3312.78,8155.97,3812.84,43.48,51482.27,6,51482.27,10296.45,8580.38
4827,667,220,123,2023-04-21,2023-06-14,2023-06-16,Monsoon,Cash,5595.32,5761.9,7707.65,14471.32,1202.77,719.49,34019.47,2,34019.47,6803.89,17009.74
4828,719,342,194,2023-08-21,2023-09-20,2023-09-23,Autumn,Cash,14179.14,8265.98,3071.82,5616.32,4656.67,1392.09,34397.84,3,34397.84,6879.57,11465.95
4829,158,427,29,2023-11-29,2023-12-08,2023-12-12,Winter,Credit Card,9501.76,10385.04,2960.52,13381.24,2887.12,1116.22,37999.46,4,37999.46,7599.89,9499.86
4830,88,359,13,2024-05-25,2024-07-06,2024-07-13,Monsoon,Debit Card,15681.05,12819.55,5624.97,7635.97,7068.24,1249.5,47580.28,7,47580.28,9516.06,6797.18
4831,131,114,71,2022-11-08,2023-01-05,2023-01-09,Winter,Debit Card,7286.8,4553.68,1163.07,6350.97,2388.05,116.94,21625.63,4,21625.63,4325.13,5406.41
4832,190,470,157,2023-10-29,2023-11-16,2023-11-22,Autumn,Cash,148693.32,20601.44,8517.22,11833.58,6786.47,1705.36,194726.67,6,194726.67,38945.33,32454.45
4833,146,86,37,2024-03-04,2024-03-21,2024-03-28,Summer,Net Banking,7240.59,7176.77,1510.56,8242.16,710.63,34.47,24846.24,7,24846.24,4969.25,3549.46
4834,822,328,157,2023-04-20,2023-04-28,2023-05-05,Summer,UPI,35139.23,39206.49,4095.82,33064.75,2807.73,3203.48,111110.54,7,111110.54,22222.11,15872.93
4835,742,237,170,2022-12-23,2023-02-17,2023-02-21,Winter,Credit Card,9282.8,4499.77,6794.9,15067.76,6269.02,1222.05,40692.2,4,40692.2,8138.44,10173.05
4836,24,341,138,2023-10-10,2023-12-06,2023-12-09,Winter,UPI,35825.76,1768.19,1303.25,9763.23,3668.81,2448.43,49880.81,3,49880.81,9976.16,16626.94
4837,784,478,40,2023-03-10,2023-04-13,2023-04-15,Summer,Debit Card,4646.16,5396.69,6712.21,4925.69,1057.95,429.63,22309.07,2,22309.07,4461.81,11154.54
4838,97,146,143,2023-08-05,2023-08-16,2023-08-22,Monsoon,Credit Card,9512.82,5910.54,4463.1,5453.85,2511.67,1004.93,26847.05,6,26847.05,5369.41,4474.51
4839,514,407,130,2024-10-19,2024-12-11,2024-12-16,Winter,Credit Card,29968.65,2815.98,2397.37,2273.73,3892.6,2424.98,38923.35,5,38923.35,7784.67,7784.67
4840,246,174,141,2023-12-12,2023-12-27,2024-01-01,Winter,UPI,54701.55,32649.07,17431.73,26821.6,5594.82,7116.49,130082.28,5,130082.28,26016.46,26016.46
4841,629,317,124,2024-07-15,2024-09-06,2024-09-09,Autumn,Debit Card,13210.05,5735.87,3642.03,3078.67,1681.58,1595.27,25752.93,3,25752.93,5150.59,8584.31
4842,777,417,90,2023-06-06,2023-07-16,2023-07-19,Monsoon,UPI,42907.38,8622.63,3178.42,11640.3,6759.32,1738.65,71369.4,3,71369.4,14273.88,23789.8
4843,36,323,59,2024-10-22,2024-11-17,2024-11-23,Autumn,Cash,51031.08,13167.13,11452.9,12608.36,7787.0,3604.56,92441.91,6,92441.91,18488.38,15406.98
4844,24,227,13,2024-08-15,2024-09-16,2024-09-21,Autumn,Debit Card,9555.3,9898.18,2847.54,583.49,3340.79,558.9,25666.4,5,25666.4,5133.28,5133.28
4845,969,18,101,2023-02-02,2023-02-08,2023-02-13,Winter,Debit Card,11096.0,33867.41,14167.6,8424.87,6720.62,239.58,74036.92,5,74036.92,14807.38,14807.38
4846,513,34,98,2024-04-12,2024-04-18,2024-04-20,Summer,Net Banking,6467.38,3793.18,3607.3,5612.95,3614.85,891.66,22204.0,2,22204.0,4440.8,11102.0
4847,440,310,104,2023-12-18,2024-01-08,2024-01-15,Winter,Net Banking,27632.15,6936.3,1243.08,4387.77,3877.03,412.23,43664.1,7,43664.1,8732.82,6237.73
4848,307,475,177,2024-04-08,2024-05-09,2024-05-16,Summer,Cash,22617.63,5265.51,2595.42,4140.63,1258.36,3032.43,32845.12,7,32845.12,6569.02,4692.16
4849,99,300,36,2023-10-27,2023-12-23,2023-12-26,Winter,Cash,37006.35,9829.44,3479.15,5027.38,5313.66,3417.74,57238.24,3,57238.24,11447.65,19079.41
4850,312,487,80,2023-12-27,2024-02-06,2024-02-13,Winter,Cash,96031.25,9308.74,5120.29,17885.04,3759.34,2739.95,129364.71,7,129364.71,25872.94,18480.67
4851,547,317,124,2024-06-09,2024-08-04,2024-08-09,Monsoon,Credit Card,22016.75,10577.98,6552.41,4196.03,12157.38,3259.33,52241.22,5,52241.22,10448.24,10448.24
4852,803,345,20,2024-05-08,2024-07-03,2024-07-09,Monsoon,Net Banking,8001.48,16066.7,7454.83,11986.89,4204.2,1016.97,46697.13,6,46697.13,9339.43,7782.86
4853,170,293,50,2023-09-11,2023-09-19,2023-09-24,Autumn,Net Banking,112441.35,6400.45,4100.76,5378.39,6038.64,873.82,133485.77,5,133485.77,26697.15,26697.15
4854,657,3,104,2023-08-26,2023-09-21,2023-09-23,Autumn,Cash,11734.76,7982.7,4175.08,14095.77,5666.57,6.58,43648.3,2,43648.3,8729.66,21824.15
4855,905,469,35,2024-08-07,2024-09-17,2024-09-19,Autumn,Debit Card,27193.08,3443.45,3963.85,7341.33,3515.78,2124.67,43332.82,2,43332.82,8666.56,21666.41
4856,769,306,195,2024-05-12,2024-06-21,2024-06-25,Monsoon,Credit Card,13910.96,4651.56,1044.22,8835.56,2535.26,361.74,30615.82,4,30615.82,6123.16,7653.96
4857,275,421,87,2023-01-14,2023-02-16,2023-02-19,Winter,Debit Card,51955.77,5753.29,3280.34,4404.21,1301.8,4428.31,62267.1,3,62267.1,12453.42,20755.7
4858,16,169,182,2023-12-17,2023-12-25,2023-12-27,Winter,Cash,3118.54,1480.59,1497.26,8449.32,3939.35,132.02,18353.04,2,18353.04,3670.61,9176.52
4859,21,133,120,2024-06-17,2024-07-02,2024-07-05,Monsoon,Credit Card,24819.03,2618.01,2799.21,9149.11,3200.88,1093.6,41492.64,3,41492.64,8298.53,13830.88
4860,278,430,179,2024-05-17,2024-06-13,2024-06-15,Monsoon,Debit Card,4680.54,3462.74,1396.36,9661.74,2976.89,21.78,22156.49,2,22156.49,4431.3,11078.24
4861,496,132,173,2023-06-03,2023-06-17,2023-06-22,Monsoon,Cash,65216.9,7171.02,2441.79,2861.59,2011.21,9584.52,70117.99,5,70117.99,14023.6,14023.6
4862,921,56,48,2023-08-15,2023-10-13,2023-10-16,Autumn,Credit Card,2837.04,3676.94,4690.69,7777.51,2898.38,243.66,21636.9,3,21636.9,4327.38,7212.3
4863,730,416,153,2024-04-14,2024-06-04,2024-06-10,Monsoon,Net Banking,8691.78,21932.11,8281.97,8970.09,3571.68,1052.13,50395.5,6,50395.5,10079.1,8399.25
4864,447,435,64,2023-07-19,2023-08-14,2023-08-20,Monsoon,Net Banking,59395.98,36807.8,12864.21,20980.82,9226.95,1318.68,137957.08,6,137957.08,27591.42,22992.85
4865,911,338,18,2024-02-21,2024-03-04,2024-03-06,Summer,Cash,24522.78,2470.54,5947.86,3959.21,7971.7,1213.76,43658.33,2,43658.33,8731.67,21829.16
4866,470,37,149,2023-10-01,2023-11-19,2023-11-22,Autumn,Net Banking,3400.59,6827.63,2883.61,19698.06,3523.49,498.51,35834.87,3,35834.87,7166.97,11944.96
4867,88,270,58,2023-10-23,2023-11-26,2023-12-01,Autumn,Credit Card,62755.4,10182.88,6480.5,8112.05,1733.2,3345.14,85918.89,5,85918.89,17183.78,17183.78
4868,706,29,143,2024-10-28,2024-11-18,2024-11-24,Autumn,Debit Card,7400.94,8484.84,4211.15,4786.63,2374.62,928.07,26330.11,6,26330.11,5266.02,4388.35
4869,914,215,19,2023-03-17,2023-04-26,2023-04-29,Summer,UPI,7437.78,11379.9,4185.6,4142.53,1429.99,988.98,27586.82,3,27586.82,5517.36,9195.61
4870,535,172,167,2024-08-07,2024-09-19,2024-09-21,Autumn,Credit Card,3134.38,2533.66,2810.16,4885.12,3402.54,177.68,16588.18,2,16588.18,3317.64,8294.09
4871,699,127,183,2023-05-10,2023-05-27,2023-06-03,Summer,Cash,11504.15,15190.43,9707.11,18713.17,3835.16,16.46,58933.56,7,58933.56,11786.71,8419.08
4872,985,375,194,2024-02-17,2024-03-11,2024-03-14,Summer,Net Banking,15575.58,2727.07,2682.18,17355.73,6018.4,1367.02,42991.94,3,42991.94,8598.39,14330.65
4873,538,312,93,2023-05-15,2023-06-05,2023-06-11,Monsoon,Net Banking,11543.34,6667.33,4812.74,7794.74,1266.84,1412.66,30672.33,6,30672.33,6134.47,5112.06
4874,507,243,181,2024-07-22,2024-08-02,2024-08-05,Monsoon,Credit Card,36713.22,5760.8,12599.46,33216.93,3458.58,2002.22,89746.77,3,89746.77,17949.35,29915.59
4875,82,471,74,2024-01-20,2024-02-25,2024-02-27,Winter,Cash,6077.28,3834.11,4088.19,3356.04,1131.22,415.67,18071.17,2,18071.17,3614.23,9035.58
4876,709,5,78,2024-05-13,2024-06-14,2024-06-19,Monsoon,UPI,6223.2,32190.61,8872.93,9006.63,5371.62,594.01,61070.98,5,61070.98,12214.2,12214.2
4877,852,480,91,2023-05-11,2023-07-07,2023-07-12,Monsoon,UPI,111462.85,6873.25,2804.94,4243.06,1770.93,8288.18,118866.85,5,118866.85,23773.37,23773.37
4878,76,82,148,2023-10-28,2023-12-10,2023-12-16,Winter,Net Banking,67069.92,13786.56,9133.82,1495.45,3462.33,8341.05,86607.03,6,86607.03,17321.41,14434.5
4879,912,381,184,2023-10-17,2023-12-04,2023-12-07,Winter,Credit Card,7082.37,16666.74,12544.21,8911.96,14174.55,558.24,58821.59,3,58821.59,11764.32,19607.2
4880,248,411,35,2023-05-12,2023-07-06,2023-07-12,Monsoon,Debit Card,7863.42,16381.65,5464.17,14497.84,2250.96,19.29,46438.75,6,46438.75,9287.75,7739.79
4881,830,489,83,2023-01-10,2023-02-07,2023-02-09,Winter,Debit Card,8258.2,1566.73,2650.82,7513.59,2566.11,1014.7,21540.75,2,21540.75,4308.15,10770.38
4882,295,310,104,2023-03-10,2023-04-14,2023-04-19,Summer,UPI,19737.25,8501.06,3150.22,17235.05,2990.02,338.48,51275.12,5,51275.12,10255.02,10255.02
4883,951,294,119,2024-08-29,2024-10-09,2024-10-14,Autumn,Cash,9709.3,8795.67,3258.59,9132.34,3813.08,379.45,34329.53,5,34329.53,6865.91,6865.91
4884,942,375,194,2023-02-08,2023-03-16,2023-03-18,Summer,Net Banking,10383.72,1270.45,4927.19,5900.0,3447.75,446.45,25482.66,2,25482.66,5096.53,12741.33
4885,318,95,162,2023-07-21,2023-08-19,2023-08-22,Monsoon,Debit Card,15418.2,9807.84,4177.61,399.73,3911.04,1576.44,32137.98,3,32137.98,6427.6,10712.66
4886,975,191,71,2024-12-04,2024-12-16,2024-12-19,Winter,Credit Card,14169.75,3327.77,3855.62,19240.68,3680.08,90.57,44183.33,3,44183.33,8836.67,14727.78
4887,45,195,190,2023-09-25,2023-10-09,2023-10-12,Autumn,Cash,15852.21,15678.03,10425.45,15762.75,10537.86,2300.93,65955.37,3,65955.37,13191.07,21985.12
4888,203,66,82,2023-12-08,2023-12-19,2023-12-25,Winter,Net Banking,35226.3,16760.35,4251.96,10325.78,3184.08,2797.48,66950.99,6,66950.99,13390.2,11158.5
4889,964,60,99,2024-08-01,2024-08-17,2024-08-21,Monsoon,Net Banking,84983.48,6955.82,3730.55,8864.2,903.51,11056.97,94380.59,4,94380.59,18876.12,23595.15
4890,535,3,104,2024-08-11,2024-09-13,2024-09-15,Autumn,Credit Card,11734.76,2267.95,4004.56,6019.53,2389.6,466.99,25949.41,2,25949.41,5189.88,12974.7
4891,245,262,162,2023-12-03,2024-01-08,2024-01-10,Winter,Net Banking,9715.08,5415.09,11693.74,1318.28,3409.21,573.15,30978.25,2,30978.25,6195.65,15489.12
4892,410,128,43,2024-03-12,2024-04-10,2024-04-14,Summer,Cash,22308.28,9079.37,4152.48,17781.2,1027.78,374.41,53974.7,4,53974.7,10794.94,13493.68
4893,356,499,197,2024-01-13,2024-03-02,2024-03-04,Summer,Credit Card,8063.6,2362.88,2448.68,2928.97,2828.34,393.78,18238.69,2,18238.69,3647.74,9119.34
4894,562,59,143,2023-03-11,2023-04-16,2023-04-18,Summer,Credit Card,1904.7,3518.05,3929.7,2397.32,3857.2,148.81,15458.16,2,15458.16,3091.63,7729.08
4895,612,475,177,2023-03-16,2023-04-27,2023-04-30,Summer,Cash,9693.27,3707.09,2909.43,4334.49,5134.26,1066.87,24711.67,3,24711.67,4942.33,8237.22
4896,83,336,179,2024-06-24,2024-08-09,2024-08-11,Monsoon,Credit Card,6877.92,6026.89,3614.59,13567.6,3335.99,553.6,32869.39,2,32869.39,6573.88,16434.7
4897,745,323,59,2023-03-22,2023-05-08,2023-05-13,Summer,Net Banking,42525.9,2811.06,3907.11,8504.56,1618.11,3022.91,56343.83,5,56343.83,11268.77,11268.77
4898,142,304,170,2023-02-12,2023-04-10,2023-04-15,Summer,Debit Card,23683.25,8933.54,1628.95,4238.03,3762.75,530.16,41716.36,5,41716.36,8343.27,8343.27
4899,886,127,183,2023-05-19,2023-07-10,2023-07-13,Monsoon,Debit Card,4930.35,4347.41,1175.99,8858.76,2902.16,160.37,22054.3,3,22054.3,4410.86,7351.43
4900,140,77,117,2024-08-02,2024-08-13,2024-08-18,Monsoon,UPI,6960.55,6457.53,2220.82,2721.01,3674.85,856.02,21178.74,5,21178.74,4235.75,4235.75
4901,225,13,117,2023-06-30,2023-08-24,2023-08-30,Monsoon,Credit Card,11662.26,9464.96,3297.23,9967.25,1001.75,1279.76,34113.69,6,34113.69,6822.74,5685.62
4902,885,338,18,2022-12-29,2023-02-26,2023-03-01,Winter,Cash,36784.17,6935.92,3811.36,16211.15,4445.95,888.05,67300.5,3,67300.5,13460.1,22433.5
4903,526,357,38,2023-05-09,2023-07-01,2023-07-07,Monsoon,Debit Card,58379.22,14936.56,7332.0,11120.73,1127.34,232.51,92663.34,6,92663.34,18532.67,15443.89
4904,808,311,36,2023-04-11,2023-05-14,2023-05-19,Summer,Cash,20290.85,5258.1,1331.95,9394.26,1702.69,2343.86,35633.99,5,35633.99,7126.8,7126.8
4905,609,160,127,2024-02-10,2024-04-05,2024-04-11,Summer,Net Banking,5187.24,11292.74,2957.03,4283.61,1158.55,616.35,24262.82,6,24262.82,4852.56,4043.8
4906,210,500,84,2023-09-01,2023-10-07,2023-10-14,Autumn,UPI,11939.69,7405.11,3758.63,6379.1,3473.44,1551.01,31404.96,7,31404.96,6280.99,4486.42
4907,505,278,158,2023-05-03,2023-05-20,2023-05-22,Summer,Credit Card,23651.02,3594.97,4898.72,3298.99,898.51,3051.04,33291.17,2,33291.17,6658.23,16645.58
4908,431,130,46,2024-01-02,2024-02-23,2024-02-29,Winter,Net Banking,63171.9,7003.31,2407.98,4431.94,1740.19,1014.61,77740.71,6,77740.71,15548.14,12956.79
4909,889,246,3,2023-02-10,2023-03-21,2023-03-24,Summer,Debit Card,6729.12,9093.05,3430.85,6588.99,1951.44,638.22,27155.23,3,27155.23,5431.05,9051.74
4910,817,191,71,2023-04-11,2023-05-07,2023-05-13,Summer,UPI,28339.5,4019.19,4098.88,7069.97,1349.7,1106.85,43770.39,6,43770.39,8754.08,7295.06
4911,80,459,97,2023-04-10,2023-05-27,2023-05-30,Summer,Credit Card,7052.49,5706.63,3540.13,1280.75,612.25,1032.73,17159.52,3,17159.52,3431.9,5719.84
4912,467,117,19,2023-12-15,2023-12-28,2024-01-04,Winter,Net Banking,16713.69,23267.85,2314.48,15985.68,4772.62,1578.1,61476.22,7,61476.22,12295.24,8782.32
4913,893,285,100,2024-08-26,2024-09-14,2024-09-16,Autumn,Net Banking,6531.24,2098.96,6979.84,8263.08,2986.74,942.15,25917.71,2,25917.71,5183.54,12958.86
4914,418,411,35,2024-04-09,2024-05-11,2024-05-17,Summer,Credit Card,7863.42,29467.81,12599.8,27404.12,9034.34,1134.18,85235.31,6,85235.31,17047.06,14205.88
4915,89,497,67,2023-12-04,2024-01-19,2024-01-22,Winter,Cash,35988.45,9669.0,4102.79,14679.53,2442.37,5040.1,61842.04,3,61842.04,12368.41,20614.01
4916,378,98,71,2024-03-28,2024-04-20,2024-04-26,Summer,Net Banking,44980.62,4720.06,3749.01,1255.25,2938.85,551.63,57092.16,6,57092.16,11418.43,9515.36
4917,249,372,46,2023-11-28,2023-12-28,2024-01-01,Winter,Debit Card,6157.84,6418.74,3897.21,13822.2,3744.13,773.94,33266.18,4,33266.18,6653.24,8316.54
4918,624,37,149,2024-09-19,2024-10-13,2024-10-20,Autumn,Credit Card,7934.71,24837.17,4240.47,17903.73,3327.68,986.56,57257.2,7,57257.2,11451.44,8179.6
4919,794,343,30,2024-09-30,2024-10-26,2024-11-01,Autumn,Debit Card,28245.9,4726.88,2661.41,3748.62,3771.63,2001.51,41152.93,6,41152.93,8230.59,6858.82
4920,155,222,89,2023-08-12,2023-08-17,2023-08-19,Monsoon,UPI,8026.7,2365.97,1796.44,1602.63,640.23,15.44,14416.53,2,14416.53,2883.31,7208.26
4921,541,259,154,2024-09-11,2024-10-28,2024-10-31,Autumn,Cash,6895.08,1863.9,3776.72,2673.91,2108.31,121.73,17196.19,3,17196.19,3439.24,5732.06
4922,907,424,176,2023-11-28,2024-01-07,2024-01-13,Winter,Cash,70304.88,15854.8,6123.29,1815.16,1914.17,7418.19,88594.11,6,88594.11,17718.82,14765.68
4923,319,448,196,2024-08-30,2024-10-06,2024-10-09,Autumn,Debit Card,3535.02,4819.36,1498.2,332.57,799.07,351.99,10632.23,3,10632.23,2126.45,3544.08
4924,637,465,38,2023-05-15,2023-06-23,2023-06-26,Monsoon,Credit Card,40140.42,2068.83,3987.69,6400.41,637.25,5821.51,47413.09,3,47413.09,9482.62,15804.36
4925,776,51,5,2023-11-04,2024-01-02,2024-01-09,Winter,Cash,14551.81,17293.12,6117.94,11267.41,5734.08,614.47,54349.89,7,54349.89,10869.98,7764.27
4926,691,328,157,2023-01-17,2023-02-19,2023-02-26,Winter,Net Banking,35139.23,12251.46,2621.49,9087.43,2847.44,1270.66,60676.39,7,60676.39,12135.28,8668.06
4927,996,17,97,2024-01-25,2024-02-11,2024-02-13,Winter,Cash,20521.66,3181.87,4159.88,7088.5,1474.59,413.91,36012.59,2,36012.59,7202.52,18006.29
4928,220,197,15,2023-04-01,2023-05-06,2023-05-08,Summer,UPI,11344.24,7332.12,5852.76,13883.37,5505.75,588.91,43329.33,2,43329.33,8665.87,21664.66
4929,494,484,114,2023-05-19,2023-06-07,2023-06-10,Monsoon,Net Banking,7015.26,20144.32,8963.09,20936.41,5242.89,324.78,61977.19,3,61977.19,12395.44,20659.06
4930,904,472,158,2023-03-28,2023-05-03,2023-05-10,Summer,UPI,11460.82,11343.62,4507.87,2141.4,1953.15,1372.83,30034.03,7,30034.03,6006.81,4290.58
4931,76,204,56,2023-11-30,2024-01-24,2024-01-31,Winter,Net Banking,37080.68,11693.36,2247.6,9698.09,4256.04,845.42,64130.35,7,64130.35,12826.07,9161.48
4932,909,337,71,2024-04-27,2024-05-18,2024-05-24,Summer,Debit Card,8935.62,6625.68,3398.88,4439.18,614.28,1102.26,22911.38,6,22911.38,4582.28,3818.56
4933,807,263,182,2023-09-17,2023-10-01,2023-10-07,Autumn,UPI,10333.44,20825.77,6441.5,2530.18,7924.84,323.45,47732.28,6,47732.28,9546.46,7955.38
4934,238,347,53,2024-11-15,2024-12-17,2024-12-20,Winter,Debit Card,16036.02,5462.1,8908.29,13131.43,2593.86,701.69,45430.01,3,45430.01,9086.0,15143.34
4935,780,68,7,2024-01-28,2024-02-03,2024-02-05,Winter,UPI,3090.74,5233.87,8661.82,2540.15,6532.6,168.42,25890.76,2,25890.76,5178.15,12945.38
4936,843,200,73,2024-06-14,2024-07-15,2024-07-17,Monsoon,Net Banking,45029.92,4766.73,12785.18,12857.87,3365.75,1743.22,77062.23,2,77062.23,15412.45,38531.12
4937,310,89,144,2023-12-26,2024-02-08,2024-02-14,Winter,Cash,11783.88,11387.41,4533.82,6980.78,2484.88,440.01,36730.76,6,36730.76,7346.15,6121.79
4938,103,223,77,2024-06-11,2024-07-13,2024-07-19,Monsoon,Credit Card,65782.2,35606.61,5760.13,29898.39,10177.7,7215.8,140009.23,6,140009.23,28001.85,23334.87
4939,487,150,111,2024-05-20,2024-07-04,2024-07-11,Monsoon,Credit Card,37063.74,8176.76,4533.04,6634.47,3976.88,3897.18,56487.71,7,56487.71,11297.54,8069.67
4940,118,76,107,2024-03-12,2024-04-21,2024-04-25,Summer,Cash,53252.72,9473.75,5406.14,15696.11,4945.19,7345.54,81428.37,4,81428.37,16285.67,20357.09
4941,377,307,100,2023-07-28,2023-09-06,2023-09-09,Autumn,Net Banking,6478.86,19035.2,10151.17,10707.12,9542.95,731.34,55183.96,3,55183.96,11036.79,18394.65
4942,733,279,99,2024-03-01,2024-03-26,2024-03-31,Summer,Net Banking,10494.1,4324.14,2179.65,4521.76,2454.73,269.78,23704.6,5,23704.6,4740.92,4740.92
4943,49,56,48,2024-04-27,2024-05-17,2024-05-21,Summer,Debit Card,3782.72,14082.66,7136.11,9400.23,2377.55,73.24,36706.03,4,36706.03,7341.21,9176.51
4944,271,89,144,2023-10-10,2023-11-10,2023-11-17,Autumn,UPI,13747.86,21191.8,16209.12,5701.9,10057.8,1312.03,65596.45,7,65596.45,13119.29,9370.92
4945,346,415,186,2024-10-07,2024-11-05,2024-11-10,Autumn,Net Banking,19765.55,6792.52,1771.6,436.77,3476.4,429.97,31812.87,5,31812.87,6362.57,6362.57
4946,765,26,174,2024-02-19,2024-03-07,2024-03-09,Summer,Net Banking,11778.32,2390.9,4359.84,7222.82,2728.6,229.98,28250.5,2,28250.5,5650.1,14125.25
4947,92,431,73,2023-04-16,2023-05-06,2023-05-12,Summer,Cash,18510.78,5779.67,4423.29,6119.16,1796.74,27.22,36602.42,6,36602.42,7320.48,6100.4
4948,821,220,123,2024-07-26,2024-09-04,2024-09-06,Autumn,Credit Card,5595.32,2152.65,1283.33,5344.93,1497.16,625.97,15247.42,2,15247.42,3049.48,7623.71
4949,56,222,89,2024-03-20,2024-05-09,2024-05-14,Summer,Debit Card,20066.75,7272.83,4181.87,9632.88,2828.33,2938.33,41044.33,5,41044.33,8208.87,8208.87
4950,730,216,14,2024-04-02,2024-04-12,2024-04-15,Summer,Net Banking,44770.44,5872.94,8946.49,18282.45,6888.73,3240.11,81520.94,3,81520.94,16304.19,27173.65
4951,280,85,152,2023-07-02,2023-07-26,2023-07-28,Monsoon,UPI,20007.3,5160.05,11590.86,15786.23,11898.42,1586.38,62856.48,2,62856.48,12571.3,31428.24
4952,817,31,19,2023-09-11,2023-10-19,2023-10-23,Autumn,UPI,19588.88,7473.65,1224.03,6371.0,1218.0,1000.55,34875.01,4,34875.01,6975.0,8718.75
4953,487,205,170,2023-01-16,2023-03-17,2023-03-24,Summer,Credit Card,12281.36,5454.98,4549.81,8313.42,3810.52,1744.97,32665.12,7,32665.12,6533.02,4666.45
4954,993,482,81,2024-07-03,2024-08-02,2024-08-05,Monsoon,Credit Card,2842.68,2429.46,4908.72,561.1,2732.84,16.64,13458.16,3,13458.16,2691.63,4486.05
4955,511,17,97,2024-05-09,2024-06-08,2024-06-13,Monsoon,Cash,51304.15,2825.13,1362.28,8344.81,2749.56,3350.68,63235.25,5,63235.25,12647.05,12647.05
4956,460,366,192,2024-06-28,2024-08-13,2024-08-18,Monsoon,Credit Card,5422.2,5664.99,4681.9,15169.49,6176.07,474.92,36639.73,5,36639.73,7327.95,7327.95
4957,286,294,119,2024-10-26,2024-12-09,2024-12-16,Winter,Cash,13593.02,7576.14,6486.24,1537.58,4790.72,380.74,33602.96,7,33602.96,6720.59,4800.42
4958,573,225,5,2023-10-29,2023-12-14,2023-12-17,Winter,Debit Card,8534.28,5749.86,2345.3,3331.52,3608.81,1127.97,22441.8,3,22441.8,4488.36,7480.6
4959,110,318,160,2024-09-23,2024-11-21,2024-11-23,Autumn,Cash,4062.24,5801.79,6899.36,8677.28,1175.25,253.23,26362.69,2,26362.69,5272.54,13181.34
4960,273,7,177,2023-05-01,2023-06-23,2023-06-28,Monsoon,Credit Card,92243.15,9330.65,3263.0,1233.33,3751.29,11981.48,97839.94,5,97839.94,19567.99,19567.99
4961,255,194,199,2024-01-02,2024-02-26,2024-02-29,Winter,Cash,33149.37,1639.75,3663.76,1888.63,3092.42,1920.56,41513.37,3,41513.37,8302.67,13837.79
4962,285,137,27,2023-07-20,2023-08-13,2023-08-19,Monsoon,UPI,23808.72,13484.59,2767.48,6566.07,2106.66,1801.16,46932.36,6,46932.36,9386.47,7822.06
4963,565,59,143,2023-03-12,2023-04-12,2023-04-17,Summer,UPI,4761.75,7386.7,1072.86,4867.2,3394.65,180.21,21302.95,5,21302.95,4260.59,4260.59
4964,98,225,5,2023-12-08,2023-12-14,2023-12-21,Winter,Cash,19913.32,13762.66,1396.66,3439.91,3495.22,1173.63,40834.14,7,40834.14,8166.83,5833.45
4965,160,357,38,2023-07-15,2023-08-05,2023-08-11,Monsoon,Cash,58379.22,11029.75,2751.52,3120.78,679.99,3588.05,72373.21,6,72373.21,14474.64,12062.2
4966,358,312,93,2024-03-08,2024-05-02,2024-05-04,Summer,Credit Card,3847.78,5571.69,5229.5,20491.16,7480.39,257.28,42363.24,2,42363.24,8472.65,21181.62
4967,791,387,164,2024-06-10,2024-07-26,2024-07-31,Monsoon,Credit Card,27273.15,7385.66,3758.36,4096.38,600.5,1650.75,41463.3,5,41463.3,8292.66,8292.66
4968,408,36,106,2024-02-01,2024-02-14,2024-02-18,Winter,Net Banking,82405.16,15971.09,4774.56,2814.26,3601.9,5216.02,104350.95,4,104350.95,20870.19,26087.74
4969,821,443,38,2023-01-08,2023-02-06,2023-02-08,Winter,UPI,4592.44,1537.14,1608.58,5258.69,3866.39,201.42,16661.82,2,16661.82,3332.36,8330.91
4970,294,197,15,2024-06-16,2024-07-04,2024-07-09,Monsoon,Cash,28360.6,5494.55,3773.56,13959.24,1037.81,1169.76,51456.0,5,51456.0,10291.2,10291.2
4971,752,193,80,2024-04-12,2024-05-22,2024-05-24,Summer,Credit Card,11779.98,5823.81,6472.73,16783.77,3736.12,1436.34,43160.07,2,43160.07,8632.01,21580.04
4972,626,48,44,2024-05-24,2024-06-04,2024-06-07,Monsoon,Credit Card,56890.26,11734.53,6880.63,19560.14,3426.5,4285.12,94206.94,3,94206.94,18841.39,31402.31
4973,747,258,200,2023-05-29,2023-07-13,2023-07-20,Monsoon,Debit Card,47155.5,7438.23,4420.05,6963.12,817.85,1567.43,65227.32,7,65227.32,13045.46,9318.19
4974,705,155,47,2024-06-28,2024-08-01,2024-08-07,Monsoon,Credit Card,50988.96,34115.17,5905.52,12153.75,13071.29,979.14,115255.55,6,115255.55,23051.11,19209.26
4975,981,302,142,2024-11-23,2024-12-06,2024-12-09,Winter,Cash,13846.89,4964.15,9612.76,6222.02,2296.46,466.87,36475.41,3,36475.41,7295.08,12158.47
4976,82,186,112,2024-07-21,2024-09-16,2024-09-22,Autumn,Net Banking,32018.58,8669.2,4484.62,85.38,3549.6,3516.57,45290.81,6,45290.81,9058.16,7548.47
4977,704,293,50,2023-05-09,2023-07-03,2023-07-10,Monsoon,Debit Card,157417.89,3681.66,3644.17,3141.42,1304.98,8077.09,161113.03,7,161113.03,32222.61,23016.15
4978,813,159,92,2023-02-23,2023-03-17,2023-03-21,Summer,Credit Card,57902.36,7575.8,4335.66,6645.73,2472.92,4653.14,74279.33,4,74279.33,14855.87,18569.83
4979,713,268,144,2024-11-28,2024-12-07,2024-12-09,Winter,Net Banking,9543.48,3380.09,8265.44,4729.7,7146.16,645.85,32419.02,2,32419.02,6483.8,16209.51
4980,854,144,179,2023-01-27,2023-02-01,2023-02-07,Winter,Debit Card,6312.9,6244.99,7221.47,9596.73,6430.71,57.61,35749.19,6,35749.19,7149.84,5958.2
4981,797,215,19,2023-06-13,2023-08-05,2023-08-11,Monsoon,Debit Card,14875.56,20647.84,2447.26,2301.62,2209.67,1137.48,41344.47,6,41344.47,8268.89,6890.74
4982,21,45,159,2023-06-25,2023-07-15,2023-07-18,Monsoon,Cash,3763.35,1971.1,3296.92,8830.35,2690.66,361.97,20190.41,3,20190.41,4038.08,6730.14
4983,33,233,1,2023-09-20,2023-11-17,2023-11-23,Autumn,Cash,133193.7,42811.5,9804.24,32635.66,6212.61,1116.86,223540.85,6,223540.85,44708.17,37256.81
4984,343,218,81,2024-04-16,2024-05-08,2024-05-10,Summer,Credit Card,2530.0,12218.89,9870.45,32023.96,2840.89,26.06,59458.13,2,59458.13,11891.63,29729.06
4985,139,411,35,2024-04-21,2024-06-08,2024-06-14,Monsoon,Cash,7863.42,11363.21,2036.31,2100.43,827.61,740.05,23450.93,6,23450.93,4690.19,3908.49
4986,668,220,123,2023-02-15,2023-03-18,2023-03-24,Summer,Cash,16785.96,7197.42,3808.86,12861.46,1984.69,2187.81,40450.58,6,40450.58,8090.12,6741.76
4987,520,190,89,2023-06-26,2023-07-02,2023-07-06,Monsoon,UPI,46191.52,11275.08,3254.19,11635.83,3888.89,6017.68,70227.83,4,70227.83,14045.57,17556.96
4988,640,240,186,2023-03-18,2023-05-14,2023-05-19,Summer,Credit Card,48815.6,6747.31,4977.21,726.18,1346.17,6084.61,56527.86,5,56527.86,11305.57,11305.57
4989,868,294,119,2024-03-06,2024-04-08,2024-04-14,Summer,Net Banking,11651.16,13229.72,4872.18,17989.32,4313.42,201.5,51854.3,6,51854.3,10370.86,8642.38
4990,345,488,134,2023-04-12,2023-04-19,2023-04-22,Summer,UPI,2514.66,3260.44,3453.62,7528.4,2875.3,175.01,19457.41,3,19457.41,3891.48,6485.8
4991,998,255,56,2023-11-16,2023-12-21,2023-12-24,Winter,Net Banking,14601.45,2266.41,4346.79,7985.3,599.47,2064.03,27735.39,3,27735.39,5547.08,9245.13
4992,353,314,12,2023-10-13,2023-12-06,2023-12-08,Winter,UPI,20580.62,1222.87,4717.12,303.34,2594.65,1863.68,27554.92,2,27554.92,5510.98,13777.46
4993,179,320,176,2023-10-28,2023-12-24,2023-12-28,Winter,Cash,9540.76,7560.09,2730.14,2180.08,791.68,0.14,22802.61,4,22802.61,4560.52,5700.65
4994,904,168,85,2023-09-11,2023-10-15,2023-10-22,Autumn,Credit Card,17290.35,4095.01,3359.81,1660.83,3780.44,658.14,29528.3,7,29528.3,5905.66,4218.33
4995,350,431,73,2023-06-12,2023-07-17,2023-07-23,Monsoon,UPI,18510.78,30542.46,16831.81,8127.87,10083.25,894.69,83201.48,6,83201.48,16640.3,13866.91
4996,334,372,46,2024-02-06,2024-02-18,2024-02-24,Winter,Net Banking,9236.76,11625.08,7755.45,16048.24,5451.66,65.49,50051.7,6,50051.7,10010.34,8341.95
4997,196,445,196,2024-05-04,2024-06-07,2024-06-14,Monsoon,UPI,12806.71,8523.21,4011.03,358.18,744.17,122.45,26320.85,7,26320.85,5264.17,3760.12
4998,552,425,89,2023-10-30,2023-12-24,2023-12-29,Winter,Net Banking,5438.65,18174.11,6326.76,4284.5,3987.41,150.98,38060.45,5,38060.45,7612.09,7612.09
4999,66,149,33,2024-08-23,2024-09-13,2024-09-17,Autumn,UPI,40331.88,4689.32,4569.45,665.46,3616.36,5648.37,48224.1,4,48224.1,9644.82,12056.02
5000,421,444,191,2024-04-12,2024-06-10,2024-06-13,Monsoon,Net Banking,19558.71,5284.72,8531.05,4921.54,4650.74,184.15,42762.61,3,42762.61,8552.52,14254.2
